N1_cm^-3,N2_cm^-3,sigma_c_V,K,BV_horizontal_V,BV_vertical_V,VBD_V,regime
1000000000000000.0,100000000000000.0,21.118846904241234,10.71026266289342,247.30724438609843,265.1618191317792,247.30724438609843,horizontal
1025041736227045.1,100000000000000.0,21.52402814100253,10.508546613366189,247.7102811681332,265.1618191317792,247.7102811681332,horizontal
1050083472454090.1,100000000000000.0,21.929209377763815,10.314284688680058,248.11331789769227,265.1618191317792,248.11331789769227,horizontal
1075125208681135.2,100000000000000.0,22.334390614525105,10.127071199741785,248.51635457066553,265.1618191317792,248.51635457066553,horizontal
1100166944908180.2,100000000000000.0,22.7395718512864,9.946529372256546,248.91939118264472,265.1618191317792,248.91939118264472,horizontal
1125208681135225.4,100000000000000.0,23.14475308804769,9.77230881575754,249.32242772890768,265.1618191317792,249.32242772890768,horizontal
1150250417362270.5,100000000000000.0,23.549934324808984,9.604083253910623,249.72546420440193,265.1618191317792,249.72546420440193,horizontal
1175292153589315.5,100000000000000.0,23.95511556157027,9.441548485159178,250.1285006037271,265.1618191317792,250.1285006037271,horizontal
1200333889816360.5,100000000000000.0,24.36029679833156,9.28442054689075,250.53153692111806,265.1618191317792,250.53153692111806,horizontal
1225375626043405.8,100000000000000.0,24.765478035092855,9.132434059817058,250.93457315042608,265.1618191317792,250.93457315042608,horizontal
1250417362270450.8,100000000000000.0,25.17065927185414,8.985340732260681,251.33760928510014,265.1618191317792,251.33760928510014,horizontal
1275459098497495.8,100000000000000.0,25.575840508615432,8.842908006615339,251.74064531816776,265.1618191317792,251.74064531816776,horizontal
1300500834724541.0,100000000000000.0,25.981021745376722,8.70491783245912,252.14368124221474,265.1618191317792,252.14368124221474,horizontal
1325542570951586.0,100000000000000.0,26.386202982138013,8.571165552706638,252.54671704936453,265.1618191317792,252.54671704936453,horizontal
1350584307178631.0,100000000000000.0,26.791384218899303,8.441458890833271,252.949752731257,265.1618191317792,252.949752731257,horizontal
1375626043405676.0,100000000000000.0,27.19656545566059,8.315617028630886,253.3527882790263,265.1618191317792,253.3527882790263,horizontal
1400667779632721.2,100000000000000.0,27.601746692421887,8.193469765192344,253.7558236832784,265.1618191317792,253.7558236832784,horizontal
1425709515859766.2,100000000000000.0,28.006927929183174,8.074856748898725,254.15885893406812,265.1618191317792,254.15885893406812,horizontal
1450751252086811.2,100000000000000.0,28.41210916594446,7.959626775121626,254.56189402087455,265.1618191317792,254.56189402087455,horizontal
1475792988313856.5,100000000000000.0,28.81729040270576,7.847637143172811,254.96492893257684,265.1618191317792,254.96492893257684,horizontal
1500834724540901.5,100000000000000.0,29.222471639467045,7.738753066750734,255.367963657429,265.1618191317792,255.367963657429,horizontal
1525876460767946.5,100000000000000.0,29.627652876228336,7.632847132762604,255.77099818303353,265.1618191317792,255.77099818303353,horizontal
1550918196994991.5,100000000000000.0,30.032834112989622,7.52979880395357,256.17403249631485,265.1618191317792,256.17403249631485,horizontal
1575959933222036.8,100000000000000.0,30.43801534975092,7.429493961260906,256.5770665834921,265.1618191317792,256.5770665834921,horizontal
1601001669449081.8,100000000000000.0,30.843196586512207,7.331824482240224,256.9801004300505,265.1618191317792,256.9801004300505,horizontal
1626043405676127.0,100000000000000.0,31.2483778232735,7.236687852289606,257.38313402071276,265.1618191317792,257.38313402071276,horizontal
1651085141903172.0,100000000000000.0,31.65355906003479,7.1439868057328635,257.7861673394093,265.1618191317792,257.7861673394093,horizontal
1676126878130217.0,100000000000000.0,32.05874029679608,7.053628994120237,258.1892003692477,265.1618191317792,258.1892003692477,horizontal
1701168614357262.0,100000000000000.0,32.46392153355737,6.96552667936866,258.59223309248193,265.1618191317792,258.59223309248193,horizontal
1726210350584307.0,100000000000000.0,32.869102770318655,6.879596449598157,258.9952654904798,265.1618191317792,258.9952654904798,horizontal
1751252086811352.2,100000000000000.0,33.274284007079956,6.795758955729804,259.39829754369055,265.1618191317792,259.39829754369055,horizontal
1776293823038397.2,100000000000000.0,33.67946524384124,6.713938667096844,259.8013292316112,265.1618191317792,259.8013292316112,horizontal
1801335559265442.5,100000000000000.0,34.08464648060254,6.63406364448678,260.2043605327521,265.1618191317792,260.2043605327521,horizontal
1826377295492487.5,100000000000000.0,34.48982771736382,6.556065329181095,260.60739142460193,265.1618191317792,260.60739142460193,horizontal
1851419031719532.5,100000000000000.0,34.89500895412511,6.479878346692217,261.01042188359145,265.1618191317792,261.01042188359145,horizontal
1876460767946577.5,100000000000000.0,35.300190190886404,6.405440324016922,261.4134518850568,265.1618191317792,261.4134518850568,horizontal
1901502504173622.5,100000000000000.0,35.7053714276477,6.332691719332448,261.8164814032017,265.1618191317792,261.8164814032017,horizontal
1926544240400667.8,100000000000000.0,36.110552664408985,6.2615756631580375,262.21951041105893,265.1618191317792,262.21951041105893,horizontal
1951585976627713.0,100000000000000.0,36.51573390117028,6.1920378100913425,262.62253888045086,265.1618191317792,262.62253888045086,horizontal
1976627712854758.0,100000000000000.0,36.92091513793157,6.124026200307368,263.02556678194946,265.1618191317792,263.02556678194946,horizontal
2001669449081803.0,100000000000000.0,37.32609637469286,6.0574911300780805,263.42859408483446,265.1618191317792,263.42859408483446,horizontal
2026711185308848.0,100000000000000.0,37.731277611454146,5.9923850306346385,263.83162075705184,265.1618191317792,263.83162075705184,horizontal
2051752921535893.0,100000000000000.0,38.13645884821544,5.928662354751781,264.2346467651708,265.1618191317792,264.2346467651708,horizontal
2076794657762938.2,100000000000000.0,38.54164008497673,5.866279470486086,264.6376720743393,265.1618191317792,264.6376720743393,horizontal
2101836393989983.2,100000000000000.0,38.94682132173802,5.8051945615471485,265.0406966482401,265.1618191317792,265.0406966482401,horizontal
2126878130217028.2,100000000000000.0,39.352002558499315,5.745367533823595,265.44372044904435,265.1618191317792,265.1618191317792,vertical
2151919866444073.5,100000000000000.0,39.7571837952606,5.686759927624857,265.8467434373649,265.1618191317792,265.1618191317792,vertical
2176961602671118.5,100000000000000.0,40.162365032021896,5.62933483523506,266.2497655722092,265.1618191317792,265.1618191317792,vertical
2202003338898163.5,100000000000000.0,40.56754626878318,5.573056823407629,266.65278681093,265.1618191317792,265.1618191317792,vertical
2227045075125208.8,100000000000000.0,40.972727505544476,5.517891860458596,267.0558071091764,265.1618191317792,265.1618191317792,vertical
2252086811352254.0,100000000000000.0,41.37790874230577,5.4638072476433805,267.45882642084246,265.1618191317792,265.1618191317792,vertical
2277128547579299.0,100000000000000.0,41.783089979067064,5.410771554526313,267.86184469801657,265.1618191317792,265.1618191317792,vertical
2302170283806344.0,100000000000000.0,42.18827121582835,5.358754558074418,268.2648618909283,265.1618191317792,265.1618191317792,vertical
2327212020033389.0,100000000000000.0,42.59345245258964,5.307727185227506,268.66787794789485,265.1618191317792,265.1618191317792,vertical
2352253756260434.0,100000000000000.0,42.99863368935094,5.257661458715257,269.07089281526675,265.1618191317792,265.1618191317792,vertical
2377295492487479.0,100000000000000.0,43.403814926112226,5.208530445909108,269.47390643737197,265.1618191317792,265.1618191317792,vertical
2402337228714524.0,100000000000000.0,43.80899616287351,5.160308210512474,269.87691875645913,265.1618191317792,265.1618191317792,vertical
2427378964941569.0,100000000000000.0,44.2141773996348,5.112969766907229,270.2799297126404,265.1618191317792,265.1618191317792,vertical
2452420701168614.0,100000000000000.0,44.61935863639609,5.066491036987594,270.6829392438319,265.1618191317792,265.1618191317792,vertical
2477462437395659.5,100000000000000.0,45.02453987315738,5.020848809324752,271.08594728569443,265.1618191317792,265.1618191317792,vertical
2502504173622704.5,100000000000000.0,45.429721109918674,4.976020700516653,271.48895377157237,265.1618191317792,265.1618191317792,vertical
2527545909849749.5,100000000000000.0,45.83490234667997,4.931985118587823,271.8919586324317,265.1618191317792,265.1618191317792,vertical
2552587646076794.5,100000000000000.0,46.240083583441255,4.888721228313404,272.29496179679666,265.1618191317792,265.1618191317792,vertical
2577629382303840.0,100000000000000.0,46.64526482020255,4.846208918350433,272.69796319068587,265.1618191317792,265.1618191317792,vertical
2602671118530885.0,100000000000000.0,47.050446056963835,4.804428770067432,273.10096273754664,265.1618191317792,265.1618191317792,vertical
2627712854757930.0,100000000000000.0,47.45562729372512,4.763362027970777,273.503960358189,265.1618191317792,265.1618191317792,vertical
2652754590984975.0,100000000000000.0,47.860808530486416,4.722990571633238,273.9069559707174,265.1618191317792,265.1618191317792,vertical
2677796327212020.0,100000000000000.0,48.2659897672477,4.68329688903642,274.30994949046254,265.1618191317792,265.1618191317792,vertical
2702838063439065.0,100000000000000.0,48.671171004009004,4.644264051244695,274.7129408299112,265.1618191317792,265.1618191317792,vertical
2727879799666110.0,100000000000000.0,49.07635224077029,4.605875688333699,275.1159298986352,265.1618191317792,265.1618191317792,vertical
2752921535893155.0,100000000000000.0,49.48153347753157,4.568115966501438,275.51891660321894,265.1618191317792,265.1618191317792,vertical
2777963272120200.0,100000000000000.0,49.886714714292864,4.53096956629483,275.92190084718635,265.1618191317792,265.1618191317792,vertical
2803005008347245.0,100000000000000.0,50.29189595105415,4.494421661888728,276.32488253092595,265.1618191317792,265.1618191317792,vertical
2828046744574290.5,100000000000000.0,50.69707718781546,4.458457901358539,276.72786155161504,265.1618191317792,265.1618191317792,vertical
2853088480801335.5,100000000000000.0,51.10225842457673,4.423064387891348,277.1308378031427,265.1618191317792,265.1618191317792,vertical
2878130217028380.5,100000000000000.0,51.50743966133803,4.3882276618837786,277.53381117603124,265.1618191317792,265.1618191317792,vertical
2903171953255426.0,100000000000000.0,51.91262089809933,4.353934683878254,277.93678155735705,265.1618191317792,265.1618191317792,vertical
2928213689482471.0,100000000000000.0,52.31780213486063,4.320172818292097,278.33974883066975,265.1618191317792,265.1618191317792,vertical
2953255425709516.0,100000000000000.0,52.7229833716219,4.286929817896887,278.74271287590955,265.1618191317792,265.1618191317792,vertical
2978297161936561.0,100000000000000.0,53.1281646083832,4.254193809007997,279.1456735693248,265.1618191317792,265.1618191317792,vertical
3003338898163606.0,100000000000000.0,53.53334584514449,4.221953277346705,279.54863078338684,265.1618191317792,265.1618191317792,vertical
3028380634390651.0,100000000000000.0,53.938527081905775,4.190197054539459,279.95158438670416,265.1618191317792,265.1618191317792,vertical
3053422370617696.0,100000000000000.0,54.34370831866706,4.158914305221121,280.3545342439355,265.1618191317792,265.1618191317792,vertical
3078464106844741.0,100000000000000.0,54.748889555428356,4.128094514710828,280.7574802157011,265.1618191317792,265.1618191317792,vertical
3103505843071786.0,100000000000000.0,55.154070792189636,4.0977274772310714,281.1604221584928,265.1618191317792,265.1618191317792,vertical
3128547579298831.0,100000000000000.0,55.55925202895093,4.067803284642238,281.56335992458344,265.1618191317792,265.1618191317792,vertical
3153589315525876.5,100000000000000.0,55.96443326571223,4.038312315666497,281.9662933619337,265.1618191317792,265.1618191317792,vertical
3178631051752921.5,100000000000000.0,56.369614502473524,4.009245225576416,282.36922231409864,265.1618191317792,265.1618191317792,vertical
3203672787979966.5,100000000000000.0,56.774795739234804,3.980592936325083,282.7721466201323,265.1618191317792,265.1618191317792,vertical
3228714524207011.5,100000000000000.0,57.1799769759961,3.9523466270958325,283.17506611449164,265.1618191317792,265.1618191317792,vertical
3253756260434056.5,100000000000000.0,57.585158212757385,3.9244977252509177,283.5779806269379,265.1618191317792,265.1618191317792,vertical
3278797996661102.0,100000000000000.0,57.99033944951869,3.8970378976596045,283.9808899824379,265.1618191317792,265.1618191317792,vertical
3303839732888147.0,100000000000000.0,58.39552068627997,3.8699590423872783,284.38379400106254,265.1618191317792,265.1618191317792,vertical
3328881469115192.0,100000000000000.0,58.80070192304127,3.8432532807281117,284.7866924978854,265.1618191317792,265.1618191317792,vertical
3353923205342237.0,100000000000000.0,59.20588315980255,3.816912949564891,285.18958528287885,265.1618191317792,265.1618191317792,vertical
3378964941569282.0,100000000000000.0,59.61106439656384,3.79093059404038,285.59247216080894,265.1618191317792,265.1618191317792,vertical
3404006677796327.0,100000000000000.0,60.01624563332513,3.76529896052553,285.9953529311291,265.1618191317792,265.1618191317792,vertical
3429048414023372.0,100000000000000.0,60.42142687008643,3.7400109898705933,286.39822738787205,265.1618191317792,265.1618191317792,vertical
3454090150250417.5,100000000000000.0,60.82660810684772,3.715059810925955,286.8010953195406,265.1618191317792,265.1618191317792,vertical
3479131886477462.5,100000000000000.0,61.23178934360901,3.6904387343201686,287.2039565089966,265.1618191317792,265.1618191317792,vertical
3504173622704507.5,100000000000000.0,61.636970580370296,3.6661412464833862,287.6068107333489,265.1618191317792,265.1618191317792,vertical
3529215358931552.5,100000000000000.0,62.04215181713159,3.642161003904951,288.00965776383896,265.1618191317792,265.1618191317792,vertical
3554257095158597.5,100000000000000.0,62.44733305389287,3.6184918276145135,288.41249736572587,265.1618191317792,265.1618191317792,vertical
3579298831385642.5,100000000000000.0,62.85251429065416,3.595127697876598,288.8153292981696,265.1618191317792,265.1618191317792,vertical
3604340567612687.5,100000000000000.0,63.25769552741546,3.5720627490890333,289.21815331411216,265.1618191317792,265.1618191317792,vertical
3629382303839733.0,100000000000000.0,63.66287676417676,3.5492912648761727,289.6209691601576,265.1618191317792,265.1618191317792,vertical
3654424040066778.0,100000000000000.0,64.06805800093804,3.526807673368289,290.0237765764509,265.1618191317792,265.1618191317792,vertical
3679465776293823.0,100000000000000.0,64.47323923769933,3.5046065426589275,290.4265752965547,265.1618191317792,265.1618191317792,vertical
3704507512520868.0,100000000000000.0,64.87842047446063,3.4826825764324703,290.8293650473243,265.1618191317792,265.1618191317792,vertical
3729549248747913.0,100000000000000.0,65.2836017112219,3.461030609754493,291.2321455487817,265.1618191317792,265.1618191317792,vertical
3754590984974958.0,100000000000000.0,65.6887829479832,3.4396456050178905,291.6349165139878,265.1618191317792,265.1618191317792,vertical
3779632721202003.0,100000000000000.0,66.0939641847445,3.4185226480380964,292.03767764891234,265.1618191317792,265.1618191317792,vertical
3804674457429048.5,100000000000000.0,66.49914542150579,3.3976569442910227,292.44042865230347,265.1618191317792,265.1618191317792,vertical
3829716193656093.5,100000000000000.0,66.90432665826708,3.377043815287678,292.84316921555444,265.1618191317792,265.1618191317792,vertical
3854757929883138.5,100000000000000.0,67.30950789502836,3.356678695079707,293.2458990225694,265.1618191317792,265.1618191317792,vertical
3879799666110183.5,100000000000000.0,67.71468913178965,3.336557126890356,293.64861774962736,265.1618191317792,265.1618191317792,vertical
3904841402337228.5,100000000000000.0,68.11987036855093,3.316674759865654,294.0513250652441,265.1618191317792,265.1618191317792,vertical
3929883138564273.5,100000000000000.0,68.52505160531223,3.297027345940827,294.454020630033,265.1618191317792,265.1618191317792,vertical
3954924874791319.0,100000000000000.0,68.93023284207354,3.2776107368172065,294.85670409656376,265.1618191317792,265.1618191317792,vertical
3979966611018364.0,100000000000000.0,69.33541407883483,3.2584208810451116,295.25937510921943,265.1618191317792,265.1618191317792,vertical
4005008347245409.0,100000000000000.0,69.74059531559611,3.2394538212083903,295.6620333040519,265.1618191317792,265.1618191317792,vertical
4030050083472454.0,100000000000000.0,70.1457765523574,3.220705691206514,296.06467830863534,265.1618191317792,265.1618191317792,vertical
4055091819699499.0,100000000000000.0,70.55095778911868,3.2021727136303086,296.4673097419182,265.1618191317792,265.1618191317792,vertical
4080133555926544.0,100000000000000.0,70.95613902587998,3.1838511972275647,296.86992721407347,265.1618191317792,265.1618191317792,vertical
4105175292153589.0,100000000000000.0,71.36132026264127,3.1657375344549674,297.27253032634655,265.1618191317792,265.1618191317792,vertical
4130217028380634.5,100000000000000.0,71.76650149940257,3.1478281991129258,297.675118670902,265.1618191317792,265.1618191317792,vertical
4155258764607679.5,100000000000000.0,72.17168273616386,3.130119744060053,298.0776918306684,265.1618191317792,265.1618191317792,vertical
4180300500834724.5,100000000000000.0,72.57686397292514,3.112608799004172,298.4802493791808,265.1618191317792,265.1618191317792,vertical
4205342237061769.5,100000000000000.0,72.98204520968643,3.0952920683668843,298.8827908804222,265.1618191317792,265.1618191317792,vertical
4230383973288814.5,100000000000000.0,73.38722644644773,3.078166329218851,299.2853158886623,265.1618191317792,265.1618191317792,vertical
4255425709515859.5,100000000000000.0,73.79240768320902,3.0612284292830703,299.6878239482949,265.1618191317792,265.1618191317792,vertical
4280467445742904.5,100000000000000.0,74.1975889199703,3.044475285003556,300.09031459367355,265.1618191317792,265.1618191317792,vertical
4305509181969950.0,100000000000000.0,74.6027701567316,3.02790387967692,300.4927873489447,265.1618191317792,265.1618191317792,vertical
4330550918196995.0,100000000000000.0,75.00795139349289,3.0115112616444923,300.8952417278794,265.1618191317792,265.1618191317792,vertical
4355592654424040.0,100000000000000.0,75.41313263025417,2.9952945425426973,301.2976772337031,265.1618191317792,265.1618191317792,vertical
4380634390651085.0,100000000000000.0,75.81831386701546,2.9792508956094936,301.70009335892297,265.1618191317792,265.1618191317792,vertical
4405676126878130.0,100000000000000.0,76.22349510377677,2.9633775540448184,302.102489585154,265.1618191317792,265.1618191317792,vertical
4430717863105175.0,100000000000000.0,76.62867634053805,2.9476718094230137,302.50486538294234,265.1618191317792,265.1618191317792,vertical
4455759599332220.0,100000000000000.0,77.03385757729934,2.9321310101553255,302.90722021158757,265.1618191317792,265.1618191317792,vertical
4480801335559265.5,100000000000000.0,77.43903881406064,2.916752560000652,303.3095535189618,265.1618191317792,265.1618191317792,vertical
4505843071786310.0,100000000000000.0,77.84422005082192,2.9015339166227685,303.7118647413279,265.1618191317792,265.1618191317792,vertical
4530884808013356.0,100000000000000.0,78.24940128758323,2.886472590192356,304.11415330315464,265.1618191317792,265.1618191317792,vertical
4555926544240400.0,100000000000000.0,78.65458252434449,2.8715661420322105,304.51641861693054,265.1618191317792,265.1618191317792,vertical
4580968280467446.0,100000000000000.0,79.0597637611058,2.85681218330408,304.91866008297524,265.1618191317792,265.1618191317792,vertical
4606010016694490.0,100000000000000.0,79.46494499786708,2.842208373735665,305.32087708924894,265.1618191317792,265.1618191317792,vertical
4631051752921536.0,100000000000000.0,79.87012623462837,2.827752420386317,305.72306901115945,265.1618191317792,265.1618191317792,vertical
4656093489148581.0,100000000000000.0,80.27530747138967,2.813442076450113,306.1252352113675,265.1618191317792,265.1618191317792,vertical
4681135225375626.0,100000000000000.0,80.68048870815096,2.7992751400949505,306.5273750395893,265.1618191317792,265.1618191317792,vertical
4706176961602671.0,100000000000000.0,81.08566994491225,2.7852494533364345,306.9294878323977,265.1618191317792,265.1618191317792,vertical
4731218697829716.0,100000000000000.0,81.49085118167353,2.771362900945327,307.33157291302024,265.1618191317792,265.1618191317792,vertical
4756260434056761.0,100000000000000.0,81.89603241843483,2.7576134093873996,307.7336295911359,265.1618191317792,265.1618191317792,vertical
4781302170283806.0,100000000000000.0,82.30121365519611,2.7439989457945817,308.13565716266885,265.1618191317792,265.1618191317792,vertical
4806343906510852.0,100000000000000.0,82.70639489195743,2.7305175169663114,308.5376549095802,265.1618191317792,265.1618191317792,vertical
4831385642737896.0,100000000000000.0,83.11157612871871,2.7171671684000884,308.9396220996577,265.1618191317792,265.1618191317792,vertical
4856427378964942.0,100000000000000.0,83.51675736548,2.703945983350195,309.34155798630246,265.1618191317792,265.1618191317792,vertical
4881469115191986.0,100000000000000.0,83.92193860224128,2.6908520819136807,309.74346180831435,265.1618191317792,265.1618191317792,vertical
4906510851419032.0,100000000000000.0,84.32711983900258,2.6778836201426506,310.14533278967394,265.1618191317792,265.1618191317792,vertical
4931552587646076.0,100000000000000.0,84.73230107576386,2.6650387891820078,310.5471701393229,265.1618191317792,265.1618191317792,vertical
4956594323873122.0,100000000000000.0,85.13748231252515,2.6523158144317796,310.9489730509415,265.1618191317792,265.1618191317792,vertical
4981636060100167.0,100000000000000.0,85.54266354928644,2.6397129547332296,311.3507407027239,265.1618191317792,265.1618191317792,vertical
5006677796327212.0,100000000000000.0,85.94784478604774,2.6272285015779566,311.7524722571507,265.1618191317792,265.1618191317792,vertical
5031719532554257.0,100000000000000.0,86.35302602280903,2.614860778339235,312.1541668607597,265.1618191317792,265.1618191317792,vertical
5056761268781302.0,100000000000000.0,86.75820725957031,2.602608139524861,312.5558236439129,265.1618191317792,265.1618191317792,vertical
5081803005008347.0,100000000000000.0,87.1633884963316,2.5904689700508117,312.9574417205625,265.1618191317792,265.1618191317792,vertical
5106844741235392.0,100000000000000.0,87.56856973309289,2.57844168453504,313.359020188013,265.1618191317792,265.1618191317792,vertical
5131886477462437.0,100000000000000.0,87.9737509698542,2.5665247266107523,313.76055812668164,265.1618191317792,265.1618191317792,vertical
5156928213689482.0,100000000000000.0,88.37893220661549,2.5547165682585504,314.1620545998553,265.1618191317792,265.1618191317792,vertical
5181969949916528.0,100000000000000.0,88.78411344337678,2.543015709156827,314.56350865344575,265.1618191317792,265.1618191317792,vertical
5207011686143572.0,100000000000000.0,89.18929468013806,2.5314206760498417,314.9649193157417,265.1618191317792,265.1618191317792,vertical
5232053422370618.0,100000000000000.0,89.59447591689936,2.5199300221329066,315.36628559715774,265.1618191317792,265.1618191317792,vertical
5257095158597662.0,100000000000000.0,89.99965715366064,2.50854232645416,315.7676064899813,265.1618191317792,265.1618191317792,vertical
5282136894824708.0,100000000000000.0,90.40483839042193,2.497256193332385,316.16888096811647,265.1618191317792,265.1618191317792,vertical
5307178631051753.0,100000000000000.0,90.81001962718322,2.486070251790389,316.5701079868248,265.1618191317792,265.1618191317792,vertical
5332220367278798.0,100000000000000.0,91.21520086394452,2.4749831550034536,316.97128648246365,265.1618191317792,265.1618191317792,vertical
5357262103505843.0,100000000000000.0,91.6203821007058,2.463993579762386,317.3724153722215,265.1618191317792,265.1618191317792,vertical
5382303839732888.0,100000000000000.0,92.02556333746709,2.4531002259507213,317.77349355385,265.1618191317792,265.1618191317792,vertical
5407345575959933.0,100000000000000.0,92.4307445742284,2.4423018160356493,318.17451990539365,265.1618191317792,265.1618191317792,vertical
5432387312186978.0,100000000000000.0,92.83592581098966,2.431597094572239,318.57549328491604,265.1618191317792,265.1618191317792,vertical
5457429048414023.0,100000000000000.0,93.24110704775097,2.420984827720548,318.9764125302235,265.1618191317792,265.1618191317792,vertical
5482470784641068.0,100000000000000.0,93.64628828451225,2.41046380277525,319.37727645858496,265.1618191317792,265.1618191317792,vertical
5507512520868113.0,100000000000000.0,94.05146952127355,2.4000328277073733,319.77808386644955,265.1618191317792,265.1618191317792,vertical
5532554257095158.0,100000000000000.0,94.45665075803484,2.3896907307178097,320.17883352916004,265.1618191317792,265.1618191317792,vertical
5557595993322204.0,100000000000000.0,94.86183199479613,2.37943635980223,320.57952420066454,265.1618191317792,265.1618191317792,vertical
5582637729549249.0,100000000000000.0,95.26701323155743,2.3692685823270665,320.98015461322336,265.1618191317792,265.1618191317792,vertical
5607679465776294.0,100000000000000.0,95.67219446831871,2.3591862846162384,321.38072347711375,265.1618191317792,265.1618191317792,vertical
5632721202003339.0,100000000000000.0,96.07737570508,2.3491883715482933,321.78122948033047,265.1618191317792,265.1618191317792,vertical
5657762938230384.0,100000000000000.0,96.4825569418413,2.339273766163676,322.1816712882837,265.1618191317792,265.1618191317792,vertical
5682804674457429.0,100000000000000.0,96.88773817860258,2.3294414092818077,322.58204754349333,265.1618191317792,265.1618191317792,vertical
5707846410684474.0,100000000000000.0,97.29291941536385,2.3196902591276967,322.98235686527937,265.1618191317792,265.1618191317792,vertical
5732888146911519.0,100000000000000.0,97.69810065212518,2.3100192909678112,323.3825978494492,265.1618191317792,265.1618191317792,vertical
5757929883138564.0,100000000000000.0,98.10328188888646,2.300427496754936,323.78276906798135,265.1618191317792,265.1618191317792,vertical
5782971619365609.0,100000000000000.0,98.50846312564775,2.2909138847817525,324.1828690687055,265.1618191317792,265.1618191317792,vertical
5808013355592654.0,100000000000000.0,98.91364436240903,2.281477479342901,324.58289637497813,265.1618191317792,265.1618191317792,vertical
5833055091819699.0,100000000000000.0,99.31882559917032,2.272117320405278,324.9828494853563,265.1618191317792,265.1618191317792,vertical
5858096828046744.0,100000000000000.0,99.72400683593162,2.262832463286329,325.3827268732655,265.1618191317792,265.1618191317792,vertical
5883138564273789.0,100000000000000.0,100.1291880726929,2.2536219783401155,325.78252698666455,265.1618191317792,265.1618191317792,vertical
5908180300500835.0,100000000000000.0,100.53436930945419,2.244484950650935,326.1822482477073,265.1618191317792,265.1618191317792,vertical
5933222036727880.0,100000000000000.0,100.93955054621551,2.2354204797342803,326.5818890523992,265.1618191317792,265.1618191317792,vertical
5958263772954925.0,100000000000000.0,101.34473178297678,2.226427679244936,326.98144777025027,265.1618191317792,265.1618191317792,vertical
5983305509181970.0,100000000000000.0,101.74991301973806,2.2175056766919967,327.3809227439241,265.1618191317792,265.1618191317792,vertical
6008347245409015.0,100000000000000.0,102.15509425649935,2.208653613160643,327.7803122888827,265.1618191317792,265.1618191317792,vertical
6033388981636060.0,100000000000000.0,102.56027549326066,2.1998706430404615,328.1796146930269,265.1618191317792,265.1618191317792,vertical
6058430717863105.0,100000000000000.0,102.96545673002194,2.1911559337601414,328.5788282163326,265.1618191317792,265.1618191317792,vertical
6083472454090150.0,100000000000000.0,103.37063796678324,2.1825086655283608,328.97795109048263,265.1618191317792,265.1618191317792,vertical
6108514190317195.0,100000000000000.0,103.77581920354451,2.1739280310807114,329.37698151849395,265.1618191317792,265.1618191317792,vertical
6133555926544240.0,100000000000000.0,104.18100044030582,2.165413235432477,329.7759176743408,265.1618191317792,265.1618191317792,vertical
6158597662771285.0,100000000000000.0,104.5861816770671,2.15696349563712,330.17475770257266,265.1618191317792,265.1618191317792,vertical
6183639398998330.0,100000000000000.0,104.99136291382838,2.1485780405503085,330.5734997179281,265.1618191317792,265.1618191317792,vertical
6208681135225375.0,100000000000000.0,105.39654415058968,2.14025611059935,330.9721418049434,265.1618191317792,265.1618191317792,vertical
6233722871452421.0,100000000000000.0,105.80172538735098,2.131996957557871,331.37068201755665,265.1618191317792,265.1618191317792,vertical
6258764607679466.0,100000000000000.0,106.20690662411226,2.123799844325613,331.7691183787068,265.1618191317792,265.1618191317792,vertical
6283806343906511.0,100000000000000.0,106.61208786087357,2.1156640447131903,332.16744887992735,265.1618191317792,265.1618191317792,vertical
6308848080133556.0,100000000000000.0,107.01726909763484,2.107588843231711,332.56567148093575,265.1618191317792,265.1618191317792,vertical
6333889816360601.0,100000000000000.0,107.42245033439615,2.0995735348870888,332.963784109217,265.1618191317792,265.1618191317792,vertical
6358931552587646.0,100000000000000.0,107.82763157115744,2.091617424978958,333.3617846596016,265.1618191317792,265.1618191317792,vertical
6383973288814691.0,100000000000000.0,108.23281280791872,2.0837198289040506,333.7596709938393,265.1618191317792,265.1618191317792,vertical
6409015025041736.0,100000000000000.0,108.63799404468,2.0758800719639154,334.1574409401657,265.1618191317792,265.1618191317792,vertical
6434056761268781.0,100000000000000.0,109.04317528144131,2.06809748917689,334.5550922928656,265.1618191317792,265.1618191317792,vertical
6459098497495826.0,100000000000000.0,109.44835651820259,2.0603714250941785,334.9526228118274,265.1618191317792,265.1618191317792,vertical
6484140233722871.0,100000000000000.0,109.85353775496388,2.052701233619959,335.350030222095,265.1618191317792,265.1618191317792,vertical
6509181969949916.0,100000000000000.0,110.25871899172516,2.0450862778353978,335.7473122134115,265.1618191317792,265.1618191317792,vertical
6534223706176961.0,100000000000000.0,110.66390022848645,2.0375259298264776,336.1444664397579,265.1618191317792,265.1618191317792,vertical
6559265442404006.0,100000000000000.0,111.06908146524775,2.030019570515539,336.5414905188854,265.1618191317792,265.1618191317792,vertical
6584307178631052.0,100000000000000.0,111.47426270200906,2.022566589496436,336.9383820318413,265.1618191317792,265.1618191317792,vertical
6609348914858097.0,100000000000000.0,111.87944393877032,2.015166384873223,337.33513852248853,265.1618191317792,265.1618191317792,vertical
6634390651085142.0,100000000000000.0,112.28462517553164,2.007818363102265,337.731757497019,265.1618191317792,265.1618191317792,vertical
6659432387312187.0,100000000000000.0,112.68980641229292,2.0005219388377125,338.12823642345967,265.1618191317792,265.1618191317792,vertical
6684474123539232.0,100000000000000.0,113.0949876490542,1.9932765347802177,338.5245727311725,265.1618191317792,265.1618191317792,vertical
6709515859766277.0,100000000000000.0,113.5001688858155,1.9860815815288437,338.9207638103468,265.1618191317792,265.1618191317792,vertical
6734557595993322.0,100000000000000.0,113.90535012257679,1.9789365174360696,339.3168070114851,265.1618191317792,265.1618191317792,vertical
6759599332220367.0,100000000000000.0,114.31053135933809,1.9718407884658125,339.7126996448813,265.1618191317792,265.1618191317792,vertical
6784641068447412.0,100000000000000.0,114.71571259609937,1.964793848054398,340.1084389800918,265.1618191317792,265.1618191317792,vertical
6809682804674457.0,100000000000000.0,115.12089383286065,1.9577951569743988,340.50402224539914,265.1618191317792,265.1618191317792,vertical
6834724540901502.0,100000000000000.0,115.52607506962195,1.9508441832012724,340.8994466272675,265.1618191317792,265.1618191317792,vertical
6859766277128547.0,100000000000000.0,115.93125630638323,1.943940401782731,341.29470926979064,265.1618191317792,265.1618191317792,vertical
6884808013355592.0,100000000000000.0,116.33643754314451,1.937083294710765,341.689807274132,265.1618191317792,265.1618191317792,vertical
6909849749582638.0,100000000000000.0,116.74161877990583,1.9302723507962707,342.0847376979567,265.1618191317792,265.1618191317792,vertical
6934891485809683.0,100000000000000.0,117.14680001666713,1.9235070655462012,342.4794975548542,265.1618191317792,265.1618191317792,vertical
6959933222036728.0,100000000000000.0,117.55198125342841,1.916786941043188,342.8740838137536,265.1618191317792,265.1618191317792,vertical
6984974958263773.0,100000000000000.0,117.9571624901897,1.9101114858275698,343.26849339833007,265.1618191317792,265.1618191317792,vertical
7010016694490818.0,100000000000000.0,118.36234372695098,1.903480214781768,343.6627231864011,265.1618191317792,265.1618191317792,vertical
7035058430717863.0,100000000000000.0,118.76752496371228,1.8968926490169529,344.0567700093155,265.1618191317792,265.1618191317792,vertical
7060100166944908.0,100000000000000.0,119.17270620047357,1.8903483157619432,344.45063065133166,265.1618191317792,265.1618191317792,vertical
7085141903171953.0,100000000000000.0,119.57788743723485,1.8838467482542849,344.8443018489866,265.1618191317792,265.1618191317792,vertical
7110183639398998.0,100000000000000.0,119.98306867399613,1.8773874856334558,345.237780290456,265.1618191317792,265.1618191317792,vertical
7135225375626043.0,100000000000000.0,120.38824991075744,1.8709700728361423,345.631062614903,265.1618191317792,265.1618191317792,vertical
7160267111853088.0,100000000000000.0,120.79343114751872,1.8645940604935447,346.02414541181804,265.1618191317792,265.1618191317792,vertical
7185308848080133.0,100000000000000.0,121.19861238428001,1.8582590048306473,346.41702522034757,265.1618191317792,265.1618191317792,vertical
7210350584307178.0,100000000000000.0,121.60379362104132,1.8519644675674245,346.8096985286121,265.1618191317792,265.1618191317792,vertical
7235392320534223.0,100000000000000.0,122.00897485780258,1.8457100158219188,347.2021617730135,265.1618191317792,265.1618191317792,vertical
7260434056761269.0,100000000000000.0,122.41415609456391,1.8394952220151546,347.59441133753154,265.1618191317792,265.1618191317792,vertical
7285475792988314.0,100000000000000.0,122.81933733132519,1.833319663777846,347.98644355300814,265.1618191317792,265.1618191317792,vertical
7310517529215359.0,100000000000000.0,123.22451856808647,1.8271829238588384,348.3782546964204,265.1618191317792,265.1618191317792,vertical
7335559265442404.0,100000000000000.0,123.62969980484777,1.8210845900352672,348.76984099014214,265.1618191317792,265.1618191317792,vertical
7360601001669449.0,100000000000000.0,124.03488104160905,1.8150242550243711,349.16119860119204,265.1618191317792,265.1618191317792,vertical
7385642737896494.0,100000000000000.0,124.44006227837033,1.8090015163969269,349.55232364047026,265.1618191317792,265.1618191317792,vertical
7410684474123539.0,100000000000000.0,124.84524351513163,1.8030159764922704,349.943212161982,265.1618191317792,265.1618191317792,vertical
7435726210350584.0,100000000000000.0,125.25042475189292,1.7970672423348613,350.3338601620472,265.1618191317792,265.1618191317792,vertical
7460767946577629.0,100000000000000.0,125.65560598865422,1.7911549255523527,350.7242635784979,265.1618191317792,265.1618191317792,vertical
7485809682804674.0,100000000000000.0,126.0607872254155,1.7852786422951334,351.11441828986096,265.1618191317792,265.1618191317792,vertical
7510851419031719.0,100000000000000.0,126.46596846217678,1.7794380131573044,351.50432011452693,265.1618191317792,265.1618191317792,vertical
7535893155258764.0,100000000000000.0,126.8711496989381,1.7736326630990549,351.8939648099045,265.1618191317792,265.1618191317792,vertical
7560934891485809.0,100000000000000.0,127.27633093569938,1.7678622213704078,352.28334807156006,265.1618191317792,265.1618191317792,vertical
7585976627712855.0,100000000000000.0,127.68151217246067,1.7621263214362903,352.67246553234173,265.1618191317792,265.1618191317792,vertical
7611018363939900.0,100000000000000.0,128.08669340922197,1.7564246009029145,353.06131276148864,265.1618191317792,265.1618191317792,vertical
7636060100166945.0,100000000000000.0,128.49187464598327,1.7507567014454204,353.4498852637234,265.1618191317792,265.1618191317792,vertical
7661101836393990.0,100000000000000.0,128.89705588274455,1.745122268736759,353.83817847832853,265.1618191317792,265.1618191317792,vertical
7686143572621035.0,100000000000000.0,129.30223711950583,1.7395209523777804,354.2261877782062,265.1618191317792,265.1618191317792,vertical
7711185308848080.0,100000000000000.0,129.7074183562671,1.733952405828504,354.6139084689207,265.1618191317792,265.1618191317792,vertical
7736227045075125.0,100000000000000.0,130.11259959302842,1.7284162863405315,355.0013357877231,265.1618191317792,265.1618191317792,vertical
7761268781302170.0,100000000000000.0,130.5177808297897,1.7229122548905869,355.3884649025581,265.1618191317792,265.1618191317792,vertical
7786310517529215.0,100000000000000.0,130.92296206655098,1.7174399761151413,355.77529091105185,265.1618191317792,265.1618191317792,vertical
7811352253756260.0,100000000000000.0,131.32814330331226,1.7119991182461098,356.1618088394816,265.1618191317792,265.1618191317792,vertical
7836393989983305.0,100000000000000.0,131.73332454007357,1.7065893530475824,356.54801364172494,265.1618191317792,265.1618191317792,vertical
7861435726210350.0,100000000000000.0,132.13850577683485,1.7012103557535707,356.9339001981893,265.1618191317792,265.1618191317792,vertical
7886477462437395.0,100000000000000.0,132.54368701359616,1.6958618050067358,357.3194633147212,265.1618191317792,265.1618191317792,vertical
7911519198664440.0,100000000000000.0,132.94886825035744,1.690543382798087,357.70469772149386,265.1618191317792,265.1618191317792,vertical
7936560934891486.0,100000000000000.0,133.35404948711874,1.6852547744076065,358.0895980718738,265.1618191317792,265.1618191317792,vertical
7961602671118531.0,100000000000000.0,133.75923072388005,1.6799956683457973,358.47415894126465,265.1618191317792,265.1618191317792,vertical
7986644407345576.0,100000000000000.0,134.16441196064133,1.6747657562961127,358.858374825928,265.1618191317792,265.1618191317792,vertical
8011686143572621.0,100000000000000.0,134.5695931974026,1.6695647330582561,359.24224014178225,265.1618191317792,265.1618191317792,vertical
8036727879799666.0,100000000000000.0,134.97477443416392,1.6643922964923221,359.62574922317515,265.1618191317792,265.1618191317792,vertical
8061769616026711.0,100000000000000.0,135.3799556709252,1.6592481474637593,360.0088963216337,265.1618191317792,265.1618191317792,vertical
8086811352253756.0,100000000000000.0,135.78513690768648,1.6541319897891302,360.39167560458736,265.1618191317792,265.1618191317792,vertical
8111853088480801.0,100000000000000.0,136.19031814444776,1.6490435301826505,360.77408115406615,265.1618191317792,265.1618191317792,vertical
8136894824707846.0,100000000000000.0,136.59549938120907,1.6439824782034806,361.1561069653712,265.1618191317792,265.1618191317792,vertical
8161936560934891.0,100000000000000.0,137.00068061797035,1.6389485462037556,361.5377469457179,265.1618191317792,265.1618191317792,vertical
8186978297161936.0,100000000000000.0,137.40586185473163,1.6339414492773265,361.91899491285193,265.1618191317792,265.1618191317792,vertical
8212020033388981.0,100000000000000.0,137.81104309149293,1.628960905209195,362.29984459363465,265.1618191317792,265.1618191317792,vertical
8237061769616026.0,100000000000000.0,138.21622432825424,1.6240066344256237,362.68028962259945,265.1618191317792,265.1618191317792,vertical
8262103505843072.0,100000000000000.0,138.62140556501552,1.6190783599449001,363.0603235404777,265.1618191317792,265.1618191317792,vertical
8287145242070117.0,100000000000000.0,139.0265868017768,1.6141758073287313,363.4399397926928,265.1618191317792,265.1618191317792,vertical
8312186978297162.0,100000000000000.0,139.4317680385381,1.6092987046342584,363.81913172782185,265.1618191317792,265.1618191317792,vertical
8337228714524207.0,100000000000000.0,139.8369492752994,1.604446782366665,364.1978925960241,265.1618191317792,265.1618191317792,vertical
8362270450751252.0,100000000000000.0,140.24213051206067,1.5996197734323614,364.5762155474348,265.1618191317792,265.1618191317792,vertical
8387312186978297.0,100000000000000.0,140.64731174882198,1.5948174130927302,364.954093630525,265.1618191317792,265.1618191317792,vertical
8412353923205342.0,100000000000000.0,141.05249298558326,1.5900394389184114,365.3315197904232,265.1618191317792,265.1618191317792,vertical
8437395659432387.0,100000000000000.0,141.45767422234456,1.5852855907441072,365.70848686720154,265.1618191317792,265.1618191317792,vertical
8462437395659432.0,100000000000000.0,141.86285545910584,1.5805556106238954,366.0849875941223,265.1618191317792,265.1618191317792,vertical
8487479131886477.0,100000000000000.0,142.26803669586712,1.5758492427870259,366.46101459584617,265.1618191317792,265.1618191317792,vertical
8512520868113522.0,100000000000000.0,142.67321793262843,1.5711662335941847,366.83656038659853,265.1618191317792,265.1618191317792,vertical
8537562604340567.0,100000000000000.0,143.0783991693897,1.5665063314942143,367.2116173682952,265.1618191317792,265.1618191317792,vertical
8562604340567612.0,100000000000000.0,143.483580406151,1.5618692869812607,367.58617782862444,265.1618191317792,265.1618191317792,vertical
8587646076794657.0,100000000000000.0,143.8887616429123,1.5572548525523415,367.96023393908473,265.1618191317792,265.1618191317792,vertical
8612687813021703.0,100000000000000.0,144.29394287967358,1.5526627826653123,368.3337777529772,265.1618191317792,265.1618191317792,vertical
8637729549248748.0,100000000000000.0,144.6991241164349,1.5480928336972122,368.7068012033512,265.1618191317792,265.1618191317792,vertical
8662771285475793.0,100000000000000.0,145.10430535319617,1.5435447639029758,369.07929610090065,265.1618191317792,265.1618191317792,vertical
8687813021702838.0,100000000000000.0,145.50948658995745,1.5390183333744938,369.451254131812,265.1618191317792,265.1618191317792,vertical
8712854757929883.0,100000000000000.0,145.91466782671873,1.5345133040000007,369.8226668555595,265.1618191317792,265.1618191317792,vertical
8737896494156928.0,100000000000000.0,146.31984906348004,1.5300294394237808,370.1935257026486,265.1618191317792,265.1618191317792,vertical
8762938230383973.0,100000000000000.0,146.72503030024131,1.5255665050061653,370.56382197230414,265.1618191317792,265.1618191317792,vertical
8787979966611018.0,100000000000000.0,147.1302115370026,1.5211242677838124,370.93354683010307,265.1618191317792,265.1618191317792,vertical
8813021702838063.0,100000000000000.0,147.53539277376393,1.5167024964302476,371.3026913055488,265.1618191317792,265.1618191317792,vertical
8838063439065108.0,100000000000000.0,147.94057401052518,1.5123009612166545,371.671246289586,265.1618191317792,265.1618191317792,vertical
8863105175292153.0,100000000000000.0,148.3457552472865,1.507919433972881,372.0392025320543,265.1618191317792,265.1618191317792,vertical
8888146911519198.0,100000000000000.0,148.75093648404777,1.5035576880486743,372.4065506390778,265.1618191317792,265.1618191317792,vertical
8913188647746243.0,100000000000000.0,149.15611772080908,1.4992154982750923,372.77328107039017,265.1618191317792,265.1618191317792,vertical
8938230383973289.0,100000000000000.0,149.5612989575704,1.4948926409261034,373.1393841365913,265.1618191317792,265.1618191317792,vertical
8963272120200334.0,100000000000000.0,149.96648019433167,1.490588893680338,373.5048499963348,265.1618191317792,265.1618191317792,vertical
8988313856427379.0,100000000000000.0,150.37166143109295,1.4863040355829824,373.8696686534443,265.1618191317792,265.1618191317792,vertical
9013355592654424.0,100000000000000.0,150.77684266785423,1.4820378470077977,374.23382995395434,265.1618191317792,265.1618191317792,vertical
9038397328881468.0,100000000000000.0,151.1820239046155,1.4777901096192396,374.59732358307576,265.1618191317792,265.1618191317792,vertical
9063439065108514.0,100000000000000.0,151.5872051413768,1.47356060633467,374.960139062082,265.1618191317792,265.1618191317792,vertical
9088480801335560.0,100000000000000.0,151.99238637813812,1.4693491212866325,375.3222657451137,265.1618191317792,265.1618191317792,vertical
9113522537562604.0,100000000000000.0,152.3975676148994,1.46515543978518,375.68369281589906,265.1618191317792,265.1618191317792,vertical
9138564273789648.0,100000000000000.0,152.80274885166065,1.4609793482802305,376.04440928438754,265.1618191317792,265.1618191317792,vertical
9163606010016694.0,100000000000000.0,153.207930088422,1.4568206343239352,376.404403983294,265.1618191317792,265.1618191317792,vertical
9188647746243740.0,100000000000000.0,153.61311132518327,1.452679086533042,376.763665564549,265.1618191317792,265.1618191317792,vertical
9213689482470784.0,100000000000000.0,154.01829256194458,1.4485544945512232,377.1221824956546,265.1618191317792,265.1618191317792,vertical
9238731218697828.0,100000000000000.0,154.42347379870583,1.444446649011363,377.47994305594045,265.1618191317792,265.1618191317792,vertical
9263772954924874.0,100000000000000.0,154.82865503546714,1.4403553414977677,377.8369353327175,265.1618191317792,265.1618191317792,vertical
9288814691151920.0,100000000000000.0,155.23383627222844,1.4362803645082955,378.19314721732576,265.1618191317792,265.1618191317792,vertical
9313856427378964.0,100000000000000.0,155.63901750898972,1.432221511416365,378.54856640107306,265.1618191317792,265.1618191317792,vertical
9338898163606010.0,100000000000000.0,156.044198745751,1.428178576432837,378.90318037106033,265.1618191317792,265.1618191317792,vertical
9363939899833056.0,100000000000000.0,156.44937998251234,1.4241513545677367,379.2569764058898,265.1618191317792,265.1618191317792,vertical
9388981636060100.0,100000000000000.0,156.8545612192736,1.4201396415918008,379.60994157125197,265.1618191317792,265.1618191317792,vertical
9414023372287144.0,100000000000000.0,157.25974245603487,1.4161432339978157,379.9620627153877,265.1618191317792,265.1618191317792,vertical
9439065108514190.0,100000000000000.0,157.66492369279618,1.4121619289617349,380.31332646441996,265.1618191317792,265.1618191317792,vertical
9464106844741236.0,100000000000000.0,158.0701049295575,1.4081955243035447,380.663719217552,265.1618191317792,265.1618191317792,vertical
9489148580968280.0,100000000000000.0,158.47528616631874,1.4042438184478487,381.0132271421257,265.1618191317792,265.1618191317792,vertical
9514190317195324.0,100000000000000.0,158.88046740308005,1.400306610384153,381.36183616853697,265.1618191317792,265.1618191317792,vertical
9539232053422370.0,100000000000000.0,159.28564863984133,1.3963836996268206,381.7095319850008,265.1618191317792,265.1618191317792,vertical
9564273789649416.0,100000000000000.0,159.69082987660263,1.3924748861746665,382.05630003216294,265.1618191317792,265.1618191317792,vertical
9589315525876460.0,100000000000000.0,160.09601111336391,1.388579970470171,382.4021254975509,265.1618191317792,265.1618191317792,vertical
9614357262103506.0,100000000000000.0,160.5011923501252,1.3846987533582684,382.7469933098592,265.1618191317792,265.1618191317792,vertical
9639398998330552.0,100000000000000.0,160.90637358688653,1.3808310360447016,383.0908881330629,265.1618191317792,265.1618191317792,vertical
9664440734557596.0,100000000000000.0,161.31155482364778,1.3769766200538882,383.4337943603518,265.1618191317792,265.1618191317792,vertical
9689482470784640.0,100000000000000.0,161.71673606040906,1.3731353071862822,383.7756961078818,265.1618191317792,265.1618191317792,vertical
9714524207011686.0,100000000000000.0,162.1219172971704,1.3693068994751898,384.11657720833193,265.1618191317792,265.1618191317792,vertical
9739565943238732.0,100000000000000.0,162.52709853393168,1.3654911991430096,384.45642120426413,265.1618191317792,265.1618191317792,vertical
9764607679465776.0,100000000000000.0,162.93227977069296,1.3616880085568526,384.79521134127583,265.1618191317792,265.1618191317792,vertical
9789649415692820.0,100000000000000.0,163.33746100745424,1.3578971301835168,385.1329305609384,265.1618191317792,265.1618191317792,vertical
9814691151919866.0,100000000000000.0,163.74264224421555,1.3541183665437644,385.4695614935127,265.1618191317792,265.1618191317792,vertical
9839732888146912.0,100000000000000.0,164.14782348097685,1.3503515201658747,385.8050864504336,265.1618191317792,265.1618191317792,vertical
9864774624373956.0,100000000000000.0,164.5530047177381,1.34659639353842,386.13948741655486,265.1618191317792,265.1618191317792,vertical
9889816360601000.0,100000000000000.0,164.9581859544994,1.3428527890622224,386.4727460421437,265.1618191317792,265.1618191317792,vertical
9914858096828046.0,100000000000000.0,165.3633671912607,1.3391205090014586,386.8048436346168,265.1618191317792,265.1618191317792,vertical
9939899833055092.0,100000000000000.0,165.768548428022,1.3353993554338457,387.13576115000683,265.1618191317792,265.1618191317792,vertical
9964941569282136.0,100000000000000.0,166.17372966478325,1.331689130199877,387.46547918414797,265.1618191317792,265.1618191317792,vertical
9989983305509182.0,100000000000000.0,166.5789109015446,1.3279896348510438,387.79397796357136,265.1618191317792,265.1618191317792,vertical
1.0015025041736226e+16,100000000000000.0,166.98409213830584,1.3243006705970015,388.12123733609576,265.1618191317792,265.1618191317792,vertical
1.0040066777963272e+16,100000000000000.0,167.38927337506715,1.3206220382516123,388.44723676110465,265.1618191317792,265.1618191317792,vertical
1.0065108514190316e+16,100000000000000.0,167.79445461182846,1.3169535381778164,388.77195529949296,265.1618191317792,265.1618191317792,vertical
1.0090150250417362e+16,100000000000000.0,168.19963584858974,1.3132949702312695,389.09537160327375,265.1618191317792,265.1618191317792,vertical
1.0115191986644408e+16,100000000000000.0,168.60481708535104,1.3096461337026741,389.4174639048276,265.1618191317792,265.1618191317792,vertical
1.0140233722871452e+16,100000000000000.0,169.00999832211232,1.306006827258757,389.7382100057821,265.1618191317792,265.1618191317792,vertical
1.0165275459098498e+16,100000000000000.0,169.41517955887363,1.302376848881801,390.05758726550397,265.1618191317792,265.1618191317792,vertical
1.0190317195325542e+16,100000000000000.0,169.82036079563488,1.298755995807681,390.37557258918935,265.1618191317792,265.1618191317792,vertical
1.0215358931552588e+16,100000000000000.0,170.2255420323962,1.2951440644623107,390.6921424155337,265.1618191317792,265.1618191317792,vertical
1.0240400667779632e+16,100000000000000.0,170.63072326915747,1.2915408503964323,391.0072727039634,265.1618191317792,265.1618191317792,vertical
1.0265442404006678e+16,100000000000000.0,171.03590450591878,1.2879461482186603,391.3209389214115,265.1618191317792,265.1618191317792,vertical
1.0290484140233722e+16,100000000000000.0,171.44108574268003,1.2843597515266945,391.6331160286153,265.1618191317792,265.1618191317792,vertical
1.0315525876460768e+16,100000000000000.0,171.84626697944137,1.280781452836607,391.9437784659177,265.1618191317792,265.1618191317792,vertical
1.0340567612687812e+16,100000000000000.0,172.25144821620265,1.2772110435101176,392.25290013854783,265.1618191317792,265.1618191317792,vertical
1.0365609348914858e+16,100000000000000.0,172.65662945296393,1.273648313679741,392.5604544013593,265.1618191317792,265.1618191317792,vertical
1.0390651085141902e+16,100000000000000.0,173.06181068972523,1.270093052171711,392.8664140430012,265.1618191317792,265.1618191317792,vertical
1.0415692821368948e+16,100000000000000.0,173.46699192648651,1.2665450464265717,393.1707512694961,265.1618191317792,265.1618191317792,vertical
1.0440734557595992e+16,100000000000000.0,173.8721731632478,1.263004082417308,393.4734376871989,265.1618191317792,265.1618191317792,vertical
1.0465776293823038e+16,100000000000000.0,174.27735440000907,1.2594699445649011,393.77444428510614,265.1618191317792,265.1618191317792,vertical
1.0490818030050084e+16,100000000000000.0,174.68253563677038,1.2559424156511771,394.0737414164886,265.1618191317792,265.1618191317792,vertical
1.0515859766277128e+16,100000000000000.0,175.08771687353166,1.2524212767288097,394.37129877981255,265.1618191317792,265.1618191317792,vertical
1.0540901502504174e+16,100000000000000.0,175.49289811029297,1.2489063070283337,394.66708539891863,265.1618191317792,265.1618191317792,vertical
1.0565943238731218e+16,100000000000000.0,175.89807934705422,1.2453972838620206,394.96106960242173,265.1618191317792,265.1618191317792,vertical
1.0590984974958264e+16,100000000000000.0,176.30326058381556,1.2418939825244473,395.2532190022957,265.1618191317792,265.1618191317792,vertical
1.0616026711185308e+16,100000000000000.0,176.7084418205768,1.238396176189601,395.5435004716017,265.1618191317792,265.1618191317792,vertical
1.0641068447412354e+16,100000000000000.0,177.11362305733815,1.2349036358043284,395.83188012132234,265.1618191317792,265.1618191317792,vertical
1.0666110183639398e+16,100000000000000.0,177.51880429409943,1.2314161299779514,396.1183232762527,265.1618191317792,265.1618191317792,vertical
1.0691151919866444e+16,100000000000000.0,177.9239855308607,1.227933424867838,396.40279444990614,265.1618191317792,265.1618191317792,vertical
1.0716193656093488e+16,100000000000000.0,178.329166767622,1.2244552840607295,396.68525731838383,265.1618191317792,265.1618191317792,vertical
1.0741235392320534e+16,100000000000000.0,178.7343480043833,1.2209814684495912,396.96567469315545,265.1618191317792,265.1618191317792,vertical
1.0766277128547578e+16,100000000000000.0,179.13952924114457,1.217511736105752,397.2440084926976,265.1618191317792,265.1618191317792,vertical
1.0791318864774624e+16,100000000000000.0,179.54471047790585,1.2140458421460818,397.5202197129295,265.1618191317792,265.1618191317792,vertical
1.081636060100167e+16,100000000000000.0,179.94989171466716,1.2105835385949426,397.7942683963857,265.1618191317792,265.1618191317792,vertical
1.0841402337228714e+16,100000000000000.0,180.35507295142844,1.2071245742406296,398.06611360005917,265.1618191317792,265.1618191317792,vertical
1.086644407345576e+16,100000000000000.0,180.76025418818975,1.2036686944859993,398.3357133618455,265.1618191317792,265.1618191317792,vertical
1.0891485809682804e+16,100000000000000.0,181.165435424951,1.2002156411929756,398.6030246655132,265.1618191317792,265.1618191317792,vertical
1.091652754590985e+16,100000000000000.0,181.57061666171234,1.1967651525205807,398.86800340412236,265.1618191317792,265.1618191317792,vertical
1.0941569282136894e+16,100000000000000.0,181.9757978984736,1.1933169627561546,399.1306043418079,265.1618191317792,265.1618191317792,vertical
1.096661101836394e+16,100000000000000.0,182.3809791352349,1.1898708021393505,399.390781073837,265.1618191317792,265.1618191317792,vertical
1.0991652754590984e+16,100000000000000.0,182.7861603719962,1.1864263966785322,399.648485984848,265.1618191317792,265.1618191317792,vertical
1.101669449081803e+16,100000000000000.0,183.19134160875748,1.1829834679591134,399.90367020516805,265.1618191317792,265.1618191317792,vertical
1.1041736227045074e+16,100000000000000.0,183.5965228455188,1.1795417329433917,400.156283565103,265.1618191317792,265.1618191317792,vertical
1.106677796327212e+16,100000000000000.0,184.00170408228007,1.1761009037613848,400.40627454708454,265.1618191317792,265.1618191317792,vertical
1.1091819699499164e+16,100000000000000.0,184.40688531904135,1.172660687492134,400.65359023555146,265.1618191317792,265.1618191317792,vertical
1.111686143572621e+16,100000000000000.0,184.81206655580263,1.1692207859349284,400.8981762644365,265.1618191317792,265.1618191317792,vertical
1.1141903171953256e+16,100000000000000.0,185.21724779256397,1.1657808953698363,401.139976762116,265.1618191317792,265.1618191317792,vertical
1.11669449081803e+16,100000000000000.0,185.62242902932522,1.162340706306919,401.37893429367705,265.1618191317792,265.1618191317792,vertical
1.1191986644407346e+16,100000000000000.0,186.02761026608653,1.1588999032234248,401.6149898003392,265.1618191317792,265.1618191317792,vertical
1.121702838063439e+16,100000000000000.0,186.43279150284778,1.1554581642882482,401.848082535862,265.1618191317792,265.1618191317792,vertical
1.1242070116861436e+16,100000000000000.0,186.83797273960909,1.1520151610728506,402.0781499997547,265.1618191317792,265.1618191317792,vertical
1.126711185308848e+16,100000000000000.0,187.2431539763704,1.1485705582478207,402.3051278670928,265.1618191317792,265.1618191317792,vertical
1.1292153589315526e+16,100000000000000.0,187.6483352131317,1.145124013264152,402.52894991473,265.1618191317792,265.1618191317792,vertical
1.131719532554257e+16,100000000000000.0,188.05351644989298,1.1416751760182797,402.749547943681,265.1618191317792,265.1618191317792,vertical
1.1342237061769616e+16,100000000000000.0,188.45869768665426,1.138223688499834,402.966851697433,265.1618191317792,265.1618191317792,vertical
1.136727879799666e+16,100000000000000.0,188.86387892341554,1.134769184420985,403.1807887759235,265.1618191317792,265.1618191317792,vertical
1.1392320534223706e+16,100000000000000.0,189.26906016017682,1.1313112888261818,403.3912845449066,265.1618191317792,265.1618191317792,vertical
1.141736227045075e+16,100000000000000.0,189.67424139693807,1.1278496176809805,403.5982620404047,265.1618191317792,265.1618191317792,vertical
1.1442404006677796e+16,100000000000000.0,190.0794226336994,1.124383777438564,403.80164186791967,265.1618191317792,265.1618191317792,vertical
1.1467445742904842e+16,100000000000000.0,190.48460387046075,1.120913364582457,404.0013420960554,265.1618191317792,265.1618191317792,vertical
1.1492487479131886e+16,100000000000000.0,190.88978510722202,1.1174379651437856,404.1972781441707,265.1618191317792,265.1618191317792,vertical
1.1517529215358932e+16,100000000000000.0,191.2949663439833,1.1139571541913416,404.3893626636554,265.1618191317792,265.1618191317792,vertical
1.1542570951585976e+16,100000000000000.0,191.70014758074456,1.110470495292541,404.57750541238715,265.1618191317792,265.1618191317792,vertical
1.1567612687813022e+16,100000000000000.0,192.1053288175059,1.1069775399432138,404.7616131218907,265.1618191317792,265.1618191317792,vertical
1.1592654424040066e+16,100000000000000.0,192.51051005426717,1.1034778269640055,404.94158935668224,265.1618191317792,265.1618191317792,vertical
1.1617696160267112e+16,100000000000000.0,192.91569129102845,1.0999708818609513,405.11733436523605,265.1618191317792,265.1618191317792,vertical
1.1642737896494156e+16,100000000000000.0,193.32087252778976,1.0964562161476161,405.28874492196576,265.1618191317792,265.1618191317792,vertical
1.1667779632721202e+16,100000000000000.0,193.72605376455104,1.092933326625936,405.45571415955675,265.1618191317792,265.1618191317792,vertical
1.1692821368948246e+16,100000000000000.0,194.13123500131235,1.0894016946226532,405.61813139093056,265.1618191317792,265.1618191317792,vertical
1.1717863105175292e+16,100000000000000.0,194.53641623807366,1.0858607851779762,405.77588192005794,265.1618191317792,265.1618191317792,vertical
1.1742904841402336e+16,100000000000000.0,194.9415974748349,1.0823100461827702,405.9288468407665,265.1618191317792,265.1618191317792,vertical
1.1767946577629382e+16,100000000000000.0,195.3467787115962,1.0787489074602585,406.0769028226115,265.1618191317792,265.1618191317792,vertical
1.1792988313856426e+16,100000000000000.0,195.75195994835747,1.0751767797878564,406.21992188279387,265.1618191317792,265.1618191317792,vertical
1.1818030050083472e+16,100000000000000.0,196.15714118511875,1.0715930538543121,406.35777114301163,265.1618191317792,265.1618191317792,vertical
1.1843071786310518e+16,100000000000000.0,196.56232242188008,1.067997099146917,406.490312570029,265.1618191317792,265.1618191317792,vertical
1.1868113522537562e+16,100000000000000.0,196.9675036586414,1.0643882627630092,406.61740269862935,265.1618191317792,265.1618191317792,vertical
1.1893155258764608e+16,100000000000000.0,197.37268489540267,1.060765868139443,406.7388923354872,265.1618191317792,265.1618191317792,vertical
1.1918196994991652e+16,100000000000000.0,197.77786613216395,1.0571292136930737,406.8546262423524,265.1618191317792,265.1618191317792,vertical
1.1943238731218698e+16,100000000000000.0,198.18304736892523,1.0534775713646,406.9644427967761,265.1618191317792,265.1618191317792,vertical
1.1968280467445742e+16,100000000000000.0,198.5882286056865,1.0498101850573378,407.06817362843117,265.1618191317792,265.1618191317792,vertical
1.1993322203672788e+16,100000000000000.0,198.99340984244782,1.0461262689616038,407.165643228875,265.1618191317792,265.1618191317792,vertical
1.2018363939899832e+16,100000000000000.0,199.3985910792091,1.0424250057544469,407.25666853238226,265.1618191317792,265.1618191317792,vertical
1.2043405676126878e+16,100000000000000.0,199.80377231597038,1.0387055446633213,407.34105846521663,265.1618191317792,265.1618191317792,vertical
1.2068447412353922e+16,100000000000000.0,200.20895355273169,1.0349669993811061,407.4186134604337,265.1618191317792,265.1618191317792,vertical
1.2093489148580968e+16,100000000000000.0,200.61413478949297,1.0312084458184567,407.4891249349804,265.1618191317792,265.1618191317792,vertical
1.2118530884808012e+16,100000000000000.0,201.01931602625427,1.0274289196779178,407.55237472550266,265.1618191317792,265.1618191317792,vertical
1.2143572621035058e+16,100000000000000.0,201.42449726301558,1.0236274138324633,407.6081344788603,265.1618191317792,265.1618191317792,vertical
1.2168614357262104e+16,100000000000000.0,201.82967849977686,1.0198028754891069,407.65616499289126,265.1618191317792,265.1618191317792,vertical
1.2193656093489148e+16,100000000000000.0,202.23485973653814,1.0159542031159656,407.6962155024418,265.1618191317792,265.1618191317792,vertical
1.2218697829716194e+16,100000000000000.0,202.64004097329942,1.0120802431085663,407.7280229050861,265.1618191317792,265.1618191317792,vertical
1.2243739565943238e+16,100000000000000.0,203.04522221006073,1.0081797861682396,407.75131092028244,265.1618191317792,265.1618191317792,vertical
1.2268781302170284e+16,100000000000000.0,203.45040344682207,1.004251563362072,407.7657891749374,265.1618191317792,265.1618191317792,vertical
1.2293823038397328e+16,100000000000000.0,203.85558468358332,1.0002942418300513,407.7711522074701,265.1618191317792,265.1618191317792,vertical
1.2318864774624374e+16,100000000000000.0,204.2607659203446,0.9963064201005931,407.76707838144836,265.1618191317792,265.1618191317792,vertical
1.2343906510851418e+16,100000000000000.0,204.66594715710588,0.9922866229705913,407.75322869870797,265.1618191317792,265.1618191317792,vertical
1.2368948247078464e+16,100000000000000.0,205.07112839386716,0.9882332959002429,407.7292455005204,265.1618191317792,265.1618191317792,vertical
1.2393989983305508e+16,100000000000000.0,205.47630963062844,0.9841447988661398,407.6947510438199,265.1618191317792,265.1618191317792,vertical
1.2419031719532554e+16,100000000000000.0,205.88149086738977,0.9800193996082718,407.649345937705,265.1618191317792,265.1618191317792,vertical
1.2444073455759598e+16,100000000000000.0,206.28667210415105,0.9758552661974593,407.5926074233354,265.1618191317792,265.1618191317792,vertical
1.2469115191986644e+16,100000000000000.0,206.69185334091236,0.9716504588390897,407.5240874779117,265.1618191317792,265.1618191317792,vertical
1.249415692821369e+16,100000000000000.0,207.09703457767364,0.9674029208166148,407.4433107205746,265.1618191317792,265.1618191317792,vertical
1.2519198664440734e+16,100000000000000.0,207.50221581443492,0.9631104684636616,407.3497720947231,265.1618191317792,265.1618191317792,vertical
1.254424040066778e+16,100000000000000.0,207.90739705119623,0.9587707800364551,407.24293429732063,265.1618191317792,265.1618191317792,vertical
1.2569282136894824e+16,100000000000000.0,208.3125782879575,0.9543813833379793,407.1222249211195,265.1618191317792,265.1618191317792,vertical
1.259432387312187e+16,100000000000000.0,208.7177595247188,0.9499396419212747,406.9870332702409,265.1618191317792,265.1618191317792,vertical
1.2619365609348914e+16,100000000000000.0,209.12294076148007,0.9454427396707088,406.8367068030091,265.1618191317792,265.1618191317792,vertical
1.264440734557596e+16,100000000000000.0,209.52812199824135,0.9408876635259229,406.67054714814117,265.1618191317792,265.1618191317792,vertical
1.2669449081803004e+16,100000000000000.0,209.93330323500268,0.9362711840722451,406.48780563103634,265.1618191317792,265.1618191317792,vertical
1.269449081803005e+16,100000000000000.0,210.338484471764,0.9315898336720936,406.2876782356548,265.1618191317792,265.1618191317792,vertical
1.2719532554257094e+16,100000000000000.0,210.74366570852524,0.9268398817522812,406.06929991385704,265.1618191317792,265.1618191317792,vertical
1.274457429048414e+16,100000000000000.0,211.14884694528655,0.922017306789719,405.8317381375343,265.1618191317792,265.1618191317792,vertical
1.2769616026711184e+16,100000000000000.0,211.5540281820478,0.9171177644495381,405.57398556866207,265.1618191317792,265.1618191317792,vertical
1.279465776293823e+16,100000000000000.0,211.9592094188091,0.9121365512210269,405.294951697617,265.1618191317792,265.1618191317792,vertical
1.2819699499165276e+16,100000000000000.0,212.36439065557042,0.9070685627627371,404.9934532695031,265.1618191317792,265.1618191317792,vertical
1.284474123539232e+16,100000000000000.0,212.76957189233173,0.901908246001591,404.66820328025403,265.1618191317792,265.1618191317792,vertical
1.2869782971619366e+16,100000000000000.0,213.17475312909303,0.8966495438228919,404.3177982768519,265.1618191317792,265.1618191317792,vertical
1.289482470784641e+16,100000000000000.0,213.57993436585429,0.8912858309266285,403.9407036363795,265.1618191317792,265.1618191317792,vertical
1.2919866444073456e+16,100000000000000.0,213.98511560261556,0.8858098390944324,403.53523642317197,265.1618191317792,265.1618191317792,vertical
1.29449081803005e+16,100000000000000.0,214.39029683937684,0.8802135696893898,403.09954532713266,265.1618191317792,265.1618191317792,vertical
1.2969949916527546e+16,100000000000000.0,214.79547807613818,0.8744881906683597,402.6315870626856,265.1618191317792,265.1618191317792,vertical
1.299499165275459e+16,100000000000000.0,215.20065931289943,0.8686239146834489,402.12909844772935,265.1618191317792,265.1618191317792,vertical
1.3020033388981636e+16,100000000000000.0,215.60584054966074,0.8626098539302067,401.58956317270304,265.1618191317792,265.1618191317792,vertical
1.304507512520868e+16,100000000000000.0,216.01102178642202,0.8564338461873129,401.01017199381886,265.1618191317792,265.1618191317792,vertical
1.3070116861435726e+16,100000000000000.0,216.41620302318333,0.8500822448755705,400.38777471657824,265.1618191317792,265.1618191317792,vertical
1.309515859766277e+16,100000000000000.0,216.8213842599446,0.8435396637849508,399.7188218399659,265.1618191317792,265.1618191317792,vertical
1.3120200333889816e+16,100000000000000.0,217.22656549670592,0.8367886641466897,398.99929305586784,265.1618191317792,265.1618191317792,vertical
1.314524207011686e+16,100000000000000.0,217.63174673346717,0.8298093676230327,398.22460886506155,265.1618191317792,265.1618191317792,vertical
1.3170283806343906e+16,100000000000000.0,218.03692797022848,0.8225789730391613,397.3895202645926,265.1618191317792,265.1618191317792,vertical
1.3195325542570952e+16,100000000000000.0,218.44210920698976,0.8150711465098022,396.4879696043503,265.1618191317792,265.1618191317792,vertical
1.3220367278797996e+16,100000000000000.0,218.84729044375104,0.8072552428010518,395.51291302727356,265.1618191317792,265.1618191317792,vertical
1.3245409015025042e+16,100000000000000.0,219.25247168051237,0.7990952983823472,394.4560909591185,265.1618191317792,265.1618191317792,vertical
1.3270450751252086e+16,100000000000000.0,219.65765291727365,0.7905487105155813,393.30772718590345,265.1618191317792,265.1618191317792,vertical
1.3295492487479132e+16,100000000000000.0,220.06283415403496,0.7815644766393772,392.0561279574114,265.1618191317792,265.1618191317792,vertical
1.3320534223706176e+16,100000000000000.0,220.4680153907962,0.7720808051982913,390.6871382341914,265.1618191317792,265.1618191317792,vertical
1.3345575959933222e+16,100000000000000.0,220.87319662755752,0.7620218069008926,389.18338901766504,265.1618191317792,265.1618191317792,vertical
1.3370617696160266e+16,100000000000000.0,221.27837786431877,0.7512928046615566,387.5232309809625,265.1618191317792,265.1618191317792,vertical
1.3395659432387312e+16,100000000000000.0,221.6835591010801,0.7397735046290246,385.67918253592165,265.1618191317792,265.1618191317792,vertical
1.3420701168614356e+16,100000000000000.0,222.08874033784136,0.7273077360714404,383.61559927991476,265.1618191317792,265.1618191317792,vertical
1.3445742904841402e+16,100000000000000.0,222.4939215746027,0.7136874531759843,381.2850418103181,265.1618191317792,265.1618191317792,vertical
1.3470784641068446e+16,100000000000000.0,222.89910281136395,0.6986266505179057,378.6223564119135,265.1618191317792,265.1618191317792,vertical
1.3495826377295492e+16,100000000000000.0,223.30428404812525,0.6817164384203418,375.53448525341753,265.1618191317792,265.1618191317792,vertical
1.3520868113522538e+16,100000000000000.0,223.7094652848866,0.6623421546407542,371.88167453520936,265.1618191317792,265.1618191317792,vertical
1.3545909849749582e+16,100000000000000.0,224.11464652164784,0.6395161376122243,367.439579647501,265.1618191317792,265.1618191317792,vertical
1.3570951585976628e+16,100000000000000.0,224.51982775840915,0.6114969742164142,361.81302308426683,265.1618191317792,265.1618191317792,vertical
1.3595993322203672e+16,100000000000000.0,224.9250089951704,0.5747580494644688,354.2024684410126,265.1618191317792,265.1618191317792,vertical
1.3621035058430718e+16,100000000000000.0,225.33019023193168,0.5203177295020289,342.5734832016706,265.1618191317792,265.1618191317792,vertical
1.3646076794657762e+16,100000000000000.0,225.735371468693,0.4130273105595752,318.9702448445739,265.1618191317792,265.1618191317792,vertical
1.3671118530884808e+16,100000000000000.0,226.14055270545433,0.1333448690118928,256.2952350842402,265.1618191317792,256.2952350842402,horizontal
1.3696160267111852e+16,100000000000000.0,226.54573394221558,nan,nan,265.1618191317792,nan,outside-full-depletion-model
1.3721202003338898e+16,100000000000000.0,226.95091517897689,nan,nan,265.1618191317792,nan,outside-full-depletion-model
1.3746243739565942e+16,100000000000000.0,227.35609641573814,nan,nan,265.1618191317792,nan,outside-full-depletion-model
1.3771285475792988e+16,100000000000000.0,227.76127765249944,nan,nan,265.1618191317792,nan,outside-full-depletion-model
1.3796327212020032e+16,100000000000000.0,228.1664588892607,nan,nan,265.1618191317792,nan,outside-full-depletion-model
1.3821368948247078e+16,100000000000000.0,228.57164012602203,nan,nan,265.1618191317792,nan,outside-full-depletion-model
1.3846410684474124e+16,100000000000000.0,228.9768213627833,nan,nan,265.1618191317792,nan,outside-full-depletion-model
1.3871452420701168e+16,100000000000000.0,229.38200259954462,nan,nan,265.1618191317792,nan,outside-full-depletion-model
1.3896494156928214e+16,100000000000000.0,229.78718383630593,nan,nan,265.1618191317792,nan,outside-full-depletion-model
1.3921535893155258e+16,100000000000000.0,230.19236507306718,nan,nan,265.1618191317792,nan,outside-full-depletion-model
1.3946577629382304e+16,100000000000000.0,230.59754630982852,nan,nan,265.1618191317792,nan,outside-full-depletion-model
1.3971619365609348e+16,100000000000000.0,231.00272754658977,nan,nan,265.1618191317792,nan,outside-full-depletion-model
1.3996661101836394e+16,100000000000000.0,231.40790878335108,nan,nan,265.1618191317792,nan,outside-full-depletion-model
1.4021702838063438e+16,100000000000000.0,231.81309002011233,nan,nan,265.1618191317792,nan,outside-full-depletion-model
1.4046744574290484e+16,100000000000000.0,232.21827125687366,nan,nan,265.1618191317792,nan,outside-full-depletion-model
1.4071786310517528e+16,100000000000000.0,232.62345249363494,nan,nan,265.1618191317792,nan,outside-full-depletion-model
1.4096828046744574e+16,100000000000000.0,233.02863373039625,nan,nan,265.1618191317792,nan,outside-full-depletion-model
1.4121869782971618e+16,100000000000000.0,233.4338149671575,nan,nan,265.1618191317792,nan,outside-full-depletion-model
1.4146911519198664e+16,100000000000000.0,233.8389962039188,nan,nan,265.1618191317792,nan,outside-full-depletion-model
1.417195325542571e+16,100000000000000.0,234.24417744068012,nan,nan,265.1618191317792,nan,outside-full-depletion-model
1.4196994991652754e+16,100000000000000.0,234.64935867744137,nan,nan,265.1618191317792,nan,outside-full-depletion-model
1.42220367278798e+16,100000000000000.0,235.0545399142027,nan,nan,265.1618191317792,nan,outside-full-depletion-model
1.4247078464106844e+16,100000000000000.0,235.459721150964,nan,nan,265.1618191317792,nan,outside-full-depletion-model
1.427212020033389e+16,100000000000000.0,235.8649023877253,nan,nan,265.1618191317792,nan,outside-full-depletion-model
1.4297161936560934e+16,100000000000000.0,236.27008362448655,nan,nan,265.1618191317792,nan,outside-full-depletion-model
1.432220367278798e+16,100000000000000.0,236.67526486124785,nan,nan,265.1618191317792,nan,outside-full-depletion-model
1.4347245409015024e+16,100000000000000.0,237.0804460980091,nan,nan,265.1618191317792,nan,outside-full-depletion-model
1.437228714524207e+16,100000000000000.0,237.48562733477044,nan,nan,265.1618191317792,nan,outside-full-depletion-model
1.4397328881469114e+16,100000000000000.0,237.8908085715317,nan,nan,265.1618191317792,nan,outside-full-depletion-model
1.442237061769616e+16,100000000000000.0,238.295989808293,nan,nan,265.1618191317792,nan,outside-full-depletion-model
1.4447412353923204e+16,100000000000000.0,238.70117104505428,nan,nan,265.1618191317792,nan,outside-full-depletion-model
1.447245409015025e+16,100000000000000.0,239.1063522818156,nan,nan,265.1618191317792,nan,outside-full-depletion-model
1.4497495826377296e+16,100000000000000.0,239.51153351857693,nan,nan,265.1618191317792,nan,outside-full-depletion-model
1.452253756260434e+16,100000000000000.0,239.91671475533818,nan,nan,265.1618191317792,nan,outside-full-depletion-model
1.4547579298831386e+16,100000000000000.0,240.32189599209948,nan,nan,265.1618191317792,nan,outside-full-depletion-model
1.457262103505843e+16,100000000000000.0,240.72707722886074,nan,nan,265.1618191317792,nan,outside-full-depletion-model
1.4597662771285476e+16,100000000000000.0,241.13225846562204,nan,nan,265.1618191317792,nan,outside-full-depletion-model
1.462270450751252e+16,100000000000000.0,241.5374397023833,nan,nan,265.1618191317792,nan,outside-full-depletion-model
1.4647746243739566e+16,100000000000000.0,241.94262093914466,nan,nan,265.1618191317792,nan,outside-full-depletion-model
1.467278797996661e+16,100000000000000.0,242.3478021759059,nan,nan,265.1618191317792,nan,outside-full-depletion-model
1.4697829716193656e+16,100000000000000.0,242.75298341266722,nan,nan,265.1618191317792,nan,outside-full-depletion-model
1.47228714524207e+16,100000000000000.0,243.15816464942847,nan,nan,265.1618191317792,nan,outside-full-depletion-model
1.4747913188647746e+16,100000000000000.0,243.56334588618978,nan,nan,265.1618191317792,nan,outside-full-depletion-model
1.477295492487479e+16,100000000000000.0,243.96852712295103,nan,nan,265.1618191317792,nan,outside-full-depletion-model
1.4797996661101836e+16,100000000000000.0,244.37370835971237,nan,nan,265.1618191317792,nan,outside-full-depletion-model
1.482303839732888e+16,100000000000000.0,244.77888959647368,nan,nan,265.1618191317792,nan,outside-full-depletion-model
1.4848080133555926e+16,100000000000000.0,245.18407083323495,nan,nan,265.1618191317792,nan,outside-full-depletion-model
1.4873121869782972e+16,100000000000000.0,245.58925206999626,nan,nan,265.1618191317792,nan,outside-full-depletion-model
1.4898163606010016e+16,100000000000000.0,245.99443330675751,nan,nan,265.1618191317792,nan,outside-full-depletion-model
1.4923205342237062e+16,100000000000000.0,246.39961454351885,nan,nan,265.1618191317792,nan,outside-full-depletion-model
1.4948247078464106e+16,100000000000000.0,246.8047957802801,nan,nan,265.1618191317792,nan,outside-full-depletion-model
1.4973288814691152e+16,100000000000000.0,247.2099770170414,nan,nan,265.1618191317792,nan,outside-full-depletion-model
1.4998330550918196e+16,100000000000000.0,247.61515825380266,nan,nan,265.1618191317792,nan,outside-full-depletion-model
1.5023372287145242e+16,100000000000000.0,248.02033949056397,nan,nan,265.1618191317792,nan,outside-full-depletion-model
1.5048414023372286e+16,100000000000000.0,248.4255207273253,nan,nan,265.1618191317792,nan,outside-full-depletion-model
1.5073455759599332e+16,100000000000000.0,248.8307019640866,nan,nan,265.1618191317792,nan,outside-full-depletion-model
1.5098497495826376e+16,100000000000000.0,249.23588320084787,nan,nan,265.1618191317792,nan,outside-full-depletion-model
1.5123539232053422e+16,100000000000000.0,249.64106443760915,nan,nan,265.1618191317792,nan,outside-full-depletion-model
1.5148580968280466e+16,100000000000000.0,250.0462456743704,nan,nan,265.1618191317792,nan,outside-full-depletion-model
1.5173622704507512e+16,100000000000000.0,250.4514269111317,nan,nan,265.1618191317792,nan,outside-full-depletion-model
1.5198664440734558e+16,100000000000000.0,250.85660814789304,nan,nan,265.1618191317792,nan,outside-full-depletion-model
1.5223706176961602e+16,100000000000000.0,251.2617893846543,nan,nan,265.1618191317792,nan,outside-full-depletion-model
1.5248747913188648e+16,100000000000000.0,251.66697062141563,nan,nan,265.1618191317792,nan,outside-full-depletion-model
1.5273789649415692e+16,100000000000000.0,252.07215185817688,nan,nan,265.1618191317792,nan,outside-full-depletion-model
1.5298831385642738e+16,100000000000000.0,252.4773330949382,nan,nan,265.1618191317792,nan,outside-full-depletion-model
1.5323873121869782e+16,100000000000000.0,252.88251433169944,nan,nan,265.1618191317792,nan,outside-full-depletion-model
1.5348914858096828e+16,100000000000000.0,253.28769556846078,nan,nan,265.1618191317792,nan,outside-full-depletion-model
1.5373956594323872e+16,100000000000000.0,253.69287680522203,nan,nan,265.1618191317792,nan,outside-full-depletion-model
1.5398998330550918e+16,100000000000000.0,254.09805804198334,nan,nan,265.1618191317792,nan,outside-full-depletion-model
1.5424040066777962e+16,100000000000000.0,254.50323927874464,nan,nan,265.1618191317792,nan,outside-full-depletion-model
1.5449081803005008e+16,100000000000000.0,254.90842051550592,nan,nan,265.1618191317792,nan,outside-full-depletion-model
1.5474123539232052e+16,100000000000000.0,255.31360175226723,nan,nan,265.1618191317792,nan,outside-full-depletion-model
1.5499165275459098e+16,100000000000000.0,255.7187829890285,nan,nan,265.1618191317792,nan,outside-full-depletion-model
1.5524207011686144e+16,100000000000000.0,256.1239642257898,nan,nan,265.1618191317792,nan,outside-full-depletion-model
1.5549248747913188e+16,100000000000000.0,256.52914546255107,nan,nan,265.1618191317792,nan,outside-full-depletion-model
1.5574290484140234e+16,100000000000000.0,256.93432669931235,nan,nan,265.1618191317792,nan,outside-full-depletion-model
1.5599332220367278e+16,100000000000000.0,257.33950793607363,nan,nan,265.1618191317792,nan,outside-full-depletion-model
1.5624373956594324e+16,100000000000000.0,257.74468917283497,nan,nan,265.1618191317792,nan,outside-full-depletion-model
1.5649415692821368e+16,100000000000000.0,258.14987040959625,nan,nan,265.1618191317792,nan,outside-full-depletion-model
1.5674457429048414e+16,100000000000000.0,258.5550516463576,nan,nan,265.1618191317792,nan,outside-full-depletion-model
1.5699499165275458e+16,100000000000000.0,258.9602328831188,nan,nan,265.1618191317792,nan,outside-full-depletion-model
1.5724540901502504e+16,100000000000000.0,259.36541411988014,nan,nan,265.1618191317792,nan,outside-full-depletion-model
1.5749582637729548e+16,100000000000000.0,259.77059535664137,nan,nan,265.1618191317792,nan,outside-full-depletion-model
1.5774624373956594e+16,100000000000000.0,260.1757765934027,nan,nan,265.1618191317792,nan,outside-full-depletion-model
1.5799666110183638e+16,100000000000000.0,260.580957830164,nan,nan,265.1618191317792,nan,outside-full-depletion-model
1.5824707846410684e+16,100000000000000.0,260.98613906692526,nan,nan,265.1618191317792,nan,outside-full-depletion-model
1.584974958263773e+16,100000000000000.0,261.3913203036866,nan,nan,265.1618191317792,nan,outside-full-depletion-model
1.5874791318864774e+16,100000000000000.0,261.7965015404479,nan,nan,265.1618191317792,nan,outside-full-depletion-model
1.589983305509182e+16,100000000000000.0,262.2016827772092,nan,nan,265.1618191317792,nan,outside-full-depletion-model
1.5924874791318864e+16,100000000000000.0,262.60686401397044,nan,nan,265.1618191317792,nan,outside-full-depletion-model
1.594991652754591e+16,100000000000000.0,263.0120452507318,nan,nan,265.1618191317792,nan,outside-full-depletion-model
1.5974958263772954e+16,100000000000000.0,263.417226487493,nan,nan,265.1618191317792,nan,outside-full-depletion-model
1.6e+16,100000000000000.0,263.8224077242543,nan,nan,265.1618191317792,nan,outside-full-depletion-model
1000000000000000.0,1000000000000000.0,65.56633255040451,3.446080544871207,291.51319555090924,265.1618191317792,265.1618191317792,vertical
1025041736227045.1,1000000000000000.0,65.9715137871658,3.4248789050051744,291.915959688088,265.1618191317792,265.1618191317792,vertical
1050083472454090.1,1000000000000000.0,66.3766950239271,3.403935954933747,292.31871378554445,265.1618191317792,265.1618191317792,vertical
1075125208681135.2,1000000000000000.0,66.78187626068838,3.383246981475141,292.7214575369087,265.1618191317792,265.1618191317792,vertical
1100166944908180.2,1000000000000000.0,67.18705749744967,3.362807385030802,293.12419062836256,265.1618191317792,265.1618191317792,vertical
1125208681135225.4,1000000000000000.0,67.59223873421097,3.3426126761790282,293.52691273850365,265.1618191317792,265.1618191317792,vertical
1150250417362270.5,1000000000000000.0,67.99741997097226,3.322658472390361,293.9296235382088,265.1618191317792,265.1618191317792,vertical
1175292153589315.5,1000000000000000.0,68.40260120773354,3.3029404948596772,294.3323226904941,265.1618191317792,265.1618191317792,vertical
1200333889816360.5,1000000000000000.0,68.80778244449483,3.2834545654501985,294.73500985037543,265.1618191317792,265.1618191317792,vertical
1225375626043405.8,1000000000000000.0,69.21296368125613,3.2641966037448045,295.1376846647249,265.1618191317792,265.1618191317792,vertical
1250417362270450.8,1000000000000000.0,69.61814491801742,3.245162624200299,295.5403467721276,265.1618191317792,265.1618191317792,vertical
1275459098497495.8,1000000000000000.0,70.02332615477872,3.226348733400444,295.9429958027352,265.1618191317792,265.1618191317792,vertical
1300500834724541.0,1000000000000000.0,70.42850739154,3.207751127403794,296.34563137811887,265.1618191317792,265.1618191317792,vertical
1325542570951586.0,1000000000000000.0,70.83368862830129,3.1893660891825277,296.7482531111195,265.1618191317792,265.1618191317792,vertical
1350584307178631.0,1000000000000000.0,71.23886986506258,3.171189986148657,297.1508606056964,265.1618191317792,265.1618191317792,vertical
1375626043405676.0,1000000000000000.0,71.64405110182386,3.15321926776416,297.553453456775,265.1618191317792,265.1618191317792,vertical
1400667779632721.2,1000000000000000.0,72.04923233858516,3.135450463231715,297.9560312500914,265.1618191317792,265.1618191317792,vertical
1425709515859766.2,1000000000000000.0,72.45441357534645,3.1178801792629063,298.3585935620364,265.1618191317792,265.1618191317792,vertical
1450751252086811.2,1000000000000000.0,72.85959481210773,3.100505097920866,298.76113995949646,265.1618191317792,265.1618191317792,vertical
1475792988313856.5,1000000000000000.0,73.26477604886902,3.0833219745344715,299.1636699996937,265.1618191317792,265.1618191317792,vertical
1500834724540901.5,1000000000000000.0,73.66995728563033,3.066327635681361,299.5661832300241,265.1618191317792,265.1618191317792,vertical
1525876460767946.5,1000000000000000.0,74.07513852239161,3.0495189772371116,299.96867918789263,265.1618191317792,265.1618191317792,vertical
1550918196994991.5,1000000000000000.0,74.4803197591529,3.032892962488063,300.3711574005484,265.1618191317792,265.1618191317792,vertical
1575959933222036.8,1000000000000000.0,74.8855009959142,3.016446620305392,300.77361738491567,265.1618191317792,265.1618191317792,vertical
1601001669449081.8,1000000000000000.0,75.29068223267548,3.000177043378117,301.1760586474251,265.1618191317792,265.1618191317792,vertical
1626043405676127.0,1000000000000000.0,75.69586346943677,2.9840813865028126,301.5784806838413,265.1618191317792,265.1618191317792,vertical
1651085141903172.0,1000000000000000.0,76.10104470619807,2.96815686492796,301.9808829790895,265.1618191317792,265.1618191317792,vertical
1676126878130217.0,1000000000000000.0,76.50622594295936,2.9524007527508562,302.3832650070797,265.1618191317792,265.1618191317792,vertical
1701168614357262.0,1000000000000000.0,76.91140717972064,2.936810381365187,302.7856262305292,265.1618191317792,265.1618191317792,vertical
1726210350584307.0,1000000000000000.0,77.31658841648193,2.921383137957376,303.18796610078283,265.1618191317792,265.1618191317792,vertical
1751252086811352.2,1000000000000000.0,77.72176965324323,2.9061164640499504,303.59028405763115,265.1618191317792,265.1618191317792,vertical
1776293823038397.2,1000000000000000.0,78.12695089000451,2.8910078540901996,303.99257952912683,265.1618191317792,265.1618191317792,vertical
1801335559265442.5,1000000000000000.0,78.53213212676582,2.876054854082499,304.3948519313988,265.1618191317792,265.1618191317792,vertical
1826377295492487.5,1000000000000000.0,78.93731336352711,2.8612550602627342,304.7971006684642,265.1618191317792,265.1618191317792,vertical
1851419031719532.5,1000000000000000.0,79.34249460028839,2.846606117813309,305.1993251320387,265.1618191317792,265.1618191317792,vertical
1876460767946577.5,1000000000000000.0,79.74767583704968,2.832105719617295,305.60152470134403,265.1618191317792,265.1618191317792,vertical
1901502504173622.5,1000000000000000.0,80.15285707381098,2.8177516050503586,306.00369874291385,265.1618191317792,265.1618191317792,vertical
1926544240400667.8,1000000000000000.0,80.55803831057226,2.8035415588091013,306.4058466103973,265.1618191317792,265.1618191317792,vertical
1951585976627713.0,1000000000000000.0,80.96321954733355,2.789473409774561,306.8079676443605,265.1618191317792,265.1618191317792,vertical
1976627712854758.0,1000000000000000.0,81.36840078409485,2.7755450299096456,307.2100611720854,265.1618191317792,265.1618191317792,vertical
2001669449081803.0,1000000000000000.0,81.77358202085614,2.7617543331893115,307.6121265073672,265.1618191317792,265.1618191317792,vertical
2026711185308848.0,1000000000000000.0,82.17876325761742,2.74809927456237,308.0141629503086,265.1618191317792,265.1618191317792,vertical
2051752921535893.0,1000000000000000.0,82.58394449437871,2.7345778489438217,308.41616978711284,265.1618191317792,265.1618191317792,vertical
2076794657762938.2,1000000000000000.0,82.98912573114002,2.7211880902366854,308.8181462898731,265.1618191317792,265.1618191317792,vertical
2101836393989983.2,1000000000000000.0,83.3943069679013,2.7079280703823194,309.2200917163611,265.1618191317792,265.1618191317792,vertical
2126878130217028.2,1000000000000000.0,83.7994882046626,2.6947958984382527,309.6220053098121,265.1618191317792,265.1618191317792,vertical
2151919866444073.5,1000000000000000.0,84.20466944142389,2.6817897196826275,310.02388629870836,265.1618191317792,265.1618191317792,vertical
2176961602671118.5,1000000000000000.0,84.60985067818517,2.6689077147443356,310.42573389655985,265.1618191317792,265.1618191317792,vertical
2202003338898163.5,1000000000000000.0,85.01503191494646,2.6561480987580035,310.8275473016825,265.1618191317792,265.1618191317792,vertical
2227045075125208.8,1000000000000000.0,85.42021315170776,2.6435091205430004,311.22932569697434,265.1618191317792,265.1618191317792,vertical
2252086811352254.0,1000000000000000.0,85.82539438846905,2.630989061805673,311.6310682496891,265.1618191317792,265.1618191317792,vertical
2277128547579299.0,1000000000000000.0,86.23057562523033,2.618586236364039,312.0327741112069,265.1618191317792,265.1618191317792,vertical
2302170283806344.0,1000000000000000.0,86.63575686199162,2.60629898939421,312.4344424168029,265.1618191317792,265.1618191317792,vertical
2327212020033389.0,1000000000000000.0,87.0409380987529,2.5941256966978354,312.8360722854134,265.1618191317792,265.1618191317792,vertical
2352253756260434.0,1000000000000000.0,87.4461193355142,2.5820647639898784,313.2376628193994,265.1618191317792,265.1618191317792,vertical
2377295492487479.0,1000000000000000.0,87.8513005722755,2.5701146262060757,313.639213104307,265.1618191317792,265.1618191317792,vertical
2402337228714524.0,1000000000000000.0,88.2564818090368,2.55827374682944,314.04072220862565,265.1618191317792,265.1618191317792,vertical
2427378964941569.0,1000000000000000.0,88.66166304579808,2.5465406172352036,314.4421891835444,265.1618191317792,265.1618191317792,vertical
2452420701168614.0,1000000000000000.0,89.06684428255937,2.5349137560536086,314.8436130627038,265.1618191317792,265.1618191317792,vertical
2477462437395659.5,1000000000000000.0,89.47202551932065,2.523391708549985,315.2449928619471,265.1618191317792,265.1618191317792,vertical
2502504173622704.5,1000000000000000.0,89.87720675608195,2.511973046021561,315.64632757906674,265.1618191317792,265.1618191317792,vertical
2527545909849749.5,1000000000000000.0,90.28238799284324,2.500656365210488,316.04761619354963,265.1618191317792,265.1618191317792,vertical
2552587646076794.5,1000000000000000.0,90.68756922960453,2.489440287732572,316.4488576663188,265.1618191317792,265.1618191317792,vertical
2577629382303840.0,1000000000000000.0,91.09275046636583,2.4783234595212162,316.85005093947245,265.1618191317792,265.1618191317792,vertical
2602671118530885.0,1000000000000000.0,91.49793170312711,2.4673045502861086,317.2511949360202,265.1618191317792,265.1618191317792,vertical
2627712854757930.0,1000000000000000.0,91.90311293988839,2.4563822529861943,317.65228855961607,265.1618191317792,265.1618191317792,vertical
2652754590984975.0,1000000000000000.0,92.30829417664968,2.4455552833165006,318.05333069428906,265.1618191317792,265.1618191317792,vertical
2677796327212020.0,1000000000000000.0,92.71347541341099,2.4348223792083843,318.45432020417036,265.1618191317792,265.1618191317792,vertical
2702838063439065.0,1000000000000000.0,93.11865665017228,2.4241823003427907,318.85525593321745,265.1618191317792,265.1618191317792,vertical
2727879799666110.0,1000000000000000.0,93.52383788693358,2.4136338276761373,319.2561367049356,265.1618191317792,265.1618191317792,vertical
2752921535893155.0,1000000000000000.0,93.92901912369483,2.4031757629784316,319.65696132209587,265.1618191317792,265.1618191317792,vertical
2777963272120200.0,1000000000000000.0,94.33420036045614,2.3928069283832594,320.0577285664501,265.1618191317792,265.1618191317792,vertical
2803005008347245.0,1000000000000000.0,94.73938159721743,2.382526165949293,320.4584371984429,265.1618191317792,265.1618191317792,vertical
2828046744574290.5,1000000000000000.0,95.14456283397872,2.372332337232959,320.8590859569196,265.1618191317792,265.1618191317792,vertical
2853088480801335.5,1000000000000000.0,95.54974407074002,2.3622243228719553,321.2596735588325,265.1618191317792,265.1618191317792,vertical
2878130217028380.5,1000000000000000.0,95.95492530750131,2.352201022179277,321.66019869894205,265.1618191317792,265.1618191317792,vertical
2903171953255426.0,1000000000000000.0,96.36010654426262,2.342261352747455,322.06066004951606,265.1618191317792,265.1618191317792,vertical
2928213689482471.0,1000000000000000.0,96.76528778102391,2.3324042500627,322.46105626002435,265.1618191317792,265.1618191317792,vertical
2953255425709516.0,1000000000000000.0,97.17046901778517,2.322628667128668,322.86138595683104,265.1618191317792,265.1618191317792,vertical
2978297161936561.0,1000000000000000.0,97.57565025454646,2.312933574099554,323.26164774288264,265.1618191317792,265.1618191317792,vertical
3003338898163606.0,1000000000000000.0,97.98083149130777,2.303317957922266,323.6618401973924,265.1618191317792,265.1618191317792,vertical
3028380634390651.0,1000000000000000.0,98.38601272806906,2.2937808219874,324.0619618755221,265.1618191317792,265.1618191317792,vertical
3053422370617696.0,1000000000000000.0,98.79119396483034,2.284321185788758,324.4620113080588,265.1618191317792,265.1618191317792,vertical
3078464106844741.0,1000000000000000.0,99.19637520159164,2.2749380845911826,324.8619870010888,265.1618191317792,265.1618191317792,vertical
3103505843071786.0,1000000000000000.0,99.60155643835292,2.2656305691064613,325.26188743566775,265.1618191317792,265.1618191317792,vertical
3128547579298831.0,1000000000000000.0,100.00673767511421,2.256397705177064,325.6617110674865,265.1618191317792,265.1618191317792,vertical
3153589315525876.5,1000000000000000.0,100.4119189118755,2.2472385734675067,326.0614563265336,265.1618191317792,265.1618191317792,vertical
3178631051752921.5,1000000000000000.0,100.8171001486368,2.238152269163111,326.46112161675285,265.1618191317792,265.1618191317792,vertical
3203672787979966.5,1000000000000000.0,101.22228138539808,2.2291379016759647,326.8607053156984,265.1618191317792,265.1618191317792,vertical
3228714524207011.5,1000000000000000.0,101.62746262215937,2.220194594357875,327.2602057741846,265.1618191317792,265.1618191317792,vertical
3253756260434056.5,1000000000000000.0,102.03264385892065,2.211321484220117,327.6596213159317,265.1618191317792,265.1618191317792,vertical
3278797996661102.0,1000000000000000.0,102.43782509568197,2.2025177216597944,328.05895023720797,265.1618191317792,265.1618191317792,vertical
3303839732888147.0,1000000000000000.0,102.84300633244325,2.193782470192633,328.4581908064672,265.1618191317792,265.1618191317792,vertical
3328881469115192.0,1000000000000000.0,103.24818756920455,2.185114906192007,328.8573412639817,265.1618191317792,265.1618191317792,vertical
3353923205342237.0,1000000000000000.0,103.65336880596584,2.1765142186340665,329.2563998214713,265.1618191317792,265.1618191317792,vertical
3378964941569282.0,1000000000000000.0,104.05855004272712,2.1679796088487544,329.6553646617272,265.1618191317792,265.1618191317792,vertical
3404006677796327.0,1000000000000000.0,104.4637312794884,2.1595102902765886,330.05423393823196,265.1618191317792,265.1618191317792,vertical
3429048414023372.0,1000000000000000.0,104.8689125162497,2.151105488231032,330.45300577477434,265.1618191317792,265.1618191317792,vertical
3454090150250417.5,1000000000000000.0,105.27409375301099,2.1427644396663057,330.8516782650597,265.1618191317792,265.1618191317792,vertical
3479131886477462.5,1000000000000000.0,105.67927498977228,2.1344863929504996,331.25024947231526,265.1618191317792,265.1618191317792,vertical
3504173622704507.5,1000000000000000.0,106.08445622653358,2.126270607643833,331.64871742889073,265.1618191317792,265.1618191317792,vertical
3529215358931552.5,1000000000000000.0,106.48963746329488,2.118116354281934,332.0470801358539,265.1618191317792,265.1618191317792,vertical
3554257095158597.5,1000000000000000.0,106.89481870005613,2.1100229141640012,332.44533556258114,265.1618191317792,265.1618191317792,vertical
3579298831385642.5,1000000000000000.0,107.29999993681743,2.1019895791457053,332.8434816463425,265.1618191317792,265.1618191317792,vertical
3604340567612687.5,1000000000000000.0,107.70518117357874,2.0940156514367363,333.2415162918819,265.1618191317792,265.1618191317792,vertical
3629382303839733.0,1000000000000000.0,108.11036241034003,2.086100443402838,333.6394373709919,265.1618191317792,265.1618191317792,vertical
3654424040066778.0,1000000000000000.0,108.51554364710132,2.078243277372229,334.03724272208234,265.1618191317792,265.1618191317792,vertical
3679465776293823.0,1000000000000000.0,108.92072488386262,2.0704434854463,334.4349301497447,265.1618191317792,265.1618191317792,vertical
3704507512520868.0,1000000000000000.0,109.3259061206239,2.0627004093144654,334.8324974243096,265.1618191317792,265.1618191317792,vertical
3729549248747913.0,1000000000000000.0,109.73108735738518,2.0550134000730607,335.22994228139936,265.1618191317792,265.1618191317792,vertical
3754590984974958.0,1000000000000000.0,110.13626859414647,2.0473818180481853,335.62726242147335,265.1618191317792,265.1618191317792,vertical
3779632721202003.0,1000000000000000.0,110.54144983090777,2.0398050326223967,336.0244555093696,265.1618191317792,265.1618191317792,vertical
3804674457429048.5,1000000000000000.0,110.94663106766906,2.0322824220651308,336.421519173838,265.1618191317792,265.1618191317792,vertical
3829716193656093.5,1000000000000000.0,111.35181230443037,2.02481337336678,336.8184510070686,265.1618191317792,265.1618191317792,vertical
3854757929883138.5,1000000000000000.0,111.75699354119163,2.0173972820763213,337.21524856421263,265.1618191317792,265.1618191317792,vertical
3879799666110183.5,1000000000000000.0,112.16217477795294,2.010033552142403,337.6119093628987,265.1618191317792,265.1618191317792,vertical
3904841402337228.5,1000000000000000.0,112.56735601471422,2.0027215957578077,338.00843088273996,265.1618191317792,265.1618191317792,vertical
3929883138564273.5,1000000000000000.0,112.97253725147552,1.995460833207202,338.4048105648365,265.1618191317792,265.1618191317792,vertical
3954924874791319.0,1000000000000000.0,113.37771848823681,1.988250692718088,338.80104581127,265.1618191317792,265.1618191317792,vertical
3979966611018364.0,1000000000000000.0,113.7828997249981,1.9810906103148809,339.19713398459146,265.1618191317792,265.1618191317792,vertical
4005008347245409.0,1000000000000000.0,114.18808096175938,1.9739800296760266,339.5930724073017,265.1618191317792,265.1618191317792,vertical
4030050083472454.0,1000000000000000.0,114.59326219852068,1.9669184019940906,339.9888583613248,265.1618191317792,265.1618191317792,vertical
4055091819699499.0,1000000000000000.0,114.99844343528196,1.9599051858387364,340.38448908747364,265.1618191317792,265.1618191317792,vertical
4080133555926544.0,1000000000000000.0,115.40362467204325,1.9529398470225243,340.7799617849082,265.1618191317792,265.1618191317792,vertical
4105175292153589.0,1000000000000000.0,115.80880590880454,1.946021858469464,341.1752736105858,265.1618191317792,265.1618191317792,vertical
4130217028380634.5,1000000000000000.0,116.21398714556585,1.9391507000862434,341.57042167870355,265.1618191317792,265.1618191317792,vertical
4155258764607679.5,1000000000000000.0,116.61916838232715,1.9323258586360752,341.9654030601325,265.1618191317792,265.1618191317792,vertical
4180300500834724.5,1000000000000000.0,117.02434961908843,1.9255468276150927,342.36021478184364,265.1618191317792,265.1618191317792,vertical
4205342237061769.5,1000000000000000.0,117.42953085584969,1.9188131071312293,342.7548538263252,265.1618191317792,265.1618191317792,vertical
4230383973288814.5,1000000000000000.0,117.834712092611,1.9121242037855284,343.1493171309918,265.1618191317792,265.1618191317792,vertical
4255425709515859.5,1000000000000000.0,118.2398933293723,1.9054796305558153,343.5436015875836,265.1618191317792,265.1618191317792,vertical
4280467445742904.5,1000000000000000.0,118.64507456613359,1.8988789066826768,343.937704041558,265.1618191317792,265.1618191317792,vertical
4305509181969950.0,1000000000000000.0,119.05025580289488,1.8923215575576924,344.33162129147064,265.1618191317792,265.1618191317792,vertical
4330550918196995.0,1000000000000000.0,119.45543703965618,1.8858071146138577,344.7253500883475,265.1618191317792,265.1618191317792,vertical
4355592654424040.0,1000000000000000.0,119.86061827641744,1.8793351152181565,345.1188871350479,265.1618191317792,265.1618191317792,vertical
4380634390651085.0,1000000000000000.0,120.26579951317873,1.8729051025662122,345.5122290856163,265.1618191317792,265.1618191317792,vertical
4405676126878130.0,1000000000000000.0,120.67098074994003,1.8665166255789867,345.9053725446249,265.1618191317792,265.1618191317792,vertical
4430717863105175.0,1000000000000000.0,121.07616198670132,1.8601692388014643,346.2983140665063,265.1618191317792,265.1618191317792,vertical
4455759599332220.0,1000000000000000.0,121.48134322346263,1.8538625023032744,346.691050154874,265.1618191317792,265.1618191317792,vertical
4480801335559265.5,1000000000000000.0,121.88652446022392,1.8475959815812115,347.0835772618337,265.1618191317792,265.1618191317792,vertical
4505843071786310.0,1000000000000000.0,122.2917056969852,1.841369247463596,347.4758917872824,265.1618191317792,265.1618191317792,vertical
4530884808013356.0,1000000000000000.0,122.6968869337465,1.8351818760164464,347.86799007819724,265.1618191317792,265.1618191317792,vertical
4555926544240400.0,1000000000000000.0,123.10206817050778,1.8290334484514008,348.25986842791104,265.1618191317792,265.1618191317792,vertical
4580968280467446.0,1000000000000000.0,123.50724940726907,1.822923551035362,348.6515230753781,265.1618191317792,265.1618191317792,vertical
4606010016694490.0,1000000000000000.0,123.91243064403035,1.8168517750018132,349.04295020442595,265.1618191317792,265.1618191317792,vertical
4631051752921536.0,1000000000000000.0,124.31761188079166,1.8108177164637684,349.4341459429959,265.1618191317792,265.1618191317792,vertical
4656093489148581.0,1000000000000000.0,124.72279311755294,1.804820976328319,349.82510636236975,265.1618191317792,265.1618191317792,vertical
4681135225375626.0,1000000000000000.0,125.12797435431423,1.798861160212732,350.2158274763849,265.1618191317792,265.1618191317792,vertical
4706176961602671.0,1000000000000000.0,125.53315559107551,1.7929378783620744,350.60630524063464,265.1618191317792,265.1618191317792,vertical
4731218697829716.0,1000000000000000.0,125.9383368278368,1.7870507455683091,350.9965355516554,265.1618191317792,265.1618191317792,vertical
4756260434056761.0,1000000000000000.0,126.34351806459811,1.7811993810908442,351.38651424610015,265.1618191317792,265.1618191317792,vertical
4781302170283806.0,1000000000000000.0,126.74869930135938,1.7753834085784912,351.776237099897,265.1618191317792,265.1618191317792,vertical
4806343906510852.0,1000000000000000.0,127.1538805381207,1.769602455992794,352.16569982739344,265.1618191317792,265.1618191317792,vertical
4831385642737896.0,1000000000000000.0,127.55906177488197,1.7638561555327117,352.554898080485,265.1618191317792,265.1618191317792,vertical
4856427378964942.0,1000000000000000.0,127.96424301164328,1.7581441435605987,352.9438274477292,265.1618191317792,265.1618191317792,vertical
4881469115191986.0,1000000000000000.0,128.36942424840456,1.752466060529473,353.3324834534427,265.1618191317792,265.1618191317792,vertical
4906510851419032.0,1000000000000000.0,128.77460548516586,1.7468215509115268,353.7208615567833,265.1618191317792,265.1618191317792,vertical
4931552587646076.0,1000000000000000.0,129.17978672192712,1.7412102631278565,354.1089571508142,265.1618191317792,265.1618191317792,vertical
4956594323873122.0,1000000000000000.0,129.58496795868842,1.7356318494793728,354.4967655615521,265.1618191317792,265.1618191317792,vertical
4981636060100167.0,1000000000000000.0,129.99014919544973,1.7300859660788768,354.8842820469967,265.1618191317792,265.1618191317792,vertical
5006677796327212.0,1000000000000000.0,130.395330432211,1.7245722727842607,355.2715017961438,265.1618191317792,265.1618191317792,vertical
5031719532554257.0,1000000000000000.0,130.8005116689723,1.719090433132807,355.6584199279786,265.1618191317792,265.1618191317792,vertical
5056761268781302.0,1000000000000000.0,131.2056929057336,1.713640114276564,356.0450314904507,265.1618191317792,265.1618191317792,vertical
5081803005008347.0,1000000000000000.0,131.61087414249488,1.7082209869187688,356.4313314594294,265.1618191317792,265.1618191317792,vertical
5106844741235392.0,1000000000000000.0,132.01605537925616,1.702832725251287,356.8173147376397,265.1618191317792,265.1618191317792,vertical
5131886477462437.0,1000000000000000.0,132.42123661601747,1.6974750068930495,357.2029761535779,265.1618191317792,265.1618191317792,vertical
5156928213689482.0,1000000000000000.0,132.82641785277875,1.6921475128294592,357.5883104604048,265.1618191317792,265.1618191317792,vertical
5181969949916528.0,1000000000000000.0,133.23159908954005,1.6868499273527378,357.97331233481975,265.1618191317792,265.1618191317792,vertical
5207011686143572.0,1000000000000000.0,133.63678032630133,1.6815819380031982,358.3579763759108,265.1618191317792,265.1618191317792,vertical
5232053422370618.0,1000000000000000.0,134.04196156306264,1.6763432355114096,358.7422971039831,265.1618191317792,265.1618191317792,vertical
5257095158597662.0,1000000000000000.0,134.44714279982392,1.6711335137412369,359.12626895936353,265.1618191317792,265.1618191317792,vertical
5282136894824708.0,1000000000000000.0,134.8523240365852,1.6659524696337296,359.5098863011823,265.1618191317792,265.1618191317792,vertical
5307178631051753.0,1000000000000000.0,135.2575052733465,1.6607998031518392,359.89314340612924,265.1618191317792,265.1618191317792,vertical
5332220367278798.0,1000000000000000.0,135.6626865101078,1.6556752172259408,360.27603446718524,265.1618191317792,265.1618191317792,vertical
5357262103505843.0,1000000000000000.0,136.06786774686907,1.650578417700137,360.65855359232773,265.1618191317792,265.1618191317792,vertical
5382303839732888.0,1000000000000000.0,136.47304898363038,1.6455091132793265,361.0406948032101,265.1618191317792,265.1618191317792,vertical
5407345575959933.0,1000000000000000.0,136.87823022039166,1.6404670154770131,361.42245203381304,265.1618191317792,265.1618191317792,vertical
5432387312186978.0,1000000000000000.0,137.28341145715294,1.6354518385638324,361.8038191290688,265.1618191317792,265.1618191317792,vertical
5457429048414023.0,1000000000000000.0,137.68859269391425,1.6304632995167796,362.18478984345563,265.1618191317792,265.1618191317792,vertical
5482470784641068.0,1000000000000000.0,138.09377393067552,1.625501117969121,362.56535783956366,265.1618191317792,265.1618191317792,vertical
5507512520868113.0,1000000000000000.0,138.4989551674368,1.6205650161609566,362.9455166866296,265.1618191317792,265.1618191317792,vertical
5532554257095158.0,1000000000000000.0,138.9041364041981,1.6156547188904309,363.3252598590409,265.1618191317792,265.1618191317792,vertical
5557595993322204.0,1000000000000000.0,139.30931764095942,1.6107699534655602,363.70458073480654,265.1618191317792,265.1618191317792,vertical
5582637729549249.0,1000000000000000.0,139.7144988777207,1.605910449656664,364.08347259399665,265.1618191317792,265.1618191317792,vertical
5607679465776294.0,1000000000000000.0,140.11968011448198,1.6010759396493768,364.4619286171463,265.1618191317792,265.1618191317792,vertical
5632721202003339.0,1000000000000000.0,140.5248613512433,1.5962661579982265,364.8399418836259,265.1618191317792,265.1618191317792,vertical
5657762938230384.0,1000000000000000.0,140.93004258800457,1.5914808415807573,365.21750536997405,265.1618191317792,265.1618191317792,vertical
5682804674457429.0,1000000000000000.0,141.33522382476585,1.5867197295521813,365.59461194819534,265.1618191317792,265.1618191317792,vertical
5707846410684474.0,1000000000000000.0,141.74040506152713,1.5819825633005382,365.9712543840184,265.1618191317792,265.1618191317792,vertical
5732888146911519.0,1000000000000000.0,142.14558629828844,1.5772690864023473,366.3474253351159,265.1618191317792,265.1618191317792,vertical
5757929883138564.0,1000000000000000.0,142.55076753504972,1.572579044578736,366.7231173492837,265.1618191317792,265.1618191317792,vertical
5782971619365609.0,1000000000000000.0,142.95594877181102,1.5679121856520184,367.0983228625792,265.1618191317792,265.1618191317792,vertical
5808013355592654.0,1000000000000000.0,143.3611300085723,1.56326825950272,367.4730341974163,265.1618191317792,265.1618191317792,vertical
5833055091819699.0,1000000000000000.0,143.7663112453336,1.5586470180270178,367.84724356061696,265.1618191317792,265.1618191317792,vertical
5858096828046744.0,1000000000000000.0,144.1714924820949,1.5540482150945887,368.22094304141734,265.1618191317792,265.1618191317792,vertical
5883138564273789.0,1000000000000000.0,144.57667371885617,1.5494716065068417,368.5941246094277,265.1618191317792,265.1618191317792,vertical
5908180300500835.0,1000000000000000.0,144.98185495561748,1.5449169499555229,368.96678011254403,265.1618191317792,265.1618191317792,vertical
5933222036727880.0,1000000000000000.0,145.3870361923788,1.5403840049816702,369.33890127481027,265.1618191317792,265.1618191317792,vertical
5958263772954925.0,1000000000000000.0,145.79221742914007,1.5358725329349063,369.71047969423,265.1618191317792,265.1618191317792,vertical
5983305509181970.0,1000000000000000.0,146.19739866590135,1.5313822969330473,370.0815068405258,265.1618191317792,265.1618191317792,vertical
6008347245409015.0,1000000000000000.0,146.60257990266263,1.5269130618220164,370.45197405284404,265.1618191317792,265.1618191317792,vertical
6033388981636060.0,1000000000000000.0,147.00776113942393,1.522464594136038,370.8218725374046,265.1618191317792,265.1618191317792,vertical
6058430717863105.0,1000000000000000.0,147.4129423761852,1.5180366620581047,371.19119336509317,265.1618191317792,265.1618191317792,vertical
6083472454090150.0,1000000000000000.0,147.81812361294652,1.5136290353806885,371.55992746899415,265.1618191317792,265.1618191317792,vertical
6108514190317195.0,1000000000000000.0,148.22330484970777,1.5092414854666907,371.9280656418629,265.1618191317792,265.1618191317792,vertical
6133555926544240.0,1000000000000000.0,148.6284860864691,1.5048737852106022,372.2955985335352,265.1618191317792,265.1618191317792,vertical
6158597662771285.0,1000000000000000.0,149.0336673232304,1.5005257089998705,372.6625166482715,265.1618191317792,265.1618191317792,vertical
6183639398998330.0,1000000000000000.0,149.43884855999167,1.4961970326764393,373.028810342035,265.1618191317792,265.1618191317792,vertical
6208681135225375.0,1000000000000000.0,149.84402979675295,1.4918875334984576,373.3944698197001,265.1618191317792,265.1618191317792,vertical
6233722871452421.0,1000000000000000.0,150.24921103351426,1.4875969901021326,373.7594851321902,265.1618191317792,265.1618191317792,vertical
6258764607679466.0,1000000000000000.0,150.65439227027554,1.4833251824637141,374.12384617354195,265.1618191317792,265.1618191317792,vertical
6283806343906511.0,1000000000000000.0,151.05957350703684,1.479071891861583,374.4875426778937,265.1618191317792,265.1618191317792,vertical
6308848080133556.0,1000000000000000.0,151.46475474379812,1.4748369008384397,374.8505642163957,265.1618191317792,265.1618191317792,vertical
6333889816360601.0,1000000000000000.0,151.8699359805594,1.4706199931635595,375.2129001940399,265.1618191317792,265.1618191317792,vertical
6358931552587646.0,1000000000000000.0,152.2751172173207,1.4664209537951085,375.5745398464061,265.1618191317792,265.1618191317792,vertical
6383973288814691.0,1000000000000000.0,152.680298454082,1.4622395688424925,375.9354722363219,265.1618191317792,265.1618191317792,vertical
6409015025041736.0,1000000000000000.0,153.08547969084327,1.4580756255287235,376.29568625043424,265.1618191317792,265.1618191317792,vertical
6434056761268781.0,1000000000000000.0,153.49066092760458,1.453928912152786,376.65517059568884,265.1618191317792,265.1618191317792,vertical
6459098497495826.0,1000000000000000.0,153.89584216436586,1.4497992180519783,377.01391379571413,265.1618191317792,265.1618191317792,vertical
6484140233722871.0,1000000000000000.0,154.30102340112717,1.4456863335642134,377.3719041871086,265.1618191317792,265.1618191317792,vertical
6509181969949916.0,1000000000000000.0,154.70620463788845,1.4415900499902574,377.72912991562504,265.1618191317792,265.1618191317792,vertical
6534223706176961.0,1000000000000000.0,155.11138587464973,1.4375101595558815,378.08557893225134,265.1618191317792,265.1618191317792,vertical
6559265442404006.0,1000000000000000.0,155.51656711141104,1.4334464553739124,378.44123898918235,265.1618191317792,265.1618191317792,vertical
6584307178631052.0,1000000000000000.0,155.92174834817231,1.4293987314061556,378.79609763567964,265.1618191317792,265.1618191317792,vertical
6609348914858097.0,1000000000000000.0,156.3269295849336,1.4253667824251655,379.1501422138158,265.1618191317792,265.1618191317792,vertical
6634390651085142.0,1000000000000000.0,156.73211082169493,1.4213504039758487,379.5033598540985,265.1618191317792,265.1618191317792,vertical
6659432387312187.0,1000000000000000.0,157.1372920584562,1.4173493923368694,379.85573747097027,265.1618191317792,265.1618191317792,vertical
6684474123539232.0,1000000000000000.0,157.54247329521746,1.413363544481836,380.207261758181,265.1618191317792,265.1618191317792,vertical
6709515859766277.0,1000000000000000.0,157.94765453197877,1.4093926580402418,380.55791918402616,265.1618191317792,265.1618191317792,vertical
6734557595993322.0,1000000000000000.0,158.35283576874008,1.4054365312581414,380.9076959864483,265.1618191317792,265.1618191317792,vertical
6759599332220367.0,1000000000000000.0,158.75801700550136,1.4014949629585285,381.25657816799594,265.1618191317792,265.1618191317792,vertical
6784641068447412.0,1000000000000000.0,159.16319824226264,1.397567752501391,381.604551490635,265.1618191317792,265.1618191317792,vertical
6809682804674457.0,1000000000000000.0,159.56837947902392,1.3936546997434203,381.9516014704071,265.1618191317792,265.1618191317792,vertical
6834724540901502.0,1000000000000000.0,159.97356071578523,1.3897556049973394,382.29771337192994,265.1618191317792,265.1618191317792,vertical
6859766277128547.0,1000000000000000.0,160.3787419525465,1.3858702689908293,382.6428722027329,265.1618191317792,265.1618191317792,vertical
6884808013355592.0,1000000000000000.0,160.78392318930779,1.3819984928250113,382.98706270742355,265.1618191317792,265.1618191317792,vertical
6909849749582638.0,1000000000000000.0,161.1891044260691,1.3781400779324668,383.33026936167647,265.1618191317792,265.1618191317792,vertical
6934891485809683.0,1000000000000000.0,161.5942856628304,1.374294826034757,383.6724763660407,265.1618191317792,265.1618191317792,vertical
6959933222036728.0,1000000000000000.0,161.99946689959168,1.370462539099405,384.0136676395561,265.1618191317792,265.1618191317792,vertical
6984974958263773.0,1000000000000000.0,162.404648136353,1.3666430192963133,384.35382681317384,265.1618191317792,265.1618191317792,vertical
7010016694490818.0,1000000000000000.0,162.80982937311427,1.362836068953576,384.69293722297175,265.1618191317792,265.1618191317792,vertical
7035058430717863.0,1000000000000000.0,163.21501060987555,1.3590414905126535,385.0309819031594,265.1618191317792,265.1618191317792,vertical
7060100166944908.0,1000000000000000.0,163.62019184663686,1.355259086482862,385.36794357886055,265.1618191317792,265.1618191317792,vertical
7085141903171953.0,1000000000000000.0,164.02537308339814,1.3514886593951534,385.70380465866975,265.1618191317792,265.1618191317792,vertical
7110183639398998.0,1000000000000000.0,164.43055432015942,1.3477300117551256,386.0385472269697,265.1618191317792,265.1618191317792,vertical
7135225375626043.0,1000000000000000.0,164.83573555692072,1.3439829459952364,386.37215303600277,265.1618191317792,265.1618191317792,vertical
7160267111853088.0,1000000000000000.0,165.24091679368198,1.3402472644261678,386.70460349768626,265.1618191317792,265.1618191317792,vertical
7185308848080133.0,1000000000000000.0,165.6460980304433,1.3365227691872947,387.0358796751615,265.1618191317792,265.1618191317792,vertical
7210350584307178.0,1000000000000000.0,166.05127926720456,1.3328092621962142,387.365962274065,265.1618191317792,265.1618191317792,vertical
7235392320534223.0,1000000000000000.0,166.45646050396587,1.3291065450972792,387.6948316335137,265.1618191317792,265.1618191317792,vertical
7260434056761269.0,1000000000000000.0,166.86164174072715,1.3254144192090882,388.02246771678796,265.1618191317792,265.1618191317792,vertical
7285475792988314.0,1000000000000000.0,167.26682297748846,1.3217326854708742,388.3488501017056,265.1618191317792,265.1618191317792,vertical
7310517529215359.0,1000000000000000.0,167.67200421424977,1.3180611443877375,388.67395797066933,265.1618191317792,265.1618191317792,vertical
7335559265442404.0,1000000000000000.0,168.07718545101105,1.3143995959746597,388.9977701003779,265.1618191317792,265.1618191317792,vertical
7360601001669449.0,1000000000000000.0,168.48236668777236,1.3107478396992391,389.320264851185,265.1618191317792,265.1618191317792,vertical
7385642737896494.0,1000000000000000.0,168.8875479245336,1.3071056744230831,389.6414201560919,265.1618191317792,265.1618191317792,vertical
7410684474123539.0,1000000000000000.0,169.29272916129491,1.3034728983417843,389.9612135093587,265.1618191317792,265.1618191317792,vertical
7435726210350584.0,1000000000000000.0,169.6979103980562,1.2998493089234184,390.2796219547177,265.1618191317792,265.1618191317792,vertical
7460767946577629.0,1000000000000000.0,170.1030916348175,1.2962347028454761,390.59662207317194,265.1618191317792,265.1618191317792,vertical
7485809682804674.0,1000000000000000.0,170.50827287157878,1.2926288759301654,390.91218997036157,265.1618191317792,265.1618191317792,vertical
7510851419031719.0,1000000000000000.0,170.91345410834006,1.2890316230779897,391.2263012634792,265.1618191317792,265.1618191317792,vertical
7535893155258764.0,1000000000000000.0,171.3186353451014,1.2854427381995235,391.5389310677142,265.1618191317792,265.1618191317792,vertical
7560934891485809.0,1000000000000000.0,171.72381658186265,1.2818620141452954,391.85005398220636,265.1618191317792,265.1618191317792,vertical
7585976627712855.0,1000000000000000.0,172.12899781862396,1.2782892426336758,392.1596440754864,265.1618191317792,265.1618191317792,vertical
7611018363939900.0,1000000000000000.0,172.53417905538524,1.2747242141766817,392.46767487038005,265.1618191317792,265.1618191317792,vertical
7636060100166945.0,1000000000000000.0,172.93936029214655,1.2711667180035846,392.7741193283539,265.1618191317792,265.1618191317792,vertical
7661101836393990.0,1000000000000000.0,173.34454152890783,1.2676165419822167,393.07894983327475,265.1618191317792,265.1618191317792,vertical
7686143572621035.0,1000000000000000.0,173.7497227656691,1.2640734725378593,393.3821381745588,265.1618191317792,265.1618191317792,vertical
7711185308848080.0,1000000000000000.0,174.15490400243038,1.2605372945695903,393.6836555296807,265.1618191317792,265.1618191317792,vertical
7736227045075125.0,1000000000000000.0,174.5600852391917,1.257007791363963,393.98347244601314,265.1618191317792,265.1618191317792,vertical
7761268781302170.0,1000000000000000.0,174.96526647595297,1.2534847445058852,394.281558821967,265.1618191317792,265.1618191317792,vertical
7786310517529215.0,1000000000000000.0,175.37044771271428,1.2499679337865524,394.57788388739834,265.1618191317792,265.1618191317792,vertical
7811352253756260.0,1000000000000000.0,175.77562894947553,1.2464571371082864,394.87241618324725,265.1618191317792,265.1618191317792,vertical
7836393989983305.0,1000000000000000.0,176.18081018623687,1.2429521303861208,395.16512354037275,265.1618191317792,265.1618191317792,vertical
7861435726210350.0,1000000000000000.0,176.58599142299812,1.2394526874459748,395.455973057545,265.1618191317792,265.1618191317792,vertical
7886477462437395.0,1000000000000000.0,176.99117265975943,1.2359585799192208,395.7449310785533,265.1618191317792,265.1618191317792,vertical
7911519198664440.0,1000000000000000.0,177.39635389652074,1.2324695771334837,396.03196316838745,265.1618191317792,265.1618191317792,vertical
7936560934891486.0,1000000000000000.0,177.80153513328202,1.2289854459994545,396.3170340884463,265.1618191317792,265.1618191317792,vertical
7961602671118531.0,1000000000000000.0,178.20671637004332,1.225505950893523,396.60010777072563,265.1618191317792,265.1618191317792,vertical
7986644407345576.0,1000000000000000.0,178.61189760680458,1.222030853536006,396.8811472909337,265.1618191317792,265.1618191317792,vertical
8011686143572621.0,1000000000000000.0,179.01707884356588,1.2185599128647349,397.1601148404809,265.1618191317792,265.1618191317792,vertical
8036727879799666.0,1000000000000000.0,179.42226008032716,1.215092884903762,397.436971697285,265.1618191317792,265.1618191317792,vertical
8061769616026711.0,1000000000000000.0,179.82744131708847,1.2116295226269203,397.71167819533287,265.1618191317792,265.1618191317792,vertical
8086811352253756.0,1000000000000000.0,180.23262255384975,1.2081695758159587,397.9841936929322,265.1618191317792,265.1618191317792,vertical
8111853088480801.0,1000000000000000.0,180.63780379061103,1.2047127909129611,398.25447653958594,265.1618191317792,265.1618191317792,vertical
8136894824707846.0,1000000000000000.0,181.04298502737237,1.201258910866735,398.5224840414163,265.1618191317792,265.1618191317792,vertical
8161936560934891.0,1000000000000000.0,181.44816626413362,1.1978076749728412,398.788172425061,265.1618191317792,265.1618191317792,vertical
8186978297161936.0,1000000000000000.0,181.8533475008949,1.1943588187069043,399.0514967999599,265.1618191317792,265.1618191317792,vertical
8212020033388981.0,1000000000000000.0,182.2585287376562,1.1909120735508383,399.31241111894343,265.1618191317792,265.1618191317792,vertical
8237061769616026.0,1000000000000000.0,182.66370997441751,1.1874671668115822,399.5708681370316,265.1618191317792,265.1618191317792,vertical
8262103505843072.0,1000000000000000.0,183.0688912111788,1.1840238214319223,399.8268193683436,265.1618191317792,265.1618191317792,vertical
8287145242070117.0,1000000000000000.0,183.47407244794007,1.1805817557929479,400.0802150410117,265.1618191317792,265.1618191317792,vertical
8312186978297162.0,1000000000000000.0,183.87925368470138,1.177140683507658,400.33100404998885,265.1618191317792,265.1618191317792,vertical
8337228714524207.0,1000000000000000.0,184.28443492146266,1.1737003132052082,400.5791339076282,265.1618191317792,265.1618191317792,vertical
8362270450751252.0,1000000000000000.0,184.68961615822394,1.1702603483052352,400.8245506919073,265.1618191317792,265.1618191317792,vertical
8387312186978297.0,1000000000000000.0,185.09479739498525,1.1668204867816918,401.06719899216057,265.1618191317792,265.1618191317792,vertical
8412353923205342.0,1000000000000000.0,185.4999786317465,1.1633804209155474,401.3070218521728,265.1618191317792,265.1618191317792,vertical
8437395659432387.0,1000000000000000.0,185.90515986850784,1.1599398370356906,401.5439607104788,265.1618191317792,265.1618191317792,vertical
8462437395659432.0,1000000000000000.0,186.3103411052691,1.156498415247317,401.77795533769984,265.1618191317792,265.1618191317792,vertical
8487479131886477.0,1000000000000000.0,186.7155223420304,1.153055829147029,402.00894377074087,265.1618191317792,265.1618191317792,vertical
8512520868113522.0,1000000000000000.0,187.1207035787917,1.149611745523826,402.23686224365287,265.1618191317792,265.1618191317792,vertical
8537562604340567.0,1000000000000000.0,187.52588481555298,1.146165824045101,402.46164511495795,265.1618191317792,265.1618191317792,vertical
8562604340567612.0,1000000000000000.0,187.9310660523143,1.142717716926691,402.68322479121406,265.1618191317792,265.1618191317792,vertical
8587646076794657.0,1000000000000000.0,188.33624728907554,1.1392670685859714,402.90153164658324,265.1618191317792,265.1618191317792,vertical
8612687813021703.0,1000000000000000.0,188.74142852583688,1.135813515276881,403.1164939381478,265.1618191317792,265.1618191317792,vertical
8637729549248748.0,1000000000000000.0,189.14660976259813,1.1323566847057247,403.3280377167012,265.1618191317792,265.1618191317792,vertical
8662771285475793.0,1000000000000000.0,189.55179099935947,1.1288961956264596,403.53608673271816,265.1618191317792,265.1618191317792,vertical
8687813021702838.0,1000000000000000.0,189.95697223612072,1.125431657414114,403.74056233718494,265.1618191317792,265.1618191317792,vertical
8712854757929883.0,1000000000000000.0,190.362153472882,1.121962669614859,403.94138337695017,265.1618191317792,265.1618191317792,vertical
8737896494156928.0,1000000000000000.0,190.76733470964334,1.1184888214711401,404.13846608422284,265.1618191317792,265.1618191317792,vertical
8762938230383973.0,1000000000000000.0,191.1725159464046,1.1150096914201604,404.33172395982086,265.1618191317792,265.1618191317792,vertical
8787979966611018.0,1000000000000000.0,191.57769718316587,1.1115248465638348,404.5210676497371,265.1618191317792,265.1618191317792,vertical
8813021702838063.0,1000000000000000.0,191.98287841992718,1.1080338421082367,404.7064048145576,265.1618191317792,265.1618191317792,vertical
8838063439065108.0,1000000000000000.0,192.38805965668848,1.1045362207703282,404.88763999122364,265.1618191317792,265.1618191317792,vertical
8863105175292153.0,1000000000000000.0,192.79324089344976,1.1010315121496328,405.0646744465932,265.1618191317792,265.1618191317792,vertical
8888146911519198.0,1000000000000000.0,193.19842213021104,1.0975192320622802,405.2374060222045,265.1618191317792,265.1618191317792,vertical
8913188647746243.0,1000000000000000.0,193.60360336697235,1.0939988818346427,405.40572896959776,265.1618191317792,265.1618191317792,vertical
8938230383973289.0,1000000000000000.0,194.00878460373366,1.0904699475535353,405.56953377549223,265.1618191317792,265.1618191317792,vertical
8963272120200334.0,1000000000000000.0,194.41396584049497,1.086931899269687,405.72870697605623,265.1618191317792,265.1618191317792,vertical
8988313856427379.0,1000000000000000.0,194.81914707725622,1.0833841901508943,405.8831309594374,265.1618191317792,265.1618191317792,vertical
9013355592654424.0,1000000000000000.0,195.2243283140175,1.0798262555809361,406.03268375564636,265.1618191317792,265.1618191317792,vertical
9038397328881468.0,1000000000000000.0,195.6295095507788,1.0762575121999887,406.1772388128039,265.1618191317792,265.1618191317792,vertical
9063439065108514.0,1000000000000000.0,196.03469078754006,1.0726773568818495,406.31666475866916,265.1618191317792,265.1618191317792,vertical
9088480801335560.0,1000000000000000.0,196.4398720243014,1.0690851656428646,406.4508251462648,265.1618191317792,265.1618191317792,vertical
9113522537562604.0,1000000000000000.0,196.84505326106267,1.0654802924769524,406.579578182301,265.1618191317792,265.1618191317792,vertical
9138564273789648.0,1000000000000000.0,197.25023449782393,1.0618620681105684,406.70277643697784,265.1618191317792,265.1618191317792,vertical
9163606010016694.0,1000000000000000.0,197.65541573458526,1.0582297986708529,406.8202665335991,265.1618191317792,265.1618191317792,vertical
9188647746243740.0,1000000000000000.0,198.06059697134654,1.0545827642595382,406.9318888162835,265.1618191317792,265.1618191317792,vertical
9213689482470784.0,1000000000000000.0,198.46577820810785,1.0509202174244057,407.0374769938764,265.1618191317792,265.1618191317792,vertical
9238731218697828.0,1000000000000000.0,198.8709594448691,1.0472413815192865,407.1368577579798,265.1618191317792,265.1618191317792,vertical
9263772954924874.0,1000000000000000.0,199.2761406816304,1.0435454489426021,407.22985037279153,265.1618191317792,265.1618191317792,vertical
9288814691151920.0,1000000000000000.0,199.6813219183917,1.039831579243435,407.31626623420965,265.1618191317792,265.1618191317792,vertical
9313856427378964.0,1000000000000000.0,200.086503155153,1.0360988970828773,407.39590839537664,265.1618191317792,265.1618191317792,vertical
9338898163606010.0,1000000000000000.0,200.4916843919143,1.0323464900371104,407.46857105553516,265.1618191317792,265.1618191317792,vertical
9363939899833056.0,1000000000000000.0,200.8968656286756,1.028573406227129,407.5340390087163,265.1618191317792,265.1618191317792,vertical
9388981636060100.0,1000000000000000.0,201.3020468654369,1.0247786517583255,407.59208704839057,265.1618191317792,265.1618191317792,vertical
9414023372287144.0,1000000000000000.0,201.70722810219814,1.020961187951226,407.64247932376725,265.1618191317792,265.1618191317792,vertical
9439065108514190.0,1000000000000000.0,202.11240933895948,1.017119928342467,407.6849686429253,265.1618191317792,265.1618191317792,vertical
9464106844741236.0,1000000000000000.0,202.51759057572073,1.0132537354326328,407.71929571738633,265.1618191317792,265.1618191317792,vertical
9489148580968280.0,1000000000000000.0,202.92277181248198,1.009361417154707,407.74518834209005,265.1618191317792,265.1618191317792,vertical
9514190317195324.0,1000000000000000.0,203.32795304924332,1.0054417230337047,407.76236050399075,265.1618191317792,265.1618191317792,vertical
9539232053422370.0,1000000000000000.0,203.7331342860046,1.0014933400043158,407.77051141164316,265.1618191317792,265.1618191317792,vertical
9564273789649416.0,1000000000000000.0,204.13831552276594,0.9975148878491606,407.76932443717436,265.1618191317792,265.1618191317792,vertical
9589315525876460.0,1000000000000000.0,204.5434967595272,0.9935049142154113,407.7584659609215,265.1618191317792,265.1618191317792,vertical
9614357262103506.0,1000000000000000.0,204.94867799628847,0.9894618891618783,407.7375841077255,265.1618191317792,265.1618191317792,vertical
9639398998330552.0,1000000000000000.0,205.3538592330498,0.9853841991822303,407.70630736238905,265.1618191317792,265.1618191317792,vertical
9664440734557596.0,1000000000000000.0,205.75904046981108,0.9812701406424669,407.6642430500816,265.1618191317792,265.1618191317792,vertical
9689482470784640.0,1000000000000000.0,206.16422170657233,0.9771179125620721,407.61097566548256,265.1618191317792,265.1618191317792,vertical
9714524207011686.0,1000000000000000.0,206.56940294333367,0.9729256086581235,407.54606503212176,265.1618191317792,265.1618191317792,vertical
9739565943238732.0,1000000000000000.0,206.97458418009495,0.9686912085597712,407.4690442706672,265.1618191317792,265.1618191317792,vertical
9764607679465776.0,1000000000000000.0,207.37976541685623,0.9644125680865969,407.3794175517226,265.1618191317792,265.1618191317792,vertical
9789649415692820.0,1000000000000000.0,207.7849466536175,0.960087408468048,407.27665760496075,265.1618191317792,265.1618191317792,vertical
9814691151919866.0,1000000000000000.0,208.19012789037882,0.9557133043618551,407.16020295200997,265.1618191317792,265.1618191317792,vertical
9839732888146912.0,1000000000000000.0,208.59530912714015,0.9512876705065374,407.0294548252884,265.1618191317792,265.1618191317792,vertical
9864774624373956.0,1000000000000000.0,209.0004903639014,0.9468077468159972,406.88377372878546,265.1618191317792,265.1618191317792,vertical
9889816360601000.0,1000000000000000.0,209.40567160066266,0.9422705816918713,406.722475589396,265.1618191317792,265.1618191317792,vertical
9914858096828046.0,1000000000000000.0,209.810852837424,0.9376730132906073,406.5448274385635,265.1618191317792,265.1618191317792,vertical
9939899833055092.0,1000000000000000.0,210.21603407418525,0.9330116484356603,406.35004255334775,265.1618191317792,265.1618191317792,vertical
9964941569282136.0,1000000000000000.0,210.62121531094652,0.9282828388089548,406.13727497318405,265.1618191317792,265.1618191317792,vertical
9989983305509182.0,1000000000000000.0,211.02639654770786,0.9234826539875476,405.90561329301374,265.1618191317792,265.1618191317792,vertical
1.0015025041736226e+16,1000000000000000.0,211.4315777844691,0.9186068508081338,405.6540736144553,265.1618191317792,265.1618191317792,vertical
1.0040066777963272e+16,1000000000000000.0,211.83675902123045,0.9136508384400577,405.3815915134021,265.1618191317792,265.1618191317792,vertical
1.0065108514190316e+16,1000000000000000.0,212.2419402579917,0.9086096384217479,405.08701285373576,265.1618191317792,265.1618191317792,vertical
1.0090150250417362e+16,1000000000000000.0,212.647121494753,0.9034778387596327,404.7690832412895,265.1618191317792,265.1618191317792,vertical
1.0115191986644408e+16,1000000000000000.0,213.0523027315143,0.8982495409943227,404.4264358678805,265.1618191317792,265.1618191317792,vertical
1.0140233722871452e+16,1000000000000000.0,213.4574839682756,0.8929182988949702,404.05757743962863,265.1618191317792,265.1618191317792,vertical
1.0165275459098498e+16,1000000000000000.0,213.86266520503688,0.8874770471347195,403.66087181356414,265.1618191317792,265.1618191317792,vertical
1.0190317195325542e+16,1000000000000000.0,214.26784644179816,0.8819180179081838,403.23452087720386,265.1618191317792,265.1618191317792,vertical
1.0215358931552588e+16,1000000000000000.0,214.6730276785595,0.8762326429494207,402.7765420912978,265.1618191317792,265.1618191317792,vertical
1.0240400667779632e+16,1000000000000000.0,215.07820891532074,0.8704114377593757,402.2847419680164,265.1618191317792,265.1618191317792,vertical
1.0265442404006678e+16,1000000000000000.0,215.48339015208208,0.8644438640050134,401.75668456404776,265.1618191317792,265.1618191317792,vertical
1.0290484140233722e+16,1000000000000000.0,215.88857138884333,0.8583181649382239,401.1896538144501,265.1618191317792,265.1618191317792,vertical
1.0315525876460768e+16,1000000000000000.0,216.29375262560467,0.8520211672018678,400.5806081961444,265.1618191317792,265.1618191317792,vertical
1.0340567612687812e+16,1000000000000000.0,216.69893386236592,0.8455380404015689,399.92612575746,265.1618191317792,265.1618191317792,vertical
1.0365609348914858e+16,1000000000000000.0,217.1041150991272,0.8388520031195303,399.2223369355231,265.1618191317792,265.1618191317792,vertical
1.0390651085141902e+16,1000000000000000.0,217.5092963358885,0.8319439603291692,398.4648417379784,265.1618191317792,265.1618191317792,vertical
1.0415692821368948e+16,1000000000000000.0,217.9144775726498,0.8247920519854521,397.6486066871334,265.1618191317792,265.1618191317792,vertical
1.0440734557595992e+16,1000000000000000.0,218.31965880941104,0.8173710852304645,396.7678352576041,265.1618191317792,265.1618191317792,vertical
1.0465776293823038e+16,1000000000000000.0,218.72484004617237,0.8096518121056333,395.81580314207065,265.1618191317792,265.1618191317792,vertical
1.0490818030050084e+16,1000000000000000.0,219.13002128293363,0.801599999224424,394.78464617338125,265.1618191317792,265.1618191317792,vertical
1.0515859766277128e+16,1000000000000000.0,219.53520251969496,0.7931752128218408,393.66508350013993,265.1618191317792,265.1618191317792,vertical
1.0540901502504174e+16,1000000000000000.0,219.9403837564562,0.784329207469137,392.44605063861536,265.1618191317792,265.1618191317792,vertical
1.0565943238731218e+16,1000000000000000.0,220.3455649932175,0.7750037518743573,391.1142045718361,265.1618191317792,265.1618191317792,vertical
1.0590984974958264e+16,1000000000000000.0,220.75074622997883,0.7651276371445233,389.6532430908128,265.1618191317792,265.1618191317792,vertical
1.0616026711185308e+16,1000000000000000.0,221.15592746674008,0.7546124672218433,388.04294753315185,265.1618191317792,265.1618191317792,vertical
1.0641068447412354e+16,1000000000000000.0,221.56110870350142,0.7433465816788749,386.2578014912308,265.1618191317792,265.1618191317792,vertical
1.0666110183639398e+16,1000000000000000.0,221.96628994026267,0.7311860161162687,384.2649371937919,265.1618191317792,265.1618191317792,vertical
1.0691151919866444e+16,1000000000000000.0,222.371471177024,0.7179405740672993,382.0209728500465,265.1618191317792,265.1618191317792,vertical
1.0716193656093488e+16,1000000000000000.0,222.77665241378526,0.7033514428988195,379.4669323331899,265.1618191317792,265.1618191317792,vertical
1.0741235392320534e+16,1000000000000000.0,223.1818336505466,0.687053323354698,376.51965417255,265.1618191317792,265.1618191317792,vertical
1.0766277128547578e+16,1000000000000000.0,223.58701488730784,0.6685061189918611,373.05630246659746,265.1618191317792,265.1618191317792,vertical
1.0791318864774624e+16,1000000000000000.0,223.99219612406912,0.6468611524397276,368.88404624638997,265.1618191317792,265.1618191317792,vertical
1.081636060100167e+16,1000000000000000.0,224.39737736083046,0.6206687529664725,363.67381773632405,265.1618191317792,265.1618191317792,vertical
1.0841402337228714e+16,1000000000000000.0,224.8025585975917,0.5871323117657021,356.7914045178405,265.1618191317792,265.1618191317792,vertical
1.086644407345576e+16,1000000000000000.0,225.20773983435305,0.5397006951485337,346.7525135757835,265.1618191317792,265.1618191317792,vertical
1.0891485809682804e+16,1000000000000000.0,225.6129210711143,0.4565154836509818,328.60871285180485,265.1618191317792,265.1618191317792,vertical
1.091652754590985e+16,1000000000000000.0,226.01810230787564,0.23458279474739946,279.03806041076075,265.1618191317792,265.1618191317792,vertical
1.0941569282136894e+16,1000000000000000.0,226.4232835446369,nan,nan,265.1618191317792,nan,outside-full-depletion-model
1.096661101836394e+16,1000000000000000.0,226.82846478139817,nan,nan,265.1618191317792,nan,outside-full-depletion-model
1.0991652754590984e+16,1000000000000000.0,227.23364601815948,nan,nan,265.1618191317792,nan,outside-full-depletion-model
1.101669449081803e+16,1000000000000000.0,227.63882725492076,nan,nan,265.1618191317792,nan,outside-full-depletion-model
1.1041736227045074e+16,1000000000000000.0,228.0440084916821,nan,nan,265.1618191317792,nan,outside-full-depletion-model
1.106677796327212e+16,1000000000000000.0,228.44918972844334,nan,nan,265.1618191317792,nan,outside-full-depletion-model
1.1091819699499164e+16,1000000000000000.0,228.8543709652046,nan,nan,265.1618191317792,nan,outside-full-depletion-model
1.111686143572621e+16,1000000000000000.0,229.25955220196593,nan,nan,265.1618191317792,nan,outside-full-depletion-model
1.1141903171953256e+16,1000000000000000.0,229.66473343872727,nan,nan,265.1618191317792,nan,outside-full-depletion-model
1.11669449081803e+16,1000000000000000.0,230.06991467548852,nan,nan,265.1618191317792,nan,outside-full-depletion-model
1.1191986644407346e+16,1000000000000000.0,230.4750959122498,nan,nan,265.1618191317792,nan,outside-full-depletion-model
1.121702838063439e+16,1000000000000000.0,230.88027714901105,nan,nan,265.1618191317792,nan,outside-full-depletion-model
1.1242070116861436e+16,1000000000000000.0,231.2854583857724,nan,nan,265.1618191317792,nan,outside-full-depletion-model
1.126711185308848e+16,1000000000000000.0,231.69063962253364,nan,nan,265.1618191317792,nan,outside-full-depletion-model
1.1292153589315526e+16,1000000000000000.0,232.09582085929497,nan,nan,265.1618191317792,nan,outside-full-depletion-model
1.131719532554257e+16,1000000000000000.0,232.50100209605623,nan,nan,265.1618191317792,nan,outside-full-depletion-model
1.1342237061769616e+16,1000000000000000.0,232.90618333281756,nan,nan,265.1618191317792,nan,outside-full-depletion-model
1.136727879799666e+16,1000000000000000.0,233.3113645695788,nan,nan,265.1618191317792,nan,outside-full-depletion-model
1.1392320534223706e+16,1000000000000000.0,233.7165458063401,nan,nan,265.1618191317792,nan,outside-full-depletion-model
1.141736227045075e+16,1000000000000000.0,234.12172704310134,nan,nan,265.1618191317792,nan,outside-full-depletion-model
1.1442404006677796e+16,1000000000000000.0,234.52690827986268,nan,nan,265.1618191317792,nan,outside-full-depletion-model
1.1467445742904842e+16,1000000000000000.0,234.93208951662402,nan,nan,265.1618191317792,nan,outside-full-depletion-model
1.1492487479131886e+16,1000000000000000.0,235.33727075338527,nan,nan,265.1618191317792,nan,outside-full-depletion-model
1.1517529215358932e+16,1000000000000000.0,235.7424519901466,nan,nan,265.1618191317792,nan,outside-full-depletion-model
1.1542570951585976e+16,1000000000000000.0,236.14763322690786,nan,nan,265.1618191317792,nan,outside-full-depletion-model
1.1567612687813022e+16,1000000000000000.0,236.5528144636692,nan,nan,265.1618191317792,nan,outside-full-depletion-model
1.1592654424040066e+16,1000000000000000.0,236.95799570043044,nan,nan,265.1618191317792,nan,outside-full-depletion-model
1.1617696160267112e+16,1000000000000000.0,237.36317693719172,nan,nan,265.1618191317792,nan,outside-full-depletion-model
1.1642737896494156e+16,1000000000000000.0,237.76835817395306,nan,nan,265.1618191317792,nan,outside-full-depletion-model
1.1667779632721202e+16,1000000000000000.0,238.1735394107143,nan,nan,265.1618191317792,nan,outside-full-depletion-model
1.1692821368948246e+16,1000000000000000.0,238.57872064747565,nan,nan,265.1618191317792,nan,outside-full-depletion-model
1.1717863105175292e+16,1000000000000000.0,238.9839018842369,nan,nan,265.1618191317792,nan,outside-full-depletion-model
1.1742904841402336e+16,1000000000000000.0,239.38908312099815,nan,nan,265.1618191317792,nan,outside-full-depletion-model
1.1767946577629382e+16,1000000000000000.0,239.7942643577595,nan,nan,265.1618191317792,nan,outside-full-depletion-model
1.1792988313856426e+16,1000000000000000.0,240.19944559452077,nan,nan,265.1618191317792,nan,outside-full-depletion-model
1.1818030050083472e+16,1000000000000000.0,240.60462683128202,nan,nan,265.1618191317792,nan,outside-full-depletion-model
1.1843071786310518e+16,1000000000000000.0,241.00980806804336,nan,nan,265.1618191317792,nan,outside-full-depletion-model
1.1868113522537562e+16,1000000000000000.0,241.4149893048047,nan,nan,265.1618191317792,nan,outside-full-depletion-model
1.1893155258764608e+16,1000000000000000.0,241.82017054156594,nan,nan,265.1618191317792,nan,outside-full-depletion-model
1.1918196994991652e+16,1000000000000000.0,242.2253517783272,nan,nan,265.1618191317792,nan,outside-full-depletion-model
1.1943238731218698e+16,1000000000000000.0,242.63053301508853,nan,nan,265.1618191317792,nan,outside-full-depletion-model
1.1968280467445742e+16,1000000000000000.0,243.03571425184978,nan,nan,265.1618191317792,nan,outside-full-depletion-model
1.1993322203672788e+16,1000000000000000.0,243.44089548861112,nan,nan,265.1618191317792,nan,outside-full-depletion-model
1.2018363939899832e+16,1000000000000000.0,243.8460767253724,nan,nan,265.1618191317792,nan,outside-full-depletion-model
1.2043405676126878e+16,1000000000000000.0,244.25125796213365,nan,nan,265.1618191317792,nan,outside-full-depletion-model
1.2068447412353922e+16,1000000000000000.0,244.656439198895,nan,nan,265.1618191317792,nan,outside-full-depletion-model
1.2093489148580968e+16,1000000000000000.0,245.06162043565624,nan,nan,265.1618191317792,nan,outside-full-depletion-model
1.2118530884808012e+16,1000000000000000.0,245.46680167241757,nan,nan,265.1618191317792,nan,outside-full-depletion-model
1.2143572621035058e+16,1000000000000000.0,245.87198290917883,nan,nan,265.1618191317792,nan,outside-full-depletion-model
1.2168614357262104e+16,1000000000000000.0,246.27716414594016,nan,nan,265.1618191317792,nan,outside-full-depletion-model
1.2193656093489148e+16,1000000000000000.0,246.6823453827014,nan,nan,265.1618191317792,nan,outside-full-depletion-model
1.2218697829716194e+16,1000000000000000.0,247.0875266194627,nan,nan,265.1618191317792,nan,outside-full-depletion-model
1.2243739565943238e+16,1000000000000000.0,247.49270785622403,nan,nan,265.1618191317792,nan,outside-full-depletion-model
1.2268781302170284e+16,1000000000000000.0,247.89788909298534,nan,nan,265.1618191317792,nan,outside-full-depletion-model
1.2293823038397328e+16,1000000000000000.0,248.30307032974662,nan,nan,265.1618191317792,nan,outside-full-depletion-model
1.2318864774624374e+16,1000000000000000.0,248.70825156650787,nan,nan,265.1618191317792,nan,outside-full-depletion-model
1.2343906510851418e+16,1000000000000000.0,249.11343280326912,nan,nan,265.1618191317792,nan,outside-full-depletion-model
1.2368948247078464e+16,1000000000000000.0,249.51861404003046,nan,nan,265.1618191317792,nan,outside-full-depletion-model
1.2393989983305508e+16,1000000000000000.0,249.9237952767917,nan,nan,265.1618191317792,nan,outside-full-depletion-model
1.2419031719532554e+16,1000000000000000.0,250.32897651355304,nan,nan,265.1618191317792,nan,outside-full-depletion-model
1.2444073455759598e+16,1000000000000000.0,250.73415775031432,nan,nan,265.1618191317792,nan,outside-full-depletion-model
1.2469115191986644e+16,1000000000000000.0,251.13933898707566,nan,nan,265.1618191317792,nan,outside-full-depletion-model
1.249415692821369e+16,1000000000000000.0,251.5445202238369,nan,nan,265.1618191317792,nan,outside-full-depletion-model
1.2519198664440734e+16,1000000000000000.0,251.94970146059816,nan,nan,265.1618191317792,nan,outside-full-depletion-model
1.254424040066778e+16,1000000000000000.0,252.3548826973595,nan,nan,265.1618191317792,nan,outside-full-depletion-model
1.2569282136894824e+16,1000000000000000.0,252.76006393412075,nan,nan,265.1618191317792,nan,outside-full-depletion-model
1.259432387312187e+16,1000000000000000.0,253.1652451708821,nan,nan,265.1618191317792,nan,outside-full-depletion-model
1.2619365609348914e+16,1000000000000000.0,253.57042640764334,nan,nan,265.1618191317792,nan,outside-full-depletion-model
1.264440734557596e+16,1000000000000000.0,253.97560764440462,nan,nan,265.1618191317792,nan,outside-full-depletion-model
1.2669449081803004e+16,1000000000000000.0,254.38078888116596,nan,nan,265.1618191317792,nan,outside-full-depletion-model
1.269449081803005e+16,1000000000000000.0,254.7859701179273,nan,nan,265.1618191317792,nan,outside-full-depletion-model
1.2719532554257094e+16,1000000000000000.0,255.19115135468854,nan,nan,265.1618191317792,nan,outside-full-depletion-model
1.274457429048414e+16,1000000000000000.0,255.5963325914498,nan,nan,265.1618191317792,nan,outside-full-depletion-model
1.2769616026711184e+16,1000000000000000.0,256.00151382821105,nan,nan,265.1618191317792,nan,outside-full-depletion-model
1.279465776293823e+16,1000000000000000.0,256.4066950649724,nan,nan,265.1618191317792,nan,outside-full-depletion-model
1.2819699499165276e+16,1000000000000000.0,256.8118763017337,nan,nan,265.1618191317792,nan,outside-full-depletion-model
1.284474123539232e+16,1000000000000000.0,257.217057538495,nan,nan,265.1618191317792,nan,outside-full-depletion-model
1.2869782971619366e+16,1000000000000000.0,257.62223877525633,nan,nan,265.1618191317792,nan,outside-full-depletion-model
1.289482470784641e+16,1000000000000000.0,258.02742001201756,nan,nan,265.1618191317792,nan,outside-full-depletion-model
1.2919866444073456e+16,1000000000000000.0,258.43260124877884,nan,nan,265.1618191317792,nan,outside-full-depletion-model
1.29449081803005e+16,1000000000000000.0,258.8377824855401,nan,nan,265.1618191317792,nan,outside-full-depletion-model
1.2969949916527546e+16,1000000000000000.0,259.24296372230145,nan,nan,265.1618191317792,nan,outside-full-depletion-model
1.299499165275459e+16,1000000000000000.0,259.6481449590627,nan,nan,265.1618191317792,nan,outside-full-depletion-model
1.3020033388981636e+16,1000000000000000.0,260.053326195824,nan,nan,265.1618191317792,nan,outside-full-depletion-model
1.304507512520868e+16,1000000000000000.0,260.4585074325853,nan,nan,265.1618191317792,nan,outside-full-depletion-model
1.3070116861435726e+16,1000000000000000.0,260.86368866934663,nan,nan,265.1618191317792,nan,outside-full-depletion-model
1.309515859766277e+16,1000000000000000.0,261.26886990610785,nan,nan,265.1618191317792,nan,outside-full-depletion-model
1.3120200333889816e+16,1000000000000000.0,261.6740511428692,nan,nan,265.1618191317792,nan,outside-full-depletion-model
1.314524207011686e+16,1000000000000000.0,262.07923237963047,nan,nan,265.1618191317792,nan,outside-full-depletion-model
1.3170283806343906e+16,1000000000000000.0,262.48441361639175,nan,nan,265.1618191317792,nan,outside-full-depletion-model
1.3195325542570952e+16,1000000000000000.0,262.8895948531531,nan,nan,265.1618191317792,nan,outside-full-depletion-model
1.3220367278797996e+16,1000000000000000.0,263.2947760899143,nan,nan,265.1618191317792,nan,outside-full-depletion-model
1.3245409015025042e+16,1000000000000000.0,263.69995732667564,nan,nan,265.1618191317792,nan,outside-full-depletion-model
1.3270450751252086e+16,1000000000000000.0,264.1051385634369,nan,nan,265.1618191317792,nan,outside-full-depletion-model
1.3295492487479132e+16,1000000000000000.0,264.51031980019826,nan,nan,265.1618191317792,nan,outside-full-depletion-model
1.3320534223706176e+16,1000000000000000.0,264.9155010369595,nan,nan,265.1618191317792,nan,outside-full-depletion-model
1.3345575959933222e+16,1000000000000000.0,265.32068227372076,nan,nan,265.1618191317792,nan,outside-full-depletion-model
1.3370617696160266e+16,1000000000000000.0,265.72586351048204,nan,nan,265.1618191317792,nan,outside-full-depletion-model
1.3395659432387312e+16,1000000000000000.0,266.1310447472434,nan,nan,265.1618191317792,nan,outside-full-depletion-model
1.3420701168614356e+16,1000000000000000.0,266.5362259840046,nan,nan,265.1618191317792,nan,outside-full-depletion-model
1.3445742904841402e+16,1000000000000000.0,266.94140722076594,nan,nan,265.1618191317792,nan,outside-full-depletion-model
1.3470784641068446e+16,1000000000000000.0,267.3465884575272,nan,nan,265.1618191317792,nan,outside-full-depletion-model
1.3495826377295492e+16,1000000000000000.0,267.75176969428856,nan,nan,265.1618191317792,nan,outside-full-depletion-model
1.3520868113522538e+16,1000000000000000.0,268.1569509310499,nan,nan,265.1618191317792,nan,outside-full-depletion-model
1.3545909849749582e+16,1000000000000000.0,268.5621321678111,nan,nan,265.1618191317792,nan,outside-full-depletion-model
1.3570951585976628e+16,1000000000000000.0,268.9673134045724,nan,nan,265.1618191317792,nan,outside-full-depletion-model
1.3595993322203672e+16,1000000000000000.0,269.3724946413337,nan,nan,265.1618191317792,nan,outside-full-depletion-model
1.3621035058430718e+16,1000000000000000.0,269.777675878095,nan,nan,265.1618191317792,nan,outside-full-depletion-model
1.3646076794657762e+16,1000000000000000.0,270.18285711485623,nan,nan,265.1618191317792,nan,outside-full-depletion-model
1.3671118530884808e+16,1000000000000000.0,270.58803835161757,nan,nan,265.1618191317792,nan,outside-full-depletion-model
1.3696160267111852e+16,1000000000000000.0,270.99321958837885,nan,nan,265.1618191317792,nan,outside-full-depletion-model
1.3721202003338898e+16,1000000000000000.0,271.3984008251402,nan,nan,265.1618191317792,nan,outside-full-depletion-model
1.3746243739565942e+16,1000000000000000.0,271.8035820619014,nan,nan,265.1618191317792,nan,outside-full-depletion-model
1.3771285475792988e+16,1000000000000000.0,272.2087632986627,nan,nan,265.1618191317792,nan,outside-full-depletion-model
1.3796327212020032e+16,1000000000000000.0,272.61394453542397,nan,nan,265.1618191317792,nan,outside-full-depletion-model
1.3821368948247078e+16,1000000000000000.0,273.0191257721853,nan,nan,265.1618191317792,nan,outside-full-depletion-model
1.3846410684474124e+16,1000000000000000.0,273.42430700894664,nan,nan,265.1618191317792,nan,outside-full-depletion-model
1.3871452420701168e+16,1000000000000000.0,273.82948824570786,nan,nan,265.1618191317792,nan,outside-full-depletion-model
1.3896494156928214e+16,1000000000000000.0,274.2346694824692,nan,nan,265.1618191317792,nan,outside-full-depletion-model
1.3921535893155258e+16,1000000000000000.0,274.6398507192305,nan,nan,265.1618191317792,nan,outside-full-depletion-model
1.3946577629382304e+16,1000000000000000.0,275.0450319559918,nan,nan,265.1618191317792,nan,outside-full-depletion-model
1.3971619365609348e+16,1000000000000000.0,275.45021319275304,nan,nan,265.1618191317792,nan,outside-full-depletion-model
1.3996661101836394e+16,1000000000000000.0,275.8553944295143,nan,nan,265.1618191317792,nan,outside-full-depletion-model
1.4021702838063438e+16,1000000000000000.0,276.2605756662756,nan,nan,265.1618191317792,nan,outside-full-depletion-model
1.4046744574290484e+16,1000000000000000.0,276.66575690303694,nan,nan,265.1618191317792,nan,outside-full-depletion-model
1.4071786310517528e+16,1000000000000000.0,277.0709381397983,nan,nan,265.1618191317792,nan,outside-full-depletion-model
1.4096828046744574e+16,1000000000000000.0,277.4761193765595,nan,nan,265.1618191317792,nan,outside-full-depletion-model
1.4121869782971618e+16,1000000000000000.0,277.8813006133208,nan,nan,265.1618191317792,nan,outside-full-depletion-model
1.4146911519198664e+16,1000000000000000.0,278.2864818500821,nan,nan,265.1618191317792,nan,outside-full-depletion-model
1.417195325542571e+16,1000000000000000.0,278.6916630868434,nan,nan,265.1618191317792,nan,outside-full-depletion-model
1.4196994991652754e+16,1000000000000000.0,279.0968443236046,nan,nan,265.1618191317792,nan,outside-full-depletion-model
1.42220367278798e+16,1000000000000000.0,279.50202556036595,nan,nan,265.1618191317792,nan,outside-full-depletion-model
1.4247078464106844e+16,1000000000000000.0,279.9072067971273,nan,nan,265.1618191317792,nan,outside-full-depletion-model
1.427212020033389e+16,1000000000000000.0,280.31238803388857,nan,nan,265.1618191317792,nan,outside-full-depletion-model
1.4297161936560934e+16,1000000000000000.0,280.7175692706498,nan,nan,265.1618191317792,nan,outside-full-depletion-model
1.432220367278798e+16,1000000000000000.0,281.1227505074111,nan,nan,265.1618191317792,nan,outside-full-depletion-model
1.4347245409015024e+16,1000000000000000.0,281.5279317441724,nan,nan,265.1618191317792,nan,outside-full-depletion-model
1.437228714524207e+16,1000000000000000.0,281.93311298093374,nan,nan,265.1618191317792,nan,outside-full-depletion-model
1.4397328881469114e+16,1000000000000000.0,282.338294217695,nan,nan,265.1618191317792,nan,outside-full-depletion-model
1.442237061769616e+16,1000000000000000.0,282.74347545445625,nan,nan,265.1618191317792,nan,outside-full-depletion-model
1.4447412353923204e+16,1000000000000000.0,283.1486566912176,nan,nan,265.1618191317792,nan,outside-full-depletion-model
1.447245409015025e+16,1000000000000000.0,283.55383792797886,nan,nan,265.1618191317792,nan,outside-full-depletion-model
1.4497495826377296e+16,1000000000000000.0,283.9590191647402,nan,nan,265.1618191317792,nan,outside-full-depletion-model
1.452253756260434e+16,1000000000000000.0,284.3642004015014,nan,nan,265.1618191317792,nan,outside-full-depletion-model
1.4547579298831386e+16,1000000000000000.0,284.76938163826276,nan,nan,265.1618191317792,nan,outside-full-depletion-model
1.457262103505843e+16,1000000000000000.0,285.17456287502404,nan,nan,265.1618191317792,nan,outside-full-depletion-model
1.4597662771285476e+16,1000000000000000.0,285.5797441117853,nan,nan,265.1618191317792,nan,outside-full-depletion-model
1.462270450751252e+16,1000000000000000.0,285.98492534854654,nan,nan,265.1618191317792,nan,outside-full-depletion-model
1.4647746243739566e+16,1000000000000000.0,286.39010658530793,nan,nan,265.1618191317792,nan,outside-full-depletion-model
1.467278797996661e+16,1000000000000000.0,286.7952878220692,nan,nan,265.1618191317792,nan,outside-full-depletion-model
1.4697829716193656e+16,1000000000000000.0,287.2004690588305,nan,nan,265.1618191317792,nan,outside-full-depletion-model
1.47228714524207e+16,1000000000000000.0,287.6056502955917,nan,nan,265.1618191317792,nan,outside-full-depletion-model
1.4747913188647746e+16,1000000000000000.0,288.01083153235305,nan,nan,265.1618191317792,nan,outside-full-depletion-model
1.477295492487479e+16,1000000000000000.0,288.41601276911433,nan,nan,265.1618191317792,nan,outside-full-depletion-model
1.4797996661101836e+16,1000000000000000.0,288.82119400587567,nan,nan,265.1618191317792,nan,outside-full-depletion-model
1.482303839732888e+16,1000000000000000.0,289.22637524263695,nan,nan,265.1618191317792,nan,outside-full-depletion-model
1.4848080133555926e+16,1000000000000000.0,289.6315564793983,nan,nan,265.1618191317792,nan,outside-full-depletion-model
1.4873121869782972e+16,1000000000000000.0,290.0367377161595,nan,nan,265.1618191317792,nan,outside-full-depletion-model
1.4898163606010016e+16,1000000000000000.0,290.4419189529208,nan,nan,265.1618191317792,nan,outside-full-depletion-model
1.4923205342237062e+16,1000000000000000.0,290.8471001896821,nan,nan,265.1618191317792,nan,outside-full-depletion-model
1.4948247078464106e+16,1000000000000000.0,291.25228142644335,nan,nan,265.1618191317792,nan,outside-full-depletion-model
1.4973288814691152e+16,1000000000000000.0,291.6574626632047,nan,nan,265.1618191317792,nan,outside-full-depletion-model
1.4998330550918196e+16,1000000000000000.0,292.06264389996596,nan,nan,265.1618191317792,nan,outside-full-depletion-model
1.5023372287145242e+16,1000000000000000.0,292.46782513672724,nan,nan,265.1618191317792,nan,outside-full-depletion-model
1.5048414023372286e+16,1000000000000000.0,292.8730063734886,nan,nan,265.1618191317792,nan,outside-full-depletion-model
1.5073455759599332e+16,1000000000000000.0,293.2781876102499,nan,nan,265.1618191317792,nan,outside-full-depletion-model
1.5098497495826376e+16,1000000000000000.0,293.68336884701114,nan,nan,265.1618191317792,nan,outside-full-depletion-model
1.5123539232053422e+16,1000000000000000.0,294.0885500837724,nan,nan,265.1618191317792,nan,outside-full-depletion-model
1.5148580968280466e+16,1000000000000000.0,294.49373132053364,nan,nan,265.1618191317792,nan,outside-full-depletion-model
1.5173622704507512e+16,1000000000000000.0,294.898912557295,nan,nan,265.1618191317792,nan,outside-full-depletion-model
1.5198664440734558e+16,1000000000000000.0,295.3040937940563,nan,nan,265.1618191317792,nan,outside-full-depletion-model
1.5223706176961602e+16,1000000000000000.0,295.7092750308176,nan,nan,265.1618191317792,nan,outside-full-depletion-model
1.5248747913188648e+16,1000000000000000.0,296.11445626757893,nan,nan,265.1618191317792,nan,outside-full-depletion-model
1.5273789649415692e+16,1000000000000000.0,296.5196375043402,nan,nan,265.1618191317792,nan,outside-full-depletion-model
1.5298831385642738e+16,1000000000000000.0,296.92481874110143,nan,nan,265.1618191317792,nan,outside-full-depletion-model
1.5323873121869782e+16,1000000000000000.0,297.3299999778627,nan,nan,265.1618191317792,nan,outside-full-depletion-model
1.5348914858096828e+16,1000000000000000.0,297.73518121462405,nan,nan,265.1618191317792,nan,outside-full-depletion-model
1.5373956594323872e+16,1000000000000000.0,298.1403624513853,nan,nan,265.1618191317792,nan,outside-full-depletion-model
1.5398998330550918e+16,1000000000000000.0,298.5455436881466,nan,nan,265.1618191317792,nan,outside-full-depletion-model
1.5424040066777962e+16,1000000000000000.0,298.9507249249079,nan,nan,265.1618191317792,nan,outside-full-depletion-model
1.5449081803005008e+16,1000000000000000.0,299.3559061616692,nan,nan,265.1618191317792,nan,outside-full-depletion-model
1.5474123539232052e+16,1000000000000000.0,299.7610873984305,nan,nan,265.1618191317792,nan,outside-full-depletion-model
1.5499165275459098e+16,1000000000000000.0,300.16626863519184,nan,nan,265.1618191317792,nan,outside-full-depletion-model
1.5524207011686144e+16,1000000000000000.0,300.57144987195306,nan,nan,265.1618191317792,nan,outside-full-depletion-model
1.5549248747913188e+16,1000000000000000.0,300.97663110871434,nan,nan,265.1618191317792,nan,outside-full-depletion-model
1.5574290484140234e+16,1000000000000000.0,301.3818123454757,nan,nan,265.1618191317792,nan,outside-full-depletion-model
1.5599332220367278e+16,1000000000000000.0,301.7869935822369,nan,nan,265.1618191317792,nan,outside-full-depletion-model
1.5624373956594324e+16,1000000000000000.0,302.19217481899824,nan,nan,265.1618191317792,nan,outside-full-depletion-model
1.5649415692821368e+16,1000000000000000.0,302.5973560557595,nan,nan,265.1618191317792,nan,outside-full-depletion-model
1.5674457429048414e+16,1000000000000000.0,303.00253729252086,nan,nan,265.1618191317792,nan,outside-full-depletion-model
1.5699499165275458e+16,1000000000000000.0,303.40771852928214,nan,nan,265.1618191317792,nan,outside-full-depletion-model
1.5724540901502504e+16,1000000000000000.0,303.81289976604336,nan,nan,265.1618191317792,nan,outside-full-depletion-model
1.5749582637729548e+16,1000000000000000.0,304.21808100280464,nan,nan,265.1618191317792,nan,outside-full-depletion-model
1.5774624373956594e+16,1000000000000000.0,304.623262239566,nan,nan,265.1618191317792,nan,outside-full-depletion-model
1.5799666110183638e+16,1000000000000000.0,305.02844347632725,nan,nan,265.1618191317792,nan,outside-full-depletion-model
1.5824707846410684e+16,1000000000000000.0,305.43362471308853,nan,nan,265.1618191317792,nan,outside-full-depletion-model
1.584974958263773e+16,1000000000000000.0,305.83880594984987,nan,nan,265.1618191317792,nan,outside-full-depletion-model
1.5874791318864774e+16,1000000000000000.0,306.24398718661115,nan,nan,265.1618191317792,nan,outside-full-depletion-model
1.589983305509182e+16,1000000000000000.0,306.6491684233725,nan,nan,265.1618191317792,nan,outside-full-depletion-model
1.5924874791318864e+16,1000000000000000.0,307.05434966013377,nan,nan,265.1618191317792,nan,outside-full-depletion-model
1.594991652754591e+16,1000000000000000.0,307.459530896895,nan,nan,265.1618191317792,nan,outside-full-depletion-model
1.5974958263772954e+16,1000000000000000.0,307.86471213365627,nan,nan,265.1618191317792,nan,outside-full-depletion-model
1.6e+16,1000000000000000.0,308.2698933704176,nan,nan,265.1618191317792,nan,outside-full-depletion-model
