N1_cm^-3,N2_cm^-3,sigma_c_V,BV_V,Rdrift_times_W_ohm_cm,regime
1000000000000000.0,100000000000000.0,21.54332182026956,249.9486732106514,132.09543014731773,Green RESURF
1025041736227045.1,100000000000000.0,21.956095620518123,250.35910505764974,129.77416555944313,Green RESURF
1050083472454090.1,100000000000000.0,22.368869420766686,250.7695368463493,127.53307359145826,Green RESURF
1075125208681135.2,100000000000000.0,22.781643221015248,251.17996857221283,125.36807121043533,Green RESURF
1100166944908180.2,100000000000000.0,23.194417021263806,251.5904002304651,123.27534800972698,Green RESURF
1125208681135225.4,100000000000000.0,23.607190821512365,252.00083181593158,121.25134382830632,Green RESURF
1150250417362270.5,100000000000000.0,24.01996462176093,252.4112633230927,119.29272853924257,Green RESURF
1175292153589315.5,100000000000000.0,24.43273842200949,252.821694746051,117.39638376593965,Green RESURF
1200333889816360.5,100000000000000.0,24.84551222225805,253.23212607851195,115.55938631498086,Green RESURF
1225375626043405.8,100000000000000.0,25.258286022506613,253.64255731376417,113.77899314044849,Green RESURF
1250417362270450.8,100000000000000.0,25.671059822755176,254.05298844465935,112.05262767705914,Green RESURF
1275459098497495.8,100000000000000.0,26.083833623003734,254.46341946359075,110.3778673989046,Green RESURF
1300500834724541.0,100000000000000.0,26.496607423252296,254.87385036247193,108.75243247745988,Green RESURF
1325542570951586.0,100000000000000.0,26.909381223500855,255.2842811327142,107.17417542718717,Green RESURF
1350584307178631.0,100000000000000.0,27.322155023749414,255.69471176520355,105.64107163984423,Green RESURF
1375626043405676.0,100000000000000.0,27.734928823997976,256.105142250277,104.15121071976368,Green RESURF
1400667779632721.2,100000000000000.0,28.14770262424654,256.5155725776981,102.70278854212928,Green RESURF
1425709515859766.2,100000000000000.0,28.560476424495096,256.9260027366318,101.29409996483236,Green RESURF
1450751252086811.2,100000000000000.0,28.97325022474366,257.3364327156185,99.92353213200492,Green RESURF
1475792988313856.5,100000000000000.0,29.386024024992224,257.7468625025475,98.58955831393791,Green RESURF
1500834724540901.5,100000000000000.0,29.798797825240786,258.1572920846281,97.29073223391943,Green RESURF
1525876460767946.5,100000000000000.0,30.21157162548934,258.56772144834616,96.02568283767394,Green RESURF
1550918196994991.5,100000000000000.0,30.6243454257379,258.9781505795335,94.79310946563466,Green RESURF
1575959933222036.8,100000000000000.0,31.037119225986466,259.38857946312766,93.59177739231214,Green RESURF
1601001669449081.8,100000000000000.0,31.449893026235028,259.7990080833586,92.42051370060125,Green RESURF
1626043405676127.0,100000000000000.0,31.862666826483593,260.2094364236075,91.27820346204733,Green RESURF
1651085141903172.0,100000000000000.0,32.27544062673215,260.6198644663965,90.16378619692385,Green RESURF
1676126878130217.0,100000000000000.0,32.68821442698071,261.03029219335787,89.07625259049587,Green RESURF
1701168614357262.0,100000000000000.0,33.100988227229266,261.44071958520414,88.01464144409714,Green RESURF
1726210350584307.0,100000000000000.0,33.51376202747783,261.8511466215732,86.97803684166195,Green RESURF
1751252086811352.2,100000000000000.0,33.9265358277264,262.2615732814496,85.9655655141554,Green RESURF
1776293823038397.2,100000000000000.0,34.339309627974956,262.67199954234906,84.97639438596246,Green RESURF
1801335559265442.5,100000000000000.0,34.752083428223514,263.08242538097994,84.00972828874613,Green RESURF
1826377295492487.5,100000000000000.0,35.164857228472066,263.49285077288306,83.06480782958957,Green RESURF
1851419031719532.5,100000000000000.0,35.57763102872063,263.9032756924537,82.14090740140936,Green RESURF
1876460767946577.5,100000000000000.0,35.9904048289692,264.31370011290113,81.23733332468514,Green RESURF
1901502504173622.5,100000000000000.0,36.40317862921775,264.72412400620846,80.35342211050389,Green RESURF
1926544240400667.8,100000000000000.0,36.815952429466314,265.1345473430906,79.48853883577831,Green RESURF
1951585976627713.0,100000000000000.0,37.22872622971489,265.54497009295216,78.6420756222779,Green RESURF
1976627712854758.0,100000000000000.0,37.641500029963446,265.95539222384343,77.81345021181558,Green RESURF
2001669449081803.0,100000000000000.0,38.054273830212004,266.36581370241663,77.00210463057185,Green RESURF
2026711185308848.0,100000000000000.0,38.467047630460556,266.7762344938806,76.20750393611767,Green RESURF
2051752921535893.0,100000000000000.0,38.87982143070912,267.18665456195566,75.42913504122338,Green RESURF
2076794657762938.2,100000000000000.0,39.29259523095769,267.59707386882803,74.66650560901905,Green RESURF
2101836393989983.2,100000000000000.0,39.70536903120624,268.00749237497257,73.91914301450731,Green RESURF
2126878130217028.2,100000000000000.0,40.118142831454804,268.4179100395917,73.1865933678255,Green RESURF
2151919866444073.5,100000000000000.0,40.53091663170337,268.8283268197661,72.46842059501547,Green RESURF
2176961602671118.5,100000000000000.0,40.943690431951936,269.2387426710823,71.76420557238964,Green RESURF
2202003338898163.5,100000000000000.0,41.356464232200494,269.64915754728446,71.07354531088198,Green RESURF
2227045075125208.8,100000000000000.0,41.769238032449046,270.0595714002733,70.39605218704921,Green RESURF
2252086811352254.0,100000000000000.0,42.18201183269762,270.46998418005165,69.73135321763857,Green RESURF
2277128547579299.0,100000000000000.0,42.59478563294618,270.88039583466866,69.07908937486945,Green RESURF
2302170283806344.0,100000000000000.0,43.007559433194736,270.95404155182564,68.43891493978786,Green RESURF
2327212020033389.0,100000000000000.0,43.420333233443294,270.95404155182564,67.81049689124673,Green RESURF
2352253756260434.0,100000000000000.0,43.833107033691846,270.95404155182564,67.19351432824254,Green RESURF
2377295492487479.0,100000000000000.0,44.24588083394041,270.95404155182564,66.58765792350364,Green RESURF
2402337228714524.0,100000000000000.0,44.65865463418898,270.95404155182564,65.99262940637476,Green RESURF
2427378964941569.0,100000000000000.0,45.071428434437536,270.95404155182564,65.40814107318177,Green RESURF
2452420701168614.0,100000000000000.0,45.484202234686094,270.95404155182564,64.83391532338796,Green RESURF
2477462437395659.5,100000000000000.0,45.89697603493467,270.95404155182564,64.2696842199702,Green RESURF
2502504173622704.5,100000000000000.0,46.309749835183226,270.95404155182564,63.71518907255301,Green RESURF
2527545909849749.5,100000000000000.0,46.722523635431784,270.95404155182564,63.17018004193696,Green RESURF
2552587646076794.5,100000000000000.0,47.135297435680336,270.95404155182564,62.63441576475215,Green RESURF
2577629382303840.0,100000000000000.0,47.54807123592891,270.95404155182564,62.107662997051264,Green RESURF
2602671118530885.0,100000000000000.0,47.96084503617747,270.95404155182564,61.58969627573705,Green RESURF
2627712854757930.0,100000000000000.0,48.37361883642602,270.95404155182564,61.08029759679127,Green RESURF
2652754590984975.0,100000000000000.0,48.786392636674584,270.95404155182564,60.57925610934082,Green RESURF
2677796327212020.0,100000000000000.0,49.19916643692314,270.95404155182564,60.08636782465864,Green RESURF
2702838063439065.0,100000000000000.0,49.61194023717171,270.95404155182564,59.6014353392557,Green RESURF
2727879799666110.0,100000000000000.0,50.02471403742027,270.95404155182564,59.124267571274906,Green RESURF
2752921535893155.0,100000000000000.0,50.437487837668826,270.95404155182564,58.6546795094465,Green RESURF
2777963272120200.0,100000000000000.0,50.850261637917384,270.95404155182564,58.19249197391292,Green RESURF
2803005008347245.0,100000000000000.0,51.26303543816595,270.95404155182564,57.737531388273055,Green RESURF
2828046744574290.5,100000000000000.0,51.67580923841451,270.95404155182564,57.28962956223658,Green RESURF
2853088480801335.5,100000000000000.0,52.088583038663074,270.95404155182564,56.84862348431729,Green RESURF
2878130217028380.5,100000000000000.0,52.50135683891163,270.95404155182564,56.41435512402763,Green RESURF
2903171953255426.0,100000000000000.0,52.9141306391602,270.95404155182564,55.98667124307119,Green RESURF
2928213689482471.0,100000000000000.0,53.326904439408764,270.95404155182564,55.5654232150585,Green RESURF
2953255425709516.0,100000000000000.0,53.73967823965732,270.95404155182564,55.15046685330113,Green RESURF
2978297161936561.0,100000000000000.0,54.15245203990589,270.95404155182564,54.741662246264404,Green RESURF
3003338898163606.0,100000000000000.0,54.56522584015445,270.95404155182564,54.33887360028483,Green RESURF
3028380634390651.0,100000000000000.0,54.977999640403006,270.95404155182564,53.941969089180304,Green RESURF
3053422370617696.0,100000000000000.0,55.39077344065156,270.95404155182564,53.550820710403485,Green RESURF
3078464106844741.0,100000000000000.0,55.80354724090011,270.95404155182564,53.16530414740865,Green RESURF
3103505843071786.0,100000000000000.0,56.216321041148674,270.95404155182564,52.78529863792083,Green RESURF
3128547579298831.0,100000000000000.0,56.62909484139724,270.95404155182564,52.41068684781446,Green RESURF
3153589315525876.5,100000000000000.0,57.041868641645806,270.95404155182564,52.04135475032446,Green RESURF
3178631051752921.5,100000000000000.0,57.454642441894364,270.95404155182564,51.677191510328726,Green RESURF
3203672787979966.5,100000000000000.0,57.86741624214292,270.95404155182564,51.31808937345532,Green RESURF
3228714524207011.5,100000000000000.0,58.280190042391496,270.95404155182564,50.96394355978131,Green RESURF
3253756260434056.5,100000000000000.0,58.69296384264004,270.95404155182564,50.61465216190289,Green RESURF
3278797996661102.0,100000000000000.0,59.10573764288861,270.95404155182564,50.27011604716856,Green RESURF
3303839732888147.0,100000000000000.0,59.518511443137186,270.95404155182564,49.930238763878414,Green RESURF
3328881469115192.0,100000000000000.0,59.93128524338573,270.95404155182564,49.59492645126283,Green RESURF
3353923205342237.0,100000000000000.0,60.34405904363429,270.95404155182564,49.264087753064416,Green RESURF
3378964941569282.0,100000000000000.0,60.75683284388285,270.95404155182564,48.93763373455587,Green RESURF
3404006677796327.0,100000000000000.0,61.16960664413141,270.95404155182564,48.61547780283536,Green RESURF
3429048414023372.0,100000000000000.0,61.58238044437998,270.95404155182564,48.297535630249676,Green RESURF
3454090150250417.5,100000000000000.0,61.99515424462854,270.95404155182564,47.983725080802486,Green RESURF
3479131886477462.5,100000000000000.0,62.4079280448771,270.95404155182564,47.67396613941327,Green RESURF
3504173622704507.5,100000000000000.0,62.82070184512567,270.95404155182564,47.368180843898344,Green RESURF
3529215358931552.5,100000000000000.0,63.23347564537422,270.95404155182564,47.06629321955331,Green RESURF
3554257095158597.5,100000000000000.0,63.64624944562278,270.95404155182564,46.76822921622083,Green RESURF
3579298831385642.5,100000000000000.0,64.05902324587133,270.95404155182564,46.4739166477348,Green RESURF
3604340567612687.5,100000000000000.0,64.4717970461199,270.95404155182564,46.18328513363656,Green RESURF
3629382303839733.0,100000000000000.0,64.88457084636846,270.95404155182564,45.89626604306457,Green RESURF
3654424040066778.0,100000000000000.0,65.29734464661702,270.95404155182564,45.61279244072332,Green RESURF
3679465776293823.0,100000000000000.0,65.71011844686558,270.95404155182564,45.3327990348423,Green RESURF
3704507512520868.0,100000000000000.0,66.12289224711414,270.95404155182564,45.056222127040044,Green RESURF
3729549248747913.0,100000000000000.0,66.53566604736271,270.95404155182564,44.782999564012236,Green RESURF
3754590984974958.0,100000000000000.0,66.94843984761127,270.95404155182564,44.51307069096707,Green RESURF
3779632721202003.0,100000000000000.0,67.36121364785983,270.95404155182564,44.24637630673456,Green RESURF
3804674457429048.5,100000000000000.0,67.77398744810839,270.95404155182564,43.982858620479895,Green RESURF
3829716193656093.5,100000000000000.0,68.18676124835694,270.95404155182564,43.722461209954474,Green RESURF
3854757929883138.5,100000000000000.0,68.59953504860552,270.95404155182564,43.46512898122131,Green RESURF
3879799666110183.5,100000000000000.0,69.01230884885408,270.95404155182564,43.210808129794295,Green RESURF
3904841402337228.5,100000000000000.0,69.42508264910262,270.95404155182564,42.959446103133736,Green RESURF
3929883138564273.5,100000000000000.0,69.83785644935118,270.95404155182564,42.71099156444349,Green RESURF
3954924874791319.0,100000000000000.0,70.25063024959975,270.95404155182564,42.46539435771703,Green RESURF
3979966611018364.0,100000000000000.0,70.66340404984831,270.95404155182564,42.22260547398256,Green RESURF
4005008347245409.0,100000000000000.0,71.07617785009688,270.95404155182564,41.98257701869956,Green RESURF
4030050083472454.0,100000000000000.0,71.48895165034543,270.95404155182564,41.74526218026103,Green RESURF
4055091819699499.0,100000000000000.0,71.90172545059399,270.95404155182564,41.51061519955807,Green RESURF
4080133555926544.0,100000000000000.0,72.31449925084254,270.95404155182564,41.27859134056516,Green RESURF
4105175292153589.0,100000000000000.0,72.72727305109112,270.95404155182564,41.04914686190642,Green RESURF
4130217028380634.5,100000000000000.0,73.14004685133969,270.95404155182564,40.82223898936491,Green RESURF
4155258764607679.5,100000000000000.0,73.55282065158825,270.95404155182564,40.597825889298775,Green RESURF
4180300500834724.5,100000000000000.0,73.9655944518368,270.95404155182564,40.37586664292924,Green RESURF
4205342237061769.5,100000000000000.0,74.37836825208535,270.95404155182564,40.15632122146765,Green RESURF
4230383973288814.5,100000000000000.0,74.79114205233391,270.95404155182564,39.93915046204956,Green RESURF
4255425709515859.5,100000000000000.0,75.20391585258248,270.95404155182564,39.72431604444548,Green RESURF
4280467445742904.5,100000000000000.0,75.61668965283104,270.95404155182564,39.511780468519284,Green RESURF
4305509181969950.0,100000000000000.0,76.0294634530796,270.95404155182564,39.301507032406384,Green RESURF
4330550918196995.0,100000000000000.0,76.44223725332816,270.95404155182564,39.093459811385046,Green RESURF
4355592654424040.0,100000000000000.0,76.85501105357673,270.95404155182564,38.887603637415104,Green RESURF
4380634390651085.0,100000000000000.0,77.26778485382529,270.95404155182564,38.683904079319966,Green RESURF
4405676126878130.0,100000000000000.0,77.68055865407386,270.95404155182564,38.48232742358809,Green RESURF
4430717863105175.0,100000000000000.0,78.09333245432241,270.95404155182564,38.28284065577159,Green RESURF
4455759599332220.0,100000000000000.0,78.50610625457097,270.95404155182564,38.08541144246051,Green RESURF
4480801335559265.5,100000000000000.0,78.91888005481952,270.95404155182564,37.89000811381196,Green RESURF
4505843071786310.0,100000000000000.0,79.3316538550681,270.95404155182564,37.69659964661426,Green RESURF
4530884808013356.0,100000000000000.0,79.74442765531667,270.95404155182564,37.50515564786723,Green RESURF
4555926544240400.0,100000000000000.0,80.1572014555652,270.95404155182564,37.31564633886028,Green RESURF
4580968280467446.0,100000000000000.0,80.56997525581377,270.95404155182564,37.12804253973074,Green RESURF
4606010016694490.0,100000000000000.0,80.98274905606232,270.95404155182564,36.942315654485654,Green RESURF
4631051752921536.0,100000000000000.0,81.39552285631089,270.95404155182564,36.75843765647088,Green RESURF
4656093489148581.0,100000000000000.0,81.80829665655946,270.95404155182564,36.576381074272156,Green RESURF
4681135225375626.0,100000000000000.0,82.22107045680802,270.95404155182564,36.39611897803281,Green RESURF
4706176961602671.0,100000000000000.0,82.63384425705657,270.95404155182564,36.21762496617428,Green RESURF
4731218697829716.0,100000000000000.0,83.04661805730512,270.95404155182564,36.04087315250542,Green RESURF
4756260434056761.0,100000000000000.0,83.45939185755368,270.95404155182564,35.865838153707394,Green RESURF
4781302170283806.0,100000000000000.0,83.87216565780226,270.95404155182564,35.69249507718155,Green RESURF
4806343906510852.0,100000000000000.0,84.28493945805084,270.95404155182564,35.52081950924795,Green RESURF
4831385642737896.0,100000000000000.0,84.69771325829937,270.95404155182564,35.350787503682874,Green RESURF
4856427378964942.0,100000000000000.0,85.11048705854795,270.95404155182564,35.18237557058395,Green RESURF
4881469115191986.0,100000000000000.0,85.5232608587965,270.95404155182564,35.01556066555211,Green RESURF
4906510851419032.0,100000000000000.0,85.93603465904508,270.95404155182564,34.85032017917972,Green RESURF
4931552587646076.0,100000000000000.0,86.34880845929362,270.95404155182564,34.68663192683513,Green RESURF
4956594323873122.0,100000000000000.0,86.7615822595422,270.95404155182564,34.5244741387336,Green RESURF
4981636060100167.0,100000000000000.0,87.17435605979075,270.95404155182564,34.363825450285596,Green RESURF
5006677796327212.0,100000000000000.0,87.58712986003931,270.95404155182564,34.2046648927131,Green RESURF
5031719532554257.0,100000000000000.0,87.99990366028787,270.95404155182564,34.0469718839257,Green RESURF
5056761268781302.0,100000000000000.0,88.41267746053644,270.95404155182564,33.89072621964776,Green RESURF
5081803005008347.0,100000000000000.0,88.82545126078499,270.95404155182564,33.735908064788845,Green RESURF
5106844741235392.0,100000000000000.0,89.23822506103355,270.95404155182564,33.58249794504961,Green RESURF
5131886477462437.0,100000000000000.0,89.6509988612821,270.95404155182564,33.43047673875563,Green RESURF
5156928213689482.0,100000000000000.0,90.06377266153068,270.95404155182564,33.27982566891205,Green RESURF
5181969949916528.0,100000000000000.0,90.47654646177925,270.95404155182564,33.130526295472144,Green RESURF
5207011686143572.0,100000000000000.0,90.88932026202778,270.95404155182564,32.98256050781298,Green RESURF
5232053422370618.0,100000000000000.0,91.30209406227635,270.95404155182564,32.835910517411854,Green RESURF
5257095158597662.0,100000000000000.0,91.71486786252491,270.95404155182564,32.6905588507173,Green RESURF
5282136894824708.0,100000000000000.0,92.12764166277347,270.95404155182564,32.546488342208434,Green RESURF
5307178631051753.0,100000000000000.0,92.54041546302204,270.95404155182564,32.40368212763723,Green RESURF
5332220367278798.0,100000000000000.0,92.9531892632706,270.95404155182564,32.262123637447765,Green RESURF
5357262103505843.0,100000000000000.0,93.36596306351916,270.95404155182564,32.121796590367296,Green RESURF
5382303839732888.0,100000000000000.0,93.77873686376772,270.95404155182564,31.982684987163832,Green RESURF
5407345575959933.0,100000000000000.0,94.19151066401628,270.95404155182564,31.84477310456524,Green RESURF
5432387312186978.0,100000000000000.0,94.60428446426485,270.95404155182564,31.708045489334978,Green RESURF
5457429048414023.0,100000000000000.0,95.01705826451341,270.95404155182564,31.572486952499762,Green RESURF
5482470784641068.0,100000000000000.0,95.42983206476195,270.95404155182564,31.438082563724784,Green RESURF
5507512520868113.0,100000000000000.0,95.84260586501051,270.95404155182564,31.30481764583187,Green RESURF
5532554257095158.0,100000000000000.0,96.25537966525907,270.95404155182564,31.17267776945651,Green RESURF
5557595993322204.0,100000000000000.0,96.66815346550766,270.95404155182564,31.041648747839666,Green RESURF
5582637729549249.0,100000000000000.0,97.08092726575623,270.95404155182564,30.911716631750377,Green RESURF
5607679465776294.0,100000000000000.0,97.49370106600479,270.95404155182564,30.782867704535274,Green RESURF
5632721202003339.0,100000000000000.0,97.90647486625333,270.95404155182564,30.655088477291525,Green RESURF
5657762938230384.0,100000000000000.0,98.31924866650189,270.95404155182564,30.52836568415936,Green RESURF
5682804674457429.0,100000000000000.0,98.73202246675045,270.95404155182564,30.402686277730993,Green RESURF
5707846410684474.0,100000000000000.0,99.14479626699902,270.95404155182564,30.27803742457242,Green RESURF
5732888146911519.0,100000000000000.0,99.55757006724758,270.95404155182564,30.154406500854922,Green RESURF
5757929883138564.0,100000000000000.0,99.97034386749613,270.95404155182564,30.031781088093222,Green RESURF
5782971619365609.0,100000000000000.0,100.38311766774468,270.95404155182564,29.910148968987112,Green RESURF
5808013355592654.0,100000000000000.0,100.79589146799326,270.95404155182564,29.789498123363806,Green RESURF
5833055091819699.0,100000000000000.0,101.20866526824182,270.95404155182564,29.66981672421809,Green RESURF
5858096828046744.0,100000000000000.0,101.62143906849037,270.95404155182564,29.551093133847477,Green RESURF
5883138564273789.0,100000000000000.0,102.03421286873893,270.95404155182564,29.433315900079887,Green RESURF
5908180300500835.0,100000000000000.0,102.4469866689875,270.95404155182564,29.31647375259108,Green RESURF
5933222036727880.0,100000000000000.0,102.85976046923608,270.95404155182564,29.20055559930953,Green RESURF
5958263772954925.0,100000000000000.0,103.27253426948464,270.95404155182564,29.085550522906225,Green RESURF
5983305509181970.0,100000000000000.0,103.6853080697332,270.95404155182564,28.97144777736705,Green RESURF
6008347245409015.0,100000000000000.0,104.09808186998175,270.95404155182564,28.858236784645612,Green RESURF
6033388981636060.0,100000000000000.0,104.51085567023031,270.95404155182564,28.74590713139419,Green RESURF
6058430717863105.0,100000000000000.0,104.92362947047887,270.95404155182564,28.634448565770736,Green RESURF
6083472454090150.0,100000000000000.0,105.33640327072743,270.95404155182564,28.523850994319872,Green RESURF
6108514190317195.0,100000000000000.0,105.74917707097599,270.95404155182564,28.41410447892594,Green RESURF
6133555926544240.0,100000000000000.0,106.16195087122453,270.95404155182564,28.305199233836028,Green RESURF
6158597662771285.0,100000000000000.0,106.57472467147309,270.95404155182564,28.197125622751276,Green RESURF
6183639398998330.0,100000000000000.0,106.98749847172165,270.95404155182564,28.089874155984546,Green RESURF
6208681135225375.0,100000000000000.0,107.40027227197022,270.95404155182564,27.98343548768268,Green RESURF
6233722871452421.0,100000000000000.0,107.81304607221881,270.95404155182564,27.8778004131117,Green RESURF
6258764607679466.0,100000000000000.0,108.22581987246737,270.95404155182564,27.77295986600327,Green RESURF
6283806343906511.0,100000000000000.0,108.63859367271591,270.95404155182564,27.6689049159608,Green RESURF
6308848080133556.0,100000000000000.0,109.05136747296447,270.95404155182564,27.565626765923614,Green RESURF
6333889816360601.0,100000000000000.0,109.46414127321303,270.95404155182564,27.463116749687785,Green RESURF
6358931552587646.0,100000000000000.0,109.8769150734616,270.95404155182564,27.36136632948196,Green RESURF
6383973288814691.0,100000000000000.0,110.28968887371016,270.95404155182564,27.26036709359697,Green RESURF
6409015025041736.0,100000000000000.0,110.70246267395872,270.95404155182564,27.160110754067734,Green RESURF
6434056761268781.0,100000000000000.0,111.11523647420728,270.95404155182564,27.06058914440606,Green RESURF
6459098497495826.0,100000000000000.0,111.52801027445584,270.95404155182564,26.96179421738321,Green RESURF
6484140233722871.0,100000000000000.0,111.9407840747044,270.95404155182564,26.863718042860768,Green RESURF
6509181969949916.0,100000000000000.0,112.35355787495295,270.95404155182564,26.766352805668742,Green RESURF
6534223706176961.0,100000000000000.0,112.76633167520151,270.95404155182564,26.66969080352963,Green RESURF
6559265442404006.0,100000000000000.0,113.17910547545007,270.95404155182564,26.573724445027263,Green RESURF
6584307178631052.0,100000000000000.0,113.59187927569866,270.95404155182564,26.478446247619434,Green RESURF
6609348914858097.0,100000000000000.0,114.00465307594722,270.95404155182564,26.383848835693005,Green RESURF
6634390651085142.0,100000000000000.0,114.41742687619578,270.95404155182564,26.28992493866068,Green RESURF
6659432387312187.0,100000000000000.0,114.83020067644433,270.95404155182564,26.1966673890982,Green RESURF
6684474123539232.0,100000000000000.0,115.2429744766929,270.95404155182564,26.10406912092107,Green RESURF
6709515859766277.0,100000000000000.0,115.65574827694145,270.95404155182564,26.01212316759983,Green RESURF
6734557595993322.0,100000000000000.0,116.06852207719001,270.95404155182564,25.92082266041292,Green RESURF
6759599332220367.0,100000000000000.0,116.48129587743857,270.95404155182564,25.830160826736154,Green RESURF
6784641068447412.0,100000000000000.0,116.89406967768713,270.95404155182564,25.74013098836803,Green RESURF
6809682804674457.0,100000000000000.0,117.30684347793569,270.95404155182564,25.650726559889932,Green RESURF
6834724540901502.0,100000000000000.0,117.71961727818426,270.95404155182564,25.561941047060337,Green RESURF
6859766277128547.0,100000000000000.0,118.13239107843282,270.95404155182564,25.4737680452423,Green RESURF
6884808013355592.0,100000000000000.0,118.54516487868138,270.95404155182564,25.386201237863382,Green RESURF
6909849749582638.0,100000000000000.0,118.95793867892995,270.95404155182564,25.299234394907195,Green RESURF
6934891485809683.0,100000000000000.0,119.37071247917851,270.95404155182564,25.212861371435867,Green RESURF
6959933222036728.0,100000000000000.0,119.78348627942708,270.95404155182564,25.127076106142688,Green RESURF
6984974958263773.0,100000000000000.0,120.19626007967564,270.95404155182564,25.041872619934143,Green RESURF
7010016694490818.0,100000000000000.0,120.6090338799242,270.95404155182564,24.95724501454077,Green RESURF
7035058430717863.0,100000000000000.0,121.02180768017276,270.95404155182564,24.873187471156065,Green RESURF
7060100166944908.0,100000000000000.0,121.43458148042131,270.95404155182564,24.789694249102773,Green RESURF
7085141903171953.0,100000000000000.0,121.84735528066987,270.95404155182564,24.706759684525977,Green RESURF
7110183639398998.0,100000000000000.0,122.26012908091843,270.95404155182564,24.624378189112313,Green RESURF
7135225375626043.0,100000000000000.0,122.67290288116699,270.95404155182564,24.542544248834776,Green RESURF
7160267111853088.0,100000000000000.0,123.08567668141555,270.95404155182564,24.4612524227224,Green RESURF
7185308848080133.0,100000000000000.0,123.49845048166411,270.95404155182564,24.38049734165434,Green RESURF
7210350584307178.0,100000000000000.0,123.9112242819127,270.95404155182564,24.300273707177787,Green RESURF
7235392320534223.0,100000000000000.0,124.32399808216125,270.95404155182564,24.220576290349104,Green RESURF
7260434056761269.0,100000000000000.0,124.73677188240978,270.95404155182564,24.141399930597707,Green RESURF
7285475792988314.0,100000000000000.0,125.14954568265834,270.95404155182564,24.06273953461218,Green RESURF
7310517529215359.0,100000000000000.0,125.5623194829069,270.95404155182564,23.984590075248054,Green RESURF
7335559265442404.0,100000000000000.0,125.97509328315547,270.95404155182564,23.90694659045681,Green RESURF
7360601001669449.0,100000000000000.0,126.38786708340403,270.95404155182564,23.82980418223565,Green RESURF
7385642737896494.0,100000000000000.0,126.80064088365259,270.95404155182564,23.753158015597535,Green RESURF
7410684474123539.0,100000000000000.0,127.21341468390115,270.95404155182564,23.677003317560953,Green RESURF
7435726210350584.0,100000000000000.0,127.62618848414971,270.95404155182564,23.601335376159167,Green RESURF
7460767946577629.0,100000000000000.0,128.0389622843983,270.95404155182564,23.52614953946835,Green RESURF
7485809682804674.0,100000000000000.0,128.45173608464688,270.95404155182564,23.451441214654217,Green RESURF
7510851419031719.0,100000000000000.0,128.86450988489543,270.95404155182564,23.377205867036817,Green RESURF
7535893155258764.0,100000000000000.0,129.27728368514397,270.95404155182564,23.303439019172977,Green RESURF
7560934891485809.0,100000000000000.0,129.69005748539254,270.95404155182564,23.2301362499561,Green RESURF
7585976627712855.0,100000000000000.0,130.1028312856411,270.95404155182564,23.15729319373289,Green RESURF
7611018363939900.0,100000000000000.0,130.51560508588966,270.95404155182564,23.084905539436637,Green RESURF
7636060100166945.0,100000000000000.0,130.9283788861382,270.95404155182564,23.012969029736713,Green RESURF
7661101836393990.0,100000000000000.0,131.34115268638678,270.95404155182564,22.941479460203922,Green RESURF
7686143572621035.0,100000000000000.0,131.75392648663532,270.95404155182564,22.87043267849134,Green RESURF
7711185308848080.0,100000000000000.0,132.1667002868839,270.95404155182564,22.79982458353037,Green RESURF
7736227045075125.0,100000000000000.0,132.57947408713247,270.95404155182564,22.7296511247416,Green RESURF
7761268781302170.0,100000000000000.0,132.99224788738104,270.95404155182564,22.65990830126021,Green RESURF
7786310517529215.0,100000000000000.0,133.40502168762956,270.95404155182564,22.5905921611756,Green RESURF
7811352253756260.0,100000000000000.0,133.81779548787813,270.95404155182564,22.52169880078491,Green RESURF
7836393989983305.0,100000000000000.0,134.23056928812667,270.95404155182564,22.453224363860194,Green RESURF
7861435726210350.0,100000000000000.0,134.64334308837525,270.95404155182564,22.385165040928882,Green RESURF
7886477462437395.0,100000000000000.0,135.0561168886238,270.95404155182564,22.3175170685673,Green RESURF
7911519198664440.0,100000000000000.0,135.46889068887236,270.95404155182564,22.250276728706996,Green RESURF
7936560934891486.0,100000000000000.0,135.88166448912094,270.95404155182564,22.18344034795351,Green RESURF
7961602671118531.0,100000000000000.0,136.2944382893695,270.95404155182564,22.117004296917425,Green RESURF
7986644407345576.0,100000000000000.0,136.70721208961805,270.95404155182564,22.05096498955742,Green RESURF
8011686143572621.0,100000000000000.0,137.11998588986665,270.95404155182564,21.985318882534962,Green RESURF
8036727879799666.0,100000000000000.0,137.5327596901152,270.95404155182564,21.920062474580625,Green RESURF
8061769616026711.0,100000000000000.0,137.94553349036374,270.95404155182564,21.855192305871572,Green RESURF
8086811352253756.0,100000000000000.0,138.3583072906123,270.95404155182564,21.79070495742007,Green RESURF
8111853088480801.0,100000000000000.0,138.77108109086086,270.95404155182564,21.726597050472808,Green RESURF
8136894824707846.0,100000000000000.0,139.18385489110943,270.95404155182564,21.66286524592081,Green RESURF
8161936560934891.0,100000000000000.0,139.59662869135798,270.95404155182564,21.599506243719663,Green RESURF
8186978297161936.0,100000000000000.0,140.00940249160655,270.95404155182564,21.536516782319904,Green RESURF
8212020033388981.0,100000000000000.0,140.4221762918551,270.95404155182564,21.473893638107366,Green RESURF
8237061769616026.0,100000000000000.0,140.83495009210367,270.95404155182564,21.41163362485323,Green RESURF
8262103505843072.0,100000000000000.0,141.24772389235224,270.95404155182564,21.349733593173617,Green RESURF
8287145242070117.0,100000000000000.0,141.6604976926008,270.95404155182564,21.288190429998586,Green RESURF
8312186978297162.0,100000000000000.0,142.0732714928494,270.95404155182564,21.227001058050174,Green RESURF
8337228714524207.0,100000000000000.0,142.48604529309793,270.95404155182564,21.166162435329536,Green RESURF
8362270450751252.0,100000000000000.0,142.89881909334648,270.95404155182564,21.105671554612783,Green RESURF
8387312186978297.0,100000000000000.0,143.31159289359505,270.95404155182564,21.04552544295552,Green RESURF
8412353923205342.0,100000000000000.0,143.7243666938436,270.95404155182564,20.98572116120575,Green RESURF
8437395659432387.0,100000000000000.0,144.13714049409216,270.95404155182564,20.926255803525137,Green RESURF
8462437395659432.0,100000000000000.0,144.5499142943407,270.95404155182564,20.867126496918335,Green RESURF
8487479131886477.0,100000000000000.0,144.96268809458928,270.95404155182564,20.808330400770277,Green RESURF
8512520868113522.0,100000000000000.0,145.37546189483785,270.95404155182564,20.74986470639131,Green RESURF
8537562604340567.0,100000000000000.0,145.78823569508643,270.95404155182564,20.691726636569907,Green RESURF
8562604340567612.0,100000000000000.0,146.20100949533497,270.95404155182564,20.633913445132933,Green RESURF
8587646076794657.0,100000000000000.0,146.61378329558352,270.95404155182564,20.576422416513235,Green RESURF
8612687813021703.0,100000000000000.0,147.0265570958321,270.95404155182564,20.519250865324462,Green RESURF
8637729549248748.0,100000000000000.0,147.43933089608066,270.95404155182564,20.46239613594293,Green RESURF
8662771285475793.0,100000000000000.0,147.8521046963292,270.95404155182564,20.405855602096423,Green RESURF
8687813021702838.0,100000000000000.0,148.26487849657778,270.95404155182564,20.34962666645982,Green RESURF
8712854757929883.0,100000000000000.0,148.67765229682632,270.95404155182564,20.29370676025733,Green RESURF
8737896494156928.0,100000000000000.0,149.0904260970749,270.95404155182564,20.238093342871355,Green RESURF
8762938230383973.0,100000000000000.0,149.50319989732347,270.95404155182564,20.18278390145769,Green RESURF
8787979966611018.0,100000000000000.0,149.91597369757204,270.95404155182564,20.12777595056702,Green RESURF
8813021702838063.0,100000000000000.0,150.3287474978206,270.95404155182564,20.07306703177267,Green RESURF
8838063439065108.0,100000000000000.0,150.74152129806913,270.95404155182564,20.0186547133043,Green RESURF
8863105175292153.0,100000000000000.0,151.1542950983177,270.95404155182564,19.964536589687604,Green RESURF
8888146911519198.0,100000000000000.0,151.56706889856625,270.95404155182564,19.910710281389864,Green RESURF
8913188647746243.0,100000000000000.0,151.97984269881482,270.95404155182564,19.857173434471132,Green RESURF
8938230383973289.0,100000000000000.0,152.39261649906337,270.95404155182564,19.803923720241105,Green RESURF
8963272120200334.0,100000000000000.0,152.80539029931194,270.95404155182564,19.750958834921487,Green RESURF
8988313856427379.0,100000000000000.0,153.21816409956048,270.95404155182564,19.698276499313724,Green RESURF
9013355592654424.0,100000000000000.0,153.63093789980906,270.95404155182564,19.645874458472072,Green RESURF
9038397328881468.0,100000000000000.0,154.04371170005763,270.95404155182564,19.593750481381893,Green RESURF
9063439065108514.0,100000000000000.0,154.4564855003062,270.95404155182564,19.541902360642958,Green RESURF
9088480801335560.0,100000000000000.0,154.86925930055477,270.95404155182564,19.4903279121579,Green RESURF
9113522537562604.0,100000000000000.0,155.2820331008033,270.95404155182564,19.43902497482551,Green RESURF
9138564273789648.0,100000000000000.0,155.69480690105186,270.95404155182564,19.387991410238843,Green RESURF
9163606010016694.0,100000000000000.0,156.1075807013004,270.95404155182564,19.337225102388132,Green RESURF
9188647746243740.0,100000000000000.0,156.52035450154898,270.95404155182564,19.286723957368313,Green RESURF
9213689482470784.0,100000000000000.0,156.93312830179752,270.95404155182564,19.236485903091147,Green RESURF
9238731218697828.0,100000000000000.0,157.3459021020461,270.95404155182564,19.18650888900178,Green RESURF
9263772954924874.0,100000000000000.0,157.75867590229464,270.95404155182564,19.13679088579979,Green RESURF
9288814691151920.0,100000000000000.0,158.17144970254324,270.95404155182564,19.087329885164493,Green RESURF
9313856427378964.0,100000000000000.0,158.58422350279182,270.95404155182564,19.038123899484525,Green RESURF
9338898163606010.0,100000000000000.0,158.99699730304036,270.95404155182564,18.98917096159158,Green RESURF
9363939899833056.0,100000000000000.0,159.40977110328896,270.95404155182564,18.940469124498282,Green RESURF
9388981636060100.0,100000000000000.0,159.82254490353748,270.95404155182564,18.892016461140027,Green RESURF
9414023372287144.0,100000000000000.0,160.23531870378602,270.95404155182564,18.84381106412082,Green RESURF
9439065108514190.0,100000000000000.0,160.6480925040346,270.95404155182564,18.795851045462985,Green RESURF
9464106844741236.0,100000000000000.0,161.06086630428317,270.95404155182564,18.748134536360666,Green RESURF
9489148580968280.0,100000000000000.0,161.4736401045317,270.95404155182564,18.70065968693711,Green RESURF
9514190317195324.0,100000000000000.0,161.88641390478026,270.95404155182564,18.653424666005566,Green RESURF
9539232053422370.0,100000000000000.0,162.29918770502883,270.95404155182564,18.60642766083389,Green RESURF
9564273789649416.0,100000000000000.0,162.7119615052774,270.95404155182564,18.55966687691262,Green RESURF
9589315525876460.0,100000000000000.0,163.12473530552597,270.95404155182564,18.513140537726564,Green RESURF
9614357262103506.0,100000000000000.0,163.53750910577455,270.95404155182564,18.46684688452983,Green RESURF
9639398998330552.0,100000000000000.0,163.95028290602315,270.95404155182564,18.420784176124226,Green RESURF
9664440734557596.0,100000000000000.0,164.36305670627164,270.95404155182564,18.37495068864092,Green RESURF
9689482470784640.0,100000000000000.0,164.77583050652018,270.95404155182564,18.329344715325412,Green RESURF
9714524207011686.0,100000000000000.0,165.18860430676878,270.95404155182564,18.28396456632566,Green RESURF
9739565943238732.0,100000000000000.0,165.60137810701735,270.95404155182564,18.23880856848338,Green RESURF
9764607679465776.0,100000000000000.0,166.0141519072659,270.95404155182564,18.19387506512838,Green RESURF
9789649415692820.0,100000000000000.0,166.4269257075144,270.95404155182564,18.149162415875985,Green RESURF
9814691151919866.0,100000000000000.0,166.83969950776302,270.95404155182564,18.104668996427396,Green RESURF
9839732888146912.0,100000000000000.0,167.2524733080116,270.95404155182564,18.060393198373,Green RESURF
9864774624373956.0,100000000000000.0,167.66524710826016,270.95404155182564,18.016333428998582,Green RESURF
9889816360601000.0,100000000000000.0,168.07802090850865,270.95404155182564,17.972488111094275,Green RESURF
9914858096828046.0,100000000000000.0,168.49079470875725,270.95404155182564,17.92885568276643,Green RESURF
9939899833055092.0,100000000000000.0,168.90356850900582,270.95404155182564,17.885434597252107,Green RESURF
9964941569282136.0,100000000000000.0,169.31634230925437,270.95404155182564,17.84222332273631,Green RESURF
9989983305509182.0,100000000000000.0,169.72911610950294,270.95404155182564,17.799220342171836,Green RESURF
1.0015025041736226e+16,100000000000000.0,170.14188990975148,270.95404155182564,17.756424153101765,Green RESURF
1.0040066777963272e+16,100000000000000.0,170.55466371000006,270.95404155182564,17.713833267484432,Green RESURF
1.0065108514190316e+16,100000000000000.0,170.9674375102486,270.95404155182564,17.67144621152102,Green RESURF
1.0090150250417362e+16,100000000000000.0,171.38021131049717,270.95404155182564,17.629261525485497,Green RESURF
1.0115191986644408e+16,100000000000000.0,171.79298511074578,270.95404155182564,17.587277763557083,Green RESURF
1.0140233722871452e+16,100000000000000.0,172.20575891099432,270.95404155182564,17.545493493655073,Green RESURF
1.0165275459098498e+16,100000000000000.0,172.61853271124292,270.95404155182564,17.503907297275962,Green RESURF
1.0190317195325542e+16,100000000000000.0,173.03130651149144,270.95404155182564,17.462517769332976,Green RESURF
1.0215358931552588e+16,100000000000000.0,173.44408031174,270.95404155182564,17.421323517997774,Green RESURF
1.0240400667779632e+16,100000000000000.0,173.85685411198855,270.95404155182564,17.380323164544475,Green RESURF
1.0265442404006678e+16,100000000000000.0,174.26962791223713,270.95404155182564,17.339515343195792,Green RESURF
1.0290484140233722e+16,100000000000000.0,174.68240171248567,270.95404155182564,17.29889870097143,Green RESURF
1.0315525876460768e+16,100000000000000.0,175.09517551273424,270.95404155182564,17.258471897538506,Green RESURF
1.0340567612687812e+16,100000000000000.0,175.5079493129828,270.95404155182564,17.21823360506414,Green RESURF
1.0365609348914858e+16,100000000000000.0,175.92072311323136,270.95404155182564,17.17818250807007,Green RESURF
1.0390651085141902e+16,100000000000000.0,176.33349691347993,270.95404155182564,17.13831730328929,Green RESURF
1.0415692821368948e+16,100000000000000.0,176.7462707137285,270.95404155182564,17.09863669952469,Green RESURF
1.0440734557595992e+16,100000000000000.0,177.15904451397702,270.95404155182564,17.059139417509652,Green RESURF
1.0465776293823038e+16,100000000000000.0,177.5718183142256,270.95404155182564,17.01982418977056,Green RESURF
1.0490818030050084e+16,100000000000000.0,177.98459211447417,270.95404155182564,16.980689760491238,Green RESURF
1.0515859766277128e+16,100000000000000.0,178.3973659147227,270.95404155182564,16.941734885379233,Green RESURF
1.0540901502504174e+16,100000000000000.0,178.81013971497129,270.95404155182564,16.902958331533913,Green RESURF
1.0565943238731218e+16,100000000000000.0,179.22291351521983,270.95404155182564,16.864358877316423,Green RESURF
1.0590984974958264e+16,100000000000000.0,179.6356873154684,270.95404155182564,16.825935312221375,Green RESURF
1.0616026711185308e+16,100000000000000.0,180.04846111571695,270.95404155182564,16.78768643675032,Green RESURF
1.0641068447412354e+16,100000000000000.0,180.46123491596555,270.95404155182564,16.7496110622869,Green RESURF
1.0666110183639398e+16,100000000000000.0,180.8740087162141,270.95404155182564,16.711708010973762,Green RESURF
1.0691151919866444e+16,100000000000000.0,181.28678251646264,270.95404155182564,16.673976115591042,Green RESURF
1.0716193656093488e+16,100000000000000.0,181.6995563167112,270.95404155182564,16.636414219436617,Green RESURF
1.0741235392320534e+16,100000000000000.0,182.11233011695975,270.95404155182564,16.59902117620784,Green RESURF
1.0766277128547578e+16,100000000000000.0,182.52510391720833,270.95404155182564,16.561795849884977,Green RESURF
1.0791318864774624e+16,100000000000000.0,182.93787771745687,270.95404155182564,16.524737114616126,Green RESURF
1.081636060100167e+16,100000000000000.0,183.35065151770547,270.95404155182564,16.48784385460373,Green RESURF
1.0841402337228714e+16,100000000000000.0,183.763425317954,270.95404155182564,16.451114963992612,Green RESURF
1.086644407345576e+16,100000000000000.0,184.1761991182026,270.95404155182564,16.414549346759422,Green RESURF
1.0891485809682804e+16,100000000000000.0,184.58897291845113,270.95404155182564,16.378145916603682,Green RESURF
1.091652754590985e+16,100000000000000.0,185.0017467186997,270.95404155182564,16.341903596840154,Green RESURF
1.0941569282136894e+16,100000000000000.0,185.41452051894822,270.95404155182564,16.305821320292726,Green RESURF
1.096661101836394e+16,100000000000000.0,185.82729431919682,270.95404155182564,16.26989802918965,Green RESURF
1.0991652754590984e+16,100000000000000.0,186.24006811944534,270.95404155182564,16.23413267506018,Green RESURF
1.101669449081803e+16,100000000000000.0,186.65284191969394,270.95404155182564,16.198524218632564,Green RESURF
1.1041736227045074e+16,100000000000000.0,187.06561571994249,270.95404155182564,16.163071629733373,Green RESURF
1.106677796327212e+16,100000000000000.0,187.47838952019106,270.95404155182564,16.127773887188166,Green RESURF
1.1091819699499164e+16,100000000000000.0,187.8911633204396,270.95404155182564,16.09262997872344,Green RESURF
1.111686143572621e+16,100000000000000.0,188.30393712068818,270.95404155182564,16.057638900869836,Green RESURF
1.1141903171953256e+16,100000000000000.0,188.71671092093675,270.95404155182564,16.022799658866678,Green RESURF
1.11669449081803e+16,100000000000000.0,189.12948472118532,270.95404155182564,15.988111266567657,Green RESURF
1.1191986644407346e+16,100000000000000.0,189.5422585214339,270.95404155182564,15.953572746347808,Green RESURF
1.121702838063439e+16,100000000000000.0,189.9550323216824,270.95404155182564,15.919183129011678,Green RESURF
1.1242070116861436e+16,100000000000000.0,190.36780612193098,270.95404155182564,15.884941453702629,Green RESURF
1.126711185308848e+16,100000000000000.0,190.78057992217953,270.95404155182564,15.850846767813392,Green RESURF
1.1292153589315526e+16,100000000000000.0,191.19335372242813,270.95404155182564,15.816898126897687,Green RESURF
1.131719532554257e+16,100000000000000.0,191.60612752267664,270.95404155182564,15.783094594583059,Green RESURF
1.1342237061769616e+16,100000000000000.0,192.01890132292525,270.95404155182564,15.749435242484738,Green RESURF
1.136727879799666e+16,100000000000000.0,192.43167512317376,270.95404155182564,15.715919150120685,Green RESURF
1.1392320534223706e+16,100000000000000.0,192.84444892342236,270.95404155182564,15.682545404827657,Green RESURF
1.141736227045075e+16,100000000000000.0,193.2572227236709,270.95404155182564,15.649313101678393,Green RESURF
1.1442404006677796e+16,100000000000000.0,193.6699965239195,270.95404155182564,15.616221343399776,Green RESURF
1.1467445742904842e+16,100000000000000.0,194.08277032416808,270.95404155182564,15.58326924029213,Green RESURF
1.1492487479131886e+16,100000000000000.0,194.4955441244166,270.95404155182564,15.550455910149456,Green RESURF
1.1517529215358932e+16,100000000000000.0,194.90831792466517,270.95404155182564,15.517780478180685,Green RESURF
1.1542570951585976e+16,100000000000000.0,195.3210917249137,270.95404155182564,15.485242076931987,Green RESURF
1.1567612687813022e+16,100000000000000.0,195.7338655251623,270.95404155182564,15.45283984620995,Green RESURF
1.1592654424040066e+16,100000000000000.0,196.14663932541083,270.95404155182564,15.420572933005827,Green RESURF
1.1617696160267112e+16,100000000000000.0,196.5594131256594,270.95404155182564,15.388440491420644,Green RESURF
1.1642737896494156e+16,100000000000000.0,196.97218692590795,270.95404155182564,15.35644168259131,Green RESURF
1.1667779632721202e+16,100000000000000.0,197.38496072615652,270.95404155182564,15.32457567461758,Green RESURF
1.1692821368948246e+16,100000000000000.0,197.7977345264051,270.95404155182564,15.292841642490012,Green RESURF
1.1717863105175292e+16,100000000000000.0,198.21050832665367,270.95404155182564,15.261238768018716,Green RESURF
1.1742904841402336e+16,100000000000000.0,198.62328212690218,270.95404155182564,15.22976623976307,Green RESURF
1.1767946577629382e+16,100000000000000.0,199.03605592715076,270.95404155182564,15.198423252962247,Green RESURF
1.1792988313856426e+16,100000000000000.0,199.4488297273993,270.95404155182564,15.167209009466655,Green RESURF
1.1818030050083472e+16,100000000000000.0,199.8616035276479,270.95404155182564,15.136122717670135,Green RESURF
1.1843071786310518e+16,100000000000000.0,200.27437732789647,270.95404155182564,15.10516359244309,Green RESURF
1.1868113522537562e+16,100000000000000.0,200.68715112814502,270.95404155182564,15.07433085506636,Green RESURF
1.1893155258764608e+16,100000000000000.0,201.0999249283936,270.95404155182564,15.043623733165928,Green RESURF
1.1918196994991652e+16,100000000000000.0,201.51269872864214,270.95404155182564,15.013041460648452,Green RESURF
1.1943238731218698e+16,100000000000000.0,201.9254725288907,270.95404155182564,14.982583277637506,Green RESURF
1.1968280467445742e+16,100000000000000.0,202.33824632913928,270.95404155182564,14.952248430410693,Green RESURF
1.1993322203672788e+16,100000000000000.0,202.75102012938785,270.95404155182564,14.922036171337444,Green RESURF
1.2018363939899832e+16,100000000000000.0,203.16379392963637,270.95404155182564,14.891945758817606,Green RESURF
1.2043405676126878e+16,100000000000000.0,203.57656772988494,270.95404155182564,14.861976457220758,Green RESURF
1.2068447412353922e+16,100000000000000.0,203.9893415301335,270.95404155182564,14.832127536826267,Green RESURF
1.2093489148580968e+16,100000000000000.0,204.40211533038206,270.95404155182564,14.80239827376405,Green RESURF
1.2118530884808012e+16,100000000000000.0,204.8148891306306,270.95404155182564,14.772787949956081,Green RESURF
1.2143572621035058e+16,100000000000000.0,205.22766293087918,270.95404155182564,14.743295853058541,Green RESURF
1.2168614357262104e+16,100000000000000.0,205.64043673112775,270.95404155182564,14.713921276404731,Green RESURF
1.2193656093489148e+16,100000000000000.0,206.0532105313763,270.95404155182564,14.684663518948602,Green RESURF
1.2218697829716194e+16,100000000000000.0,206.4659843316249,270.95404155182564,14.655521885208985,Green RESURF
1.2243739565943238e+16,100000000000000.0,206.8787581318734,270.95404155182564,14.626495685214516,Green RESURF
1.2268781302170284e+16,100000000000000.0,207.29153193212198,270.95404155182564,14.597584234449128,Green RESURF
1.2293823038397328e+16,100000000000000.0,207.70430573237053,270.95404155182564,14.568786853798288,Green RESURF
1.2318864774624374e+16,100000000000000.0,208.1170795326191,270.95404155182564,14.540102869495795,Green RESURF
1.2343906510851418e+16,100000000000000.0,208.52985333286765,270.95404155182564,14.511531613071245,Green RESURF
1.2368948247078464e+16,100000000000000.0,208.94262713311622,270.95404155182564,14.4830724212981,Green RESURF
1.2393989983305508e+16,100000000000000.0,209.35540093336476,270.95404155182564,14.454724636142368,Green RESURF
1.2419031719532554e+16,100000000000000.0,209.76817473361334,270.95404155182564,14.42648760471188,Green RESURF
1.2444073455759598e+16,100000000000000.0,210.1809485338619,270.95404155182564,14.398360679206178,Green RESURF
1.2469115191986644e+16,100000000000000.0,210.59372233411048,270.95404155182564,14.37034321686696,Green RESURF
1.249415692821369e+16,100000000000000.0,211.00649613435905,270.95404155182564,14.342434579929131,Green RESURF
1.2519198664440734e+16,100000000000000.0,211.41926993460757,270.95404155182564,14.314634135572412,Green RESURF
1.254424040066778e+16,100000000000000.0,211.83204373485617,270.95404155182564,14.286941255873483,Green RESURF
1.2569282136894824e+16,100000000000000.0,212.2448175351047,270.95404155182564,14.259355317758756,Green RESURF
1.259432387312187e+16,100000000000000.0,212.6575913353533,270.95404155182564,14.231875702957582,Green RESURF
1.2619365609348914e+16,100000000000000.0,213.07036513560183,270.95404155182564,14.204501797956128,Green RESURF
1.264440734557596e+16,100000000000000.0,213.4831389358504,270.95404155182564,14.177232993951655,Green RESURF
1.2669449081803004e+16,100000000000000.0,213.89591273609895,270.95404155182564,14.150068686807433,Green RESURF
1.269449081803005e+16,100000000000000.0,214.30868653634752,270.95404155182564,14.123008277008088,Green RESURF
1.2719532554257094e+16,100000000000000.0,214.72146033659607,270.95404155182564,14.096051169615537,Green RESURF
1.274457429048414e+16,100000000000000.0,215.13423413684467,270.95404155182564,14.069196774225341,Green RESURF
1.2769616026711184e+16,100000000000000.0,215.54700793709318,270.95404155182564,14.042444504923646,Green RESURF
1.279465776293823e+16,100000000000000.0,215.95978173734179,270.95404155182564,14.015793780244527,Green RESURF
1.2819699499165276e+16,100000000000000.0,216.37255553759033,270.95404155182564,13.989244023127908,Green RESURF
1.284474123539232e+16,100000000000000.0,216.7853293378389,270.95404155182564,13.962794660877867,Green RESURF
1.2869782971619366e+16,100000000000000.0,217.19810313808748,270.95404155182564,13.936445125121486,Green RESURF
1.289482470784641e+16,100000000000000.0,217.61087693833596,270.95404155182564,13.910194851768127,Green RESURF
1.2919866444073456e+16,100000000000000.0,218.0236507385846,270.95404155182564,13.884043280969172,Green RESURF
1.29449081803005e+16,100000000000000.0,218.43642453883308,270.95404155182564,13.857989857078246,Green RESURF
1.2969949916527546e+16,100000000000000.0,218.8491983390817,270.95404155182564,13.832034028611822,Green RESURF
1.299499165275459e+16,100000000000000.0,219.26197213933025,270.95404155182564,13.806175248210362,Green RESURF
1.3020033388981636e+16,100000000000000.0,219.67474593957883,270.95404155182564,13.780412972599787,Green RESURF
1.304507512520868e+16,100000000000000.0,220.08751973982737,270.95404155182564,13.754746662553474,Green RESURF
1.3070116861435726e+16,100000000000000.0,220.50029354007594,270.95404155182564,13.729175782854602,Green RESURF
1.309515859766277e+16,100000000000000.0,220.9130673403245,270.95404155182564,13.703699802258976,Green RESURF
1.3120200333889816e+16,100000000000000.0,221.32584114057306,270.95404155182564,13.678318193458209,Green RESURF
1.314524207011686e+16,100000000000000.0,221.73861494082158,270.95404155182564,13.653030433043368,Green RESURF
1.3170283806343906e+16,100000000000000.0,222.15138874107018,270.95404155182564,13.62783600146897,Green RESURF
1.3195325542570952e+16,100000000000000.0,222.56416254131872,270.95404155182564,13.602734383017419,Green RESURF
1.3220367278797996e+16,100000000000000.0,222.9769363415673,270.95404155182564,13.577725065763813,Green RESURF
1.3245409015025042e+16,100000000000000.0,223.38971014181587,270.95404155182564,13.552807541541139,Green RESURF
1.3270450751252086e+16,100000000000000.0,223.8024839420644,270.95404155182564,13.527981305905852,Green RESURF
1.3295492487479132e+16,100000000000000.0,224.215257742313,270.95404155182564,13.503245858103838,Green RESURF
1.3320534223706176e+16,100000000000000.0,224.62803154256153,270.95404155182564,13.478600701036754,Green RESURF
1.3345575959933222e+16,100000000000000.0,225.04080534281013,270.95404155182564,13.454045341228705,Green RESURF
1.3370617696160266e+16,100000000000000.0,225.45357914305865,270.95404155182564,13.42957928879333,Green RESURF
1.3395659432387312e+16,100000000000000.0,225.86635294330725,270.95404155182564,13.405202057401212,Green RESURF
1.3420701168614356e+16,100000000000000.0,226.27912674355576,270.95404155182564,13.380913164247657,Green RESURF
1.3445742904841402e+16,100000000000000.0,226.69190054380434,270.95404155182564,13.356712130020815,Green RESURF
1.3470784641068446e+16,100000000000000.0,227.10467434405288,270.95404155182564,13.332598478870166,Green RESURF
1.3495826377295492e+16,100000000000000.0,227.51744814430145,270.95404155182564,13.308571738375301,Green RESURF
1.3520868113522538e+16,100000000000000.0,227.93022194455006,270.95404155182564,13.284631439515104,Green RESURF
1.3545909849749582e+16,100000000000000.0,228.34299574479863,260.8697056612501,13.260777116637218,Green RESURF
1.3570951585976628e+16,100000000000000.0,228.75576954504717,137.07954205226042,13.237008307427844,1-D post-RESURF asymptote
1.3595993322203672e+16,100000000000000.0,229.16854334529575,136.89555307287043,13.213324552881897,1-D post-RESURF asymptote
1.3621035058430718e+16,100000000000000.0,229.5813171455443,136.71213928340194,13.189725397273431,1-D post-RESURF asymptote
1.3646076794657762e+16,100000000000000.0,229.99409094579286,136.52929786319802,13.166210388126444,1-D post-RESURF asymptote
1.3671118530884808e+16,100000000000000.0,230.4068647460414,136.3470260104302,13.14277907618592,1-D post-RESURF asymptote
1.3696160267111852e+16,100000000000000.0,230.81963854628992,136.16532094193954,13.119431015389248,1-D post-RESURF asymptote
1.3721202003338898e+16,100000000000000.0,231.23241234653852,135.9841798930793,13.0961657628379,1-D post-RESURF asymptote
1.3746243739565942e+16,100000000000000.0,231.64518614678704,135.80360011755923,13.07298287876943,1-D post-RESURF asymptote
1.3771285475792988e+16,100000000000000.0,232.05795994703564,135.62357888729153,13.049881926529778,1-D post-RESURF asymptote
1.3796327212020032e+16,100000000000000.0,232.4707337472842,135.4441134922383,13.026862472545824,1-D post-RESURF asymptote
1.3821368948247078e+16,100000000000000.0,232.88350754753276,135.26520124026047,13.003924086298296,1-D post-RESURF asymptote
1.3846410684474124e+16,100000000000000.0,233.2962813477814,135.0868394569683,12.98106634029491,1-D post-RESURF asymptote
1.3871452420701168e+16,100000000000000.0,233.7090551480299,134.90902548557355,12.958288810043825,1-D post-RESURF asymptote
1.3896494156928214e+16,100000000000000.0,234.1218289482785,134.73175668674287,12.935591074027354,1-D post-RESURF asymptote
1.3921535893155258e+16,100000000000000.0,234.53460274852702,134.55503043845292,12.912972713675968,1-D post-RESURF asymptote
1.3946577629382304e+16,100000000000000.0,234.94737654877562,134.37884413584658,12.89043331334256,1-D post-RESURF asymptote
1.3971619365609348e+16,100000000000000.0,235.36015034902414,134.2031951910912,12.86797246027701,1-D post-RESURF asymptote
1.3996661101836394e+16,100000000000000.0,235.77292414927268,134.02808103323758,12.845589744600938,1-D post-RESURF asymptote
1.4021702838063438e+16,100000000000000.0,236.18569794952126,133.85349910808083,12.82328475928283,1-D post-RESURF asymptote
1.4046744574290484e+16,100000000000000.0,236.59847174976986,133.6794468780226,12.801057100113322,1-D post-RESURF asymptote
1.4071786310517528e+16,100000000000000.0,237.01124555001837,133.50592182193424,12.77890636568081,1-D post-RESURF asymptote
1.4096828046744574e+16,100000000000000.0,237.42401935026697,133.33292143502192,12.756832157347256,1-D post-RESURF asymptote
1.4121869782971618e+16,100000000000000.0,237.8367931505155,133.16044322869277,12.734834079224319,1-D post-RESURF asymptote
1.4146911519198664e+16,100000000000000.0,238.2495669507641,132.9884847304221,12.712911738149634,1-D post-RESURF asymptote
1.417195325542571e+16,100000000000000.0,238.66234075101266,132.81704348362265,12.691064743663434,1-D post-RESURF asymptote
1.4196994991652754e+16,100000000000000.0,239.0751145512612,132.64611704751428,12.669292707985342,1-D post-RESURF asymptote
1.42220367278798e+16,100000000000000.0,239.4878883515098,132.47570299699566,12.647595245991441,1-D post-RESURF asymptote
1.4247078464106844e+16,100000000000000.0,239.9006621517583,132.30579892251674,12.625971975191558,1-D post-RESURF asymptote
1.427212020033389e+16,100000000000000.0,240.3134359520069,132.13640242995265,12.604422515706782,1-D post-RESURF asymptote
1.4297161936560934e+16,100000000000000.0,240.72620975225541,131.96751114047896,12.582946490247247,1-D post-RESURF asymptote
1.432220367278798e+16,100000000000000.0,241.13898355250402,131.79912269044794,12.561543524090066,1-D post-RESURF asymptote
1.4347245409015024e+16,100000000000000.0,241.55175735275253,131.6312347312661,12.540213245057581,1-D post-RESURF asymptote
1.437228714524207e+16,100000000000000.0,241.96453115300113,131.46384492927294,12.51895528349577,1-D post-RESURF asymptote
1.4397328881469114e+16,100000000000000.0,242.37730495324965,131.29695096562108,12.497769272252881,1-D post-RESURF asymptote
1.442237061769616e+16,100000000000000.0,242.79007875349825,131.13055053615705,12.476654846658333,1-D post-RESURF asymptote
1.4447412353923204e+16,100000000000000.0,243.2028525537468,130.96464135130378,12.455611644501737,1-D post-RESURF asymptote
1.447245409015025e+16,100000000000000.0,243.61562635399537,130.7992211359439,12.434639306012242,1-D post-RESURF asymptote
1.4497495826377296e+16,100000000000000.0,244.02840015424394,130.6342876293043,12.413737473837987,1-D post-RESURF asymptote
1.452253756260434e+16,100000000000000.0,244.44117395449248,130.4698385848418,12.392905793025827,1-D post-RESURF asymptote
1.4547579298831386e+16,100000000000000.0,244.85394775474106,130.30587177012964,12.372143911001233,1-D post-RESURF asymptote
1.457262103505843e+16,100000000000000.0,245.2667215549896,130.14238496674582,12.351451477548409,1-D post-RESURF asymptote
1.4597662771285476e+16,100000000000000.0,245.67949535523817,129.97937597016139,12.33082814479058,1-D post-RESURF asymptote
1.462270450751252e+16,100000000000000.0,246.09226915548672,129.81684258963085,12.310273567170523,1-D post-RESURF asymptote
1.4647746243739566e+16,100000000000000.0,246.5050429557353,129.6547826480831,12.289787401431242,1-D post-RESURF asymptote
1.467278797996661e+16,100000000000000.0,246.91781675598384,129.49319398201345,12.269369306596888,1-D post-RESURF asymptote
1.4697829716193656e+16,100000000000000.0,247.3305905562324,129.3320744413766,12.249018943953807,1-D post-RESURF asymptote
1.47228714524207e+16,100000000000000.0,247.743364356481,129.17142188948097,12.228735977031844,1-D post-RESURF asymptote
1.4747913188647746e+16,100000000000000.0,248.15613815672947,129.01123420288366,12.208520071585772,1-D post-RESURF asymptote
1.477295492487479e+16,100000000000000.0,248.56891195697807,128.8515092712868,12.188370895576949,1-D post-RESURF asymptote
1.4797996661101836e+16,100000000000000.0,248.9816857572266,128.69224499743416,12.16828811915513,1-D post-RESURF asymptote
1.482303839732888e+16,100000000000000.0,249.39445955747522,128.53343929700983,12.148271414640476,1-D post-RESURF asymptote
1.4848080133555926e+16,100000000000000.0,249.8072333577237,128.37509009853684,12.128320456505719,1-D post-RESURF asymptote
1.4873121869782972e+16,100000000000000.0,250.22000715797233,128.2171953432773,12.108434921358528,1-D post-RESURF asymptote
1.4898163606010016e+16,100000000000000.0,250.63278095822082,128.0597529851332,12.088614487924032,1-D post-RESURF asymptote
1.4923205342237062e+16,100000000000000.0,251.04555475846945,127.90276099054856,12.068858837027502,1-D post-RESURF asymptote
1.4948247078464106e+16,100000000000000.0,251.458328558718,127.74621733841187,12.049167651577255,1-D post-RESURF asymptote
1.4973288814691152e+16,100000000000000.0,251.87110235896657,127.59012001996001,12.029540616547646,1-D post-RESURF asymptote
1.4998330550918196e+16,100000000000000.0,252.28387615921517,127.43446703868274,12.009977418962297,1-D post-RESURF asymptote
1.5023372287145242e+16,100000000000000.0,252.69664995946368,127.27925641022821,11.990477747877456,1-D post-RESURF asymptote
1.5048414023372286e+16,100000000000000.0,253.10942375971229,127.12448616230937,11.971041294365508,1-D post-RESURF asymptote
1.5073455759599332e+16,100000000000000.0,253.5221975599608,126.97015433461111,11.951667751498679,1-D post-RESURF asymptote
1.5098497495826376e+16,100000000000000.0,253.9349713602094,126.81625897869844,11.932356814332872,1-D post-RESURF asymptote
1.5123539232053422e+16,100000000000000.0,254.34774516045792,126.66279815792542,11.913108179891667,1-D post-RESURF asymptote
1.5148580968280466e+16,100000000000000.0,254.76051896070652,126.5097699473449,11.893921547150477,1-D post-RESURF asymptote
1.5173622704507512e+16,100000000000000.0,255.17329276095504,126.3571724336193,11.874796617020847,1-D post-RESURF asymptote
1.5198664440734558e+16,100000000000000.0,255.58606656120364,126.20500371493182,11.85573309233493,1-D post-RESURF asymptote
1.5223706176961602e+16,100000000000000.0,255.9988403614522,126.05326190089899,11.836730677830088,1-D post-RESURF asymptote
1.5248747913188648e+16,100000000000000.0,256.41161416170075,125.90194511248347,11.817789080133636,1-D post-RESURF asymptote
1.5273789649415692e+16,100000000000000.0,256.8243879619493,125.75105148190823,11.798908007747764,1-D post-RESURF asymptote
1.5298831385642738e+16,100000000000000.0,257.23716176219784,125.60057915257086,11.780087171034566,1-D post-RESURF asymptote
1.5323873121869782e+16,100000000000000.0,257.6499355624464,125.45052627895942,11.761326282201246,1-D post-RESURF asymptote
1.5348914858096828e+16,100000000000000.0,258.062709362695,125.30089102656821,11.74262505528543,1-D post-RESURF asymptote
1.5373956594323872e+16,100000000000000.0,258.47548316294353,125.15167157181517,11.723983206140662,1-D post-RESURF asymptote
1.5398998330550918e+16,100000000000000.0,258.8882569631921,125.00286610195943,11.70540045242198,1-D post-RESURF asymptote
1.5424040066777962e+16,100000000000000.0,259.3010307634406,124.85447281501972,11.686876513571693,1-D post-RESURF asymptote
1.5449081803005008e+16,100000000000000.0,259.7138045636892,124.70648991969375,11.668411110805243,1-D post-RESURF asymptote
1.5474123539232052e+16,100000000000000.0,260.12657836393777,124.55891563527827,11.650003967097224,1-D post-RESURF asymptote
1.5499165275459098e+16,100000000000000.0,260.53935216418637,124.4117481915893,11.631654807167525,1-D post-RESURF asymptote
1.5524207011686144e+16,100000000000000.0,260.9521259644349,124.26498582888415,11.61336335746762,1-D post-RESURF asymptote
1.5549248747913188e+16,100000000000000.0,261.36489976468346,124.11862679778312,11.595129346166958,1-D post-RESURF asymptote
1.5574290484140234e+16,100000000000000.0,261.77767356493206,123.97266935919235,11.576952503139504,1-D post-RESURF asymptote
1.5599332220367278e+16,100000000000000.0,262.1904473651806,123.82711178422763,11.5588325599504,1-D post-RESURF asymptote
1.5624373956594324e+16,100000000000000.0,262.60322116542915,123.68195235413816,11.540769249842752,1-D post-RESURF asymptote
1.5649415692821368e+16,100000000000000.0,263.0159949656777,123.5371893602318,11.522762307724541,1-D post-RESURF asymptote
1.5674457429048414e+16,100000000000000.0,263.4287687659263,123.3928211038005,11.504811470155648,1-D post-RESURF asymptote
1.5699499165275458e+16,100000000000000.0,263.84154256617484,123.24884589604646,11.486916475335006,1-D post-RESURF asymptote
1.5724540901502504e+16,100000000000000.0,264.2543163664234,123.10526205800899,11.469077063087886,1-D post-RESURF asymptote
1.5749582637729548e+16,100000000000000.0,264.6670901666719,122.96206792049226,11.451292974853276,1-D post-RESURF asymptote
1.5774624373956594e+16,100000000000000.0,265.0798639669206,122.81926182399319,11.433563953671394,1-D post-RESURF asymptote
1.5799666110183638e+16,100000000000000.0,265.492637767169,122.67684211863046,11.4158897441713,1-D post-RESURF asymptote
1.5824707846410684e+16,100000000000000.0,265.9054115674176,122.53480716407385,11.398270092558668,1-D post-RESURF asymptote
1.584974958263773e+16,100000000000000.0,266.3181853676662,122.39315532947441,11.380704746603584,1-D post-RESURF asymptote
1.5874791318864774e+16,100000000000000.0,266.73095916791476,122.25188499339514,11.363193455628569,1-D post-RESURF asymptote
1.589983305509182e+16,100000000000000.0,267.1437329681633,122.11099454374211,11.345735970496605,1-D post-RESURF asymptote
1.5924874791318864e+16,100000000000000.0,267.55650676841185,121.9704823776966,11.328332043599355,1-D post-RESURF asymptote
1.594991652754591e+16,100000000000000.0,267.96928056866045,121.83034690164753,11.310981428845434,1-D post-RESURF asymptote
1.5974958263772954e+16,100000000000000.0,268.382054368909,121.69058653112451,11.293683881648825,1-D post-RESURF asymptote
1.6e+16,100000000000000.0,268.79482816915754,121.55119969073161,11.276439158917368,1-D post-RESURF asymptote
1000000000000000.0,1000000000000000.0,67.08231439336282,270.95404155182564,36.98672044124897,Green RESURF
1025041736227045.1,1000000000000000.0,67.49508819361138,270.95404155182564,36.80240123639224,Green RESURF
1050083472454090.1,1000000000000000.0,67.90786199385994,270.95404155182564,36.61990999059195,Green RESURF
1075125208681135.2,1000000000000000.0,68.3206357941085,270.95404155182564,36.43921964524364,Green RESURF
1100166944908180.2,1000000000000000.0,68.73340959435706,270.95404155182564,36.26030367317206,Green RESURF
1125208681135225.4,1000000000000000.0,69.14618339460561,270.95404155182564,36.08313606564842,Green RESURF
1150250417362270.5,1000000000000000.0,69.55895719485419,270.95404155182564,35.907691319786274,Green RESURF
1175292153589315.5,1000000000000000.0,69.97173099510275,270.95404155182564,35.73394442630344,Green RESURF
1200333889816360.5,1000000000000000.0,70.3845047953513,270.95404155182564,35.561870857637444,Green RESURF
1225375626043405.8,1000000000000000.0,70.79727859559986,270.95404155182564,35.39144655640277,Green RESURF
1250417362270450.8,1000000000000000.0,71.21005239584844,270.95404155182564,35.22264792417827,Green RESURF
1275459098497495.8,1000000000000000.0,71.62282619609698,270.95404155182564,35.05545181061413,Green RESURF
1300500834724541.0,1000000000000000.0,72.03559999634555,270.95404155182564,34.889835502847454,Green RESURF
1325542570951586.0,1000000000000000.0,72.44837379659411,270.95404155182564,34.725776715216504,Green RESURF
1350584307178631.0,1000000000000000.0,72.86114759684267,270.95404155182564,34.56325357926385,Green RESURF
1375626043405676.0,1000000000000000.0,73.27392139709123,270.95404155182564,34.402244634018835,Green RESURF
1400667779632721.2,1000000000000000.0,73.68669519733979,270.95404155182564,34.24272881655043,Green RESURF
1425709515859766.2,1000000000000000.0,74.09946899758835,270.95404155182564,34.084685452781734,Green RESURF
1450751252086811.2,1000000000000000.0,74.5122427978369,270.95404155182564,33.928094248557635,Green RESURF
1475792988313856.5,1000000000000000.0,74.92501659808548,270.95404155182564,33.77293528095752,Green RESURF
1500834724540901.5,1000000000000000.0,75.33779039833404,270.95404155182564,33.61918898984542,Green RESURF
1525876460767946.5,1000000000000000.0,75.7505641985826,270.95404155182564,33.466836169649746,Green RESURF
1550918196994991.5,1000000000000000.0,76.16333799883115,270.95404155182564,33.31585796136561,Green RESURF
1575959933222036.8,1000000000000000.0,76.57611179907971,270.95404155182564,33.16623584477265,Green RESURF
1601001669449081.8,1000000000000000.0,76.98888559932828,270.95404155182564,33.017951630861596,Green RESURF
1626043405676127.0,1000000000000000.0,77.40165939957684,270.95404155182564,32.870987454463105,Green RESURF
1651085141903172.0,1000000000000000.0,77.8144331998254,270.95404155182564,32.725325767072576,Green RESURF
1676126878130217.0,1000000000000000.0,78.22720700007396,270.95404155182564,32.5809493298649,Green RESURF
1701168614357262.0,1000000000000000.0,78.63998080032252,270.95404155182564,32.43784120689331,Green RESURF
1726210350584307.0,1000000000000000.0,79.05275460057109,270.95404155182564,32.29598475846666,Green RESURF
1751252086811352.2,1000000000000000.0,79.46552840081965,270.95404155182564,32.155363634699754,Green RESURF
1776293823038397.2,1000000000000000.0,79.87830220106821,270.95404155182564,32.01596176923141,Green RESURF
1801335559265442.5,1000000000000000.0,80.29107600131677,270.95404155182564,31.877763373105225,Green RESURF
1826377295492487.5,1000000000000000.0,80.70384980156533,270.95404155182564,31.740752928808213,Green RESURF
1851419031719532.5,1000000000000000.0,81.11662360181388,270.95404155182564,31.60491518446238,Green RESURF
1876460767946577.5,1000000000000000.0,81.52939740206246,270.95404155182564,31.47023514816496,Green RESURF
1901502504173622.5,1000000000000000.0,81.942171202311,270.95404155182564,31.33669808247261,Green RESURF
1926544240400667.8,1000000000000000.0,82.35494500255957,270.95404155182564,31.20428949902554,Green RESURF
1951585976627713.0,1000000000000000.0,82.76771880280813,270.95404155182564,31.072995153307335,Green RESURF
1976627712854758.0,1000000000000000.0,83.1804926030567,270.95404155182564,30.942801039536498,Green RESURF
2001669449081803.0,1000000000000000.0,83.59326640330525,270.95404155182564,30.813693385685863,Green RESURF
2026711185308848.0,1000000000000000.0,84.00604020355381,270.95404155182564,30.68565864862622,Green RESURF
2051752921535893.0,1000000000000000.0,84.41881400380237,270.95404155182564,30.55868350939053,Green RESURF
2076794657762938.2,1000000000000000.0,84.83158780405094,270.95404155182564,30.432754868555126,Green RESURF
2101836393989983.2,1000000000000000.0,85.24436160429948,270.95404155182564,30.307859841734786,Green RESURF
2126878130217028.2,1000000000000000.0,85.65713540454806,270.95404155182564,30.183985755188196,Green RESURF
2151919866444073.5,1000000000000000.0,86.06990920479663,270.95404155182564,30.061120141530704,Green RESURF
2176961602671118.5,1000000000000000.0,86.48268300504519,270.95404155182564,29.93925073555153,Green RESURF
2202003338898163.5,1000000000000000.0,86.89545680529375,270.95404155182564,29.818365470132076,Green RESURF
2227045075125208.8,1000000000000000.0,87.30823060554229,270.95404155182564,29.69845247226291,Green RESURF
2252086811352254.0,1000000000000000.0,87.72100440579086,270.95404155182564,29.579500059156384,Green RESURF
2277128547579299.0,1000000000000000.0,88.13377820603944,270.95404155182564,29.4614967344523,Green RESURF
2302170283806344.0,1000000000000000.0,88.54655200628798,270.95404155182564,29.344431184514075,Green RESURF
2327212020033389.0,1000000000000000.0,88.95932580653655,270.95404155182564,29.228292274812837,Green RESURF
2352253756260434.0,1000000000000000.0,89.3720996067851,270.95404155182564,29.11306904639702,Green RESURF
2377295492487479.0,1000000000000000.0,89.78487340703367,270.95404155182564,28.998750712445197,Green RESURF
2402337228714524.0,1000000000000000.0,90.19764720728223,270.95404155182564,28.88532665489978,Green RESURF
2427378964941569.0,1000000000000000.0,90.61042100753079,270.95404155182564,28.77278642117939,Green RESURF
2452420701168614.0,1000000000000000.0,91.02319480777935,270.95404155182564,28.66111972096783,Green RESURF
2477462437395659.5,1000000000000000.0,91.43596860802792,270.95404155182564,28.55031642307749,Green RESURF
2502504173622704.5,1000000000000000.0,91.84874240827648,270.95404155182564,28.440366552385278,Green RESURF
2527545909849749.5,1000000000000000.0,92.26151620852504,270.95404155182564,28.33126028683904,Green RESURF
2552587646076794.5,1000000000000000.0,92.6742900087736,270.95404155182564,28.222987954532652,Green RESURF
2577629382303840.0,1000000000000000.0,93.08706380902217,270.95404155182564,28.11554003084788,Green RESURF
2602671118530885.0,1000000000000000.0,93.49983760927071,270.95404155182564,28.008907135661353,Green RESURF
2627712854757930.0,1000000000000000.0,93.91261140951927,270.95404155182564,27.903080030614777,Green RESURF
2652754590984975.0,1000000000000000.0,94.32538520976783,270.95404155182564,27.79804961644684,Green RESURF
2677796327212020.0,1000000000000000.0,94.7381590100164,270.95404155182564,27.693806930385165,Green RESURF
2702838063439065.0,1000000000000000.0,95.15093281026496,270.95404155182564,27.59034314359668,Green RESURF
2727879799666110.0,1000000000000000.0,95.56370661051352,270.95404155182564,27.48764955869495,Green RESURF
2752921535893155.0,1000000000000000.0,95.97648041076208,270.95404155182564,27.385717607303004,Green RESURF
2777963272120200.0,1000000000000000.0,96.38925421101064,270.95404155182564,27.284538847670113,Green RESURF
2803005008347245.0,1000000000000000.0,96.80202801125921,270.95404155182564,27.18410496234127,Green RESURF
2828046744574290.5,1000000000000000.0,97.21480181150775,270.95404155182564,27.084407755877912,Green RESURF
2853088480801335.5,1000000000000000.0,97.62757561175633,270.95404155182564,26.985439152628665,Green RESURF
2878130217028380.5,1000000000000000.0,98.04034941200489,270.95404155182564,26.887191194548702,Green RESURF
2903171953255426.0,1000000000000000.0,98.45312321225344,270.95404155182564,26.78965603906666,Green RESURF
2928213689482471.0,1000000000000000.0,98.86589701250202,270.95404155182564,26.692825956997748,Green RESURF
2953255425709516.0,1000000000000000.0,99.27867081275058,270.95404155182564,26.596693330501953,Green RESURF
2978297161936561.0,1000000000000000.0,99.69144461299913,270.95404155182564,26.50125065108628,Green RESURF
3003338898163606.0,1000000000000000.0,100.10421841324771,270.95404155182564,26.406490517649736,Green RESURF
3028380634390651.0,1000000000000000.0,100.51699221349625,270.95404155182564,26.312405634570226,Green RESURF
3053422370617696.0,1000000000000000.0,100.92976601374481,270.95404155182564,26.21898880983211,Green RESURF
3078464106844741.0,1000000000000000.0,101.34253981399337,270.95404155182564,26.126232953193554,Green RESURF
3103505843071786.0,1000000000000000.0,101.75531361424193,270.95404155182564,26.034131074392633,Green RESURF
3128547579298831.0,1000000000000000.0,102.16808741449049,270.95404155182564,25.942676281391254,Green RESURF
3153589315525876.5,1000000000000000.0,102.58086121473906,270.95404155182564,25.85186177865593,Green RESURF
3178631051752921.5,1000000000000000.0,102.99363501498762,270.95404155182564,25.761680865474574,Green RESURF
3203672787979966.5,1000000000000000.0,103.40640881523618,270.95404155182564,25.67212693430838,Green RESURF
3228714524207011.5,1000000000000000.0,103.81918261548475,270.95404155182564,25.58319346917798,Green RESURF
3253756260434056.5,1000000000000000.0,104.2319564157333,270.95404155182564,25.494874044083005,Green RESURF
3278797996661102.0,1000000000000000.0,104.64473021598187,270.95404155182564,25.40716232145428,Green RESURF
3303839732888147.0,1000000000000000.0,105.05750401623044,270.95404155182564,25.320052050637862,Green RESURF
3328881469115192.0,1000000000000000.0,105.47027781647898,270.95404155182564,25.233537066410168,Green RESURF
3353923205342237.0,1000000000000000.0,105.88305161672754,270.95404155182564,25.147611287523418,Green RESURF
3378964941569282.0,1000000000000000.0,106.2958254169761,270.95404155182564,25.06226871528069,Green RESURF
3404006677796327.0,1000000000000000.0,106.70859921722467,270.95404155182564,24.977503432139944,Green RESURF
3429048414023372.0,1000000000000000.0,107.12137301747323,270.95404155182564,24.893309600346214,Green RESURF
3454090150250417.5,1000000000000000.0,107.53414681772179,270.95404155182564,24.809681460591406,Green RESURF
3479131886477462.5,1000000000000000.0,107.94692061797036,270.95404155182564,24.72661333070104,Green RESURF
3504173622704507.5,1000000000000000.0,108.35969441821892,270.95404155182564,24.6440996043472,Green RESURF
3529215358931552.5,1000000000000000.0,108.77246821846748,270.95404155182564,24.56213474978729,Green RESURF
3554257095158597.5,1000000000000000.0,109.18524201871602,270.95404155182564,24.480713308627767,Green RESURF
3579298831385642.5,1000000000000000.0,109.5980158189646,270.95404155182564,24.39982989461248,Green RESURF
3604340567612687.5,1000000000000000.0,110.01078961921317,270.95404155182564,24.319479192434834,Green RESURF
3629382303839733.0,1000000000000000.0,110.42356341946171,270.95404155182564,24.239655956573447,Green RESURF
3654424040066778.0,1000000000000000.0,110.83633721971027,270.95404155182564,24.160355010150635,Green RESURF
3679465776293823.0,1000000000000000.0,111.24911101995883,270.95404155182564,24.081571243813187,Green RESURF
3704507512520868.0,1000000000000000.0,111.66188482020739,270.95404155182564,24.003299614635026,Green RESURF
3729549248747913.0,1000000000000000.0,112.07465862045598,270.95404155182564,23.925535145041177,Green RESURF
3754590984974958.0,1000000000000000.0,112.48743242070452,270.95404155182564,23.848272921752564,Green RESURF
3779632721202003.0,1000000000000000.0,112.90020622095308,270.95404155182564,23.771508094751212,Green RESURF
3804674457429048.5,1000000000000000.0,113.31298002120164,270.95404155182564,23.695235876265382,Green RESURF
3829716193656093.5,1000000000000000.0,113.7257538214502,270.95404155182564,23.619451539774126,Green RESURF
3854757929883138.5,1000000000000000.0,114.13852762169877,270.95404155182564,23.54415041903096,Green RESURF
3879799666110183.5,1000000000000000.0,114.55130142194733,270.95404155182564,23.469327907106074,Green RESURF
3904841402337228.5,1000000000000000.0,114.96407522219587,270.95404155182564,23.394979455446812,Green RESURF
3929883138564273.5,1000000000000000.0,115.37684902244445,270.95404155182564,23.321100572955924,Green RESURF
3954924874791319.0,1000000000000000.0,115.78962282269302,270.95404155182564,23.247686825087232,Green RESURF
3979966611018364.0,1000000000000000.0,116.20239662294156,270.95404155182564,23.174733832958296,Green RESURF
4005008347245409.0,1000000000000000.0,116.61517042319014,270.95404155182564,23.1022372724798,Green RESURF
4030050083472454.0,1000000000000000.0,117.02794422343868,270.95404155182564,23.03019287350118,Green RESURF
4055091819699499.0,1000000000000000.0,117.44071802368725,270.95404155182564,22.958596418972157,Green RESURF
4080133555926544.0,1000000000000000.0,117.8534918239358,270.95404155182564,22.88744374411997,Green RESURF
4105175292153589.0,1000000000000000.0,118.26626562418437,270.95404155182564,22.816730735641745,Green RESURF
4130217028380634.5,1000000000000000.0,118.67903942443294,270.95404155182564,22.746453330911837,Green RESURF
4155258764607679.5,1000000000000000.0,119.09181322468152,270.95404155182564,22.676607517203816,Green RESURF
4180300500834724.5,1000000000000000.0,119.50458702493006,270.95404155182564,22.607189330926666,Green RESURF
4205342237061769.5,1000000000000000.0,119.9173608251786,270.95404155182564,22.53819485687501,Green RESURF
4230383973288814.5,1000000000000000.0,120.33013462542718,270.95404155182564,22.469620227493035,Green RESURF
4255425709515859.5,1000000000000000.0,120.74290842567575,270.95404155182564,22.401461622151803,Green RESURF
4280467445742904.5,1000000000000000.0,121.1556822259243,270.95404155182564,22.333715266439647,Green RESURF
4305509181969950.0,1000000000000000.0,121.56845602617287,270.95404155182564,22.266377431465457,Green RESURF
4330550918196995.0,1000000000000000.0,121.98122982642141,270.95404155182564,22.199444433174484,Green RESURF
4355592654424040.0,1000000000000000.0,122.39400362666998,270.95404155182564,22.13291263167645,Green RESURF
4380634390651085.0,1000000000000000.0,122.80677742691856,270.95404155182564,22.06677843058579,Green RESURF
4405676126878130.0,1000000000000000.0,123.21955122716713,270.95404155182564,22.001038276373517,Green RESURF
4430717863105175.0,1000000000000000.0,123.63232502741567,270.95404155182564,21.935688657730825,Green RESURF
4455759599332220.0,1000000000000000.0,124.04509882766422,270.95404155182564,21.870726104943863,Green RESURF
4480801335559265.5,1000000000000000.0,124.45787262791279,270.95404155182564,21.806147189279653,Green RESURF
4505843071786310.0,1000000000000000.0,124.87064642816136,270.95404155182564,21.741948522382852,Green RESURF
4530884808013356.0,1000000000000000.0,125.28342022840994,270.95404155182564,21.678126755683103,Green RESURF
4555926544240400.0,1000000000000000.0,125.69619402865845,270.95404155182564,21.614678579812814,Green RESURF
4580968280467446.0,1000000000000000.0,126.10896782890703,270.95404155182564,21.551600724035147,Green RESURF
4606010016694490.0,1000000000000000.0,126.52174162915557,270.95404155182564,21.488889955681994,Green RESURF
4631051752921536.0,1000000000000000.0,126.93451542940414,270.95404155182564,21.42654307960167,Green RESURF
4656093489148581.0,1000000000000000.0,127.34728922965272,270.95404155182564,21.364556937616328,Green RESURF
4681135225375626.0,1000000000000000.0,127.76006302990129,270.95404155182564,21.30292840798859,Green RESURF
4706176961602671.0,1000000000000000.0,128.17283683014983,270.95404155182564,21.241654404897538,Green RESURF
4731218697829716.0,1000000000000000.0,128.58561063039838,270.95404155182564,21.180731877923648,Green RESURF
4756260434056761.0,1000000000000000.0,128.99838443064695,270.95404155182564,21.120157811542544,Green RESURF
4781302170283806.0,1000000000000000.0,129.41115823089552,270.95404155182564,21.0599292246275,Green RESURF
4806343906510852.0,1000000000000000.0,129.8239320311441,270.95404155182564,21.000043169960314,Green RESURF
4831385642737896.0,1000000000000000.0,130.23670583139264,270.95404155182564,20.940496733750596,Green RESURF
4856427378964942.0,1000000000000000.0,130.6494796316412,270.95404155182564,20.881287035163176,Green RESURF
4881469115191986.0,1000000000000000.0,131.06225343188976,270.95404155182564,20.82241122585351,Green RESURF
4906510851419032.0,1000000000000000.0,131.47502723213833,270.95404155182564,20.763866489510896,Green RESURF
4931552587646076.0,1000000000000000.0,131.88780103238688,270.95404155182564,20.70565004140947,Green RESURF
4956594323873122.0,1000000000000000.0,132.30057483263545,270.95404155182564,20.64775912796657,Green RESURF
4981636060100167.0,1000000000000000.0,132.71334863288402,270.95404155182564,20.590191026308673,Green RESURF
5006677796327212.0,1000000000000000.0,133.12612243313256,270.95404155182564,20.53294304384442,Green RESURF
5031719532554257.0,1000000000000000.0,133.53889623338114,270.95404155182564,20.476012517844854,Green RESURF
5056761268781302.0,1000000000000000.0,133.9516700336297,270.95404155182564,20.419396815030538,Green RESURF
5081803005008347.0,1000000000000000.0,134.36444383387825,270.95404155182564,20.36309333116556,Green RESURF
5106844741235392.0,1000000000000000.0,134.7772176341268,270.95404155182564,20.30709949065823,Green RESURF
5131886477462437.0,1000000000000000.0,135.18999143437537,270.95404155182564,20.251412746168313,Green RESURF
5156928213689482.0,1000000000000000.0,135.60276523462394,270.95404155182564,20.196030578220725,Green RESURF
5181969949916528.0,1000000000000000.0,136.01553903487252,270.95404155182564,20.140950494825574,Green RESURF
5207011686143572.0,1000000000000000.0,136.42831283512103,270.95404155182564,20.08617003110438,Green RESURF
5232053422370618.0,1000000000000000.0,136.8410866353696,270.95404155182564,20.03168674892236,Green RESURF
5257095158597662.0,1000000000000000.0,137.25386043561818,270.95404155182564,19.97749823652672,Green RESURF
5282136894824708.0,1000000000000000.0,137.66663423586672,270.95404155182564,19.923602108190767,Green RESURF
5307178631051753.0,1000000000000000.0,138.0794080361153,270.95404155182564,19.869996003863793,Green RESURF
5332220367278798.0,1000000000000000.0,138.49218183636387,270.95404155182564,19.816677588826593,Green RESURF
5357262103505843.0,1000000000000000.0,138.9049556366124,270.95404155182564,19.76364455335248,Green RESURF
5382303839732888.0,1000000000000000.0,139.317729436861,270.95404155182564,19.71089461237378,Green RESURF
5407345575959933.0,1000000000000000.0,139.73050323710953,270.95404155182564,19.65842550515362,Green RESURF
5432387312186978.0,1000000000000000.0,140.1432770373581,270.95404155182564,19.60623499496295,Green RESURF
5457429048414023.0,1000000000000000.0,140.55605083760668,270.95404155182564,19.554320868762694,Green RESURF
5482470784641068.0,1000000000000000.0,140.96882463785522,270.95404155182564,19.50268093689096,Green RESURF
5507512520868113.0,1000000000000000.0,141.38159843810377,270.95404155182564,19.451313032755166,Green RESURF
5532554257095158.0,1000000000000000.0,141.79437223835234,270.95404155182564,19.40021501252901,Green RESURF
5557595993322204.0,1000000000000000.0,142.2071460386009,270.95404155182564,19.349384754854263,Green RESURF
5582637729549249.0,1000000000000000.0,142.61991983884948,270.95404155182564,19.29882016054715,Green RESURF
5607679465776294.0,1000000000000000.0,143.03269363909806,270.95404155182564,19.24851915230941,Green RESURF
5632721202003339.0,1000000000000000.0,143.4454674393466,270.95404155182564,19.198479674443785,Green RESURF
5657762938230384.0,1000000000000000.0,143.85824123959515,270.95404155182564,19.14869969257401,Green RESURF
5682804674457429.0,1000000000000000.0,144.27101503984372,270.95404155182564,19.09917719336908,Green RESURF
5707846410684474.0,1000000000000000.0,144.6837888400923,270.95404155182564,19.049910184271823,Green RESURF
5732888146911519.0,1000000000000000.0,145.09656264034084,270.95404155182564,19.000896693231674,Green RESURF
5757929883138564.0,1000000000000000.0,145.50933644058938,270.95404155182564,18.952134768441518,Green RESURF
5782971619365609.0,1000000000000000.0,145.92211024083795,270.95404155182564,18.90362247807861,Green RESURF
5808013355592654.0,1000000000000000.0,146.33488404108653,270.95404155182564,18.85535791004947,Green RESURF
5833055091819699.0,1000000000000000.0,146.74765784133507,270.95404155182564,18.80733917173865,Green RESURF
5858096828046744.0,1000000000000000.0,147.16043164158364,270.95404155182564,18.75956438976133,Green RESURF
5883138564273789.0,1000000000000000.0,147.5732054418322,270.95404155182564,18.712031709719707,Green RESURF
5908180300500835.0,1000000000000000.0,147.98597924208076,270.95404155182564,18.66473929596304,Green RESURF
5933222036727880.0,1000000000000000.0,148.39875304232933,270.95404155182564,18.617685331351367,Green RESURF
5958263772954925.0,1000000000000000.0,148.8115268425779,270.95404155182564,18.57086801702274,Green RESURF
5983305509181970.0,1000000000000000.0,149.22430064282645,270.95404155182564,18.524285572163986,Green RESURF
6008347245409015.0,1000000000000000.0,149.63707444307502,270.95404155182564,18.47793623378493,Green RESURF
6033388981636060.0,1000000000000000.0,150.04984824332357,270.95404155182564,18.43181825649595,Green RESURF
6058430717863105.0,1000000000000000.0,150.46262204357214,270.95404155182564,18.38592991228891,Green RESURF
6083472454090150.0,1000000000000000.0,150.87539584382068,270.95404155182564,18.3402694903213,Green RESURF
6108514190317195.0,1000000000000000.0,151.28816964406926,270.95404155182564,18.294835296703656,Green RESURF
6133555926544240.0,1000000000000000.0,151.7009434443178,270.95404155182564,18.249625654290057,Green RESURF
6158597662771285.0,1000000000000000.0,152.11371724456635,270.95404155182564,18.20463890247176,Green RESURF
6183639398998330.0,1000000000000000.0,152.52649104481492,270.95404155182564,18.159873396973882,Green RESURF
6208681135225375.0,1000000000000000.0,152.9392648450635,270.95404155182564,18.115327509655057,Green RESURF
6233722871452421.0,1000000000000000.0,153.35203864531206,270.95404155182564,18.070999628310055,Green RESURF
6258764607679466.0,1000000000000000.0,153.76481244556064,270.95404155182564,18.026888156475287,Green RESURF
6283806343906511.0,1000000000000000.0,154.17758624580918,270.95404155182564,17.98299151323712,Green RESURF
6308848080133556.0,1000000000000000.0,154.59036004605773,270.95404155182564,17.93930813304302,Green RESURF
6333889816360601.0,1000000000000000.0,155.0031338463063,270.95404155182564,17.89583646551545,Green RESURF
6358931552587646.0,1000000000000000.0,155.41590764655487,270.95404155182564,17.852574975268436,Green RESURF
6383973288814691.0,1000000000000000.0,155.82868144680342,270.95404155182564,17.80952214172679,Green RESURF
6409015025041736.0,1000000000000000.0,156.241455247052,270.95404155182564,17.76667645894798,Green RESURF
6434056761268781.0,1000000000000000.0,156.65422904730053,270.95404155182564,17.724036435446504,Green RESURF
6459098497495826.0,1000000000000000.0,157.0670028475491,270.95404155182564,17.681600594020857,Green RESURF
6484140233722871.0,1000000000000000.0,157.47977664779765,270.95404155182564,17.639367471582908,Green RESURF
6509181969949916.0,1000000000000000.0,157.89255044804622,270.95404155182564,17.597335618989778,Green RESURF
6534223706176961.0,1000000000000000.0,158.30532424829477,270.95404155182564,17.555503600878076,Green RESURF
6559265442404006.0,1000000000000000.0,158.71809804854334,270.95404155182564,17.513869995500496,Green RESURF
6584307178631052.0,1000000000000000.0,159.1308718487919,270.95404155182564,17.47243339456477,Green RESURF
6609348914858097.0,1000000000000000.0,159.54364564904049,270.95404155182564,17.43119240307485,Green RESURF
6634390651085142.0,1000000000000000.0,159.95641944928903,270.95404155182564,17.390145639174357,Green RESURF
6659432387312187.0,1000000000000000.0,160.3691932495376,270.95404155182564,17.34929173399227,Green RESURF
6684474123539232.0,1000000000000000.0,160.78196704978615,270.95404155182564,17.308629331490724,Green RESURF
6709515859766277.0,1000000000000000.0,161.19474085003472,270.95404155182564,17.26815708831499,Green RESURF
6734557595993322.0,1000000000000000.0,161.60751465028326,270.95404155182564,17.227873673645515,Green RESURF
6759599332220367.0,1000000000000000.0,162.02028845053184,270.95404155182564,17.187777769052083,Green RESURF
6784641068447412.0,1000000000000000.0,162.43306225078038,270.95404155182564,17.14786806834995,Green RESURF
6809682804674457.0,1000000000000000.0,162.84583605102895,270.95404155182564,17.108143277458016,Green RESURF
6834724540901502.0,1000000000000000.0,163.25860985127753,270.95404155182564,17.06860211425896,Green RESURF
6859766277128547.0,1000000000000000.0,163.67138365152607,270.95404155182564,17.029243308461282,Green RESURF
6884808013355592.0,1000000000000000.0,164.08415745177464,270.95404155182564,16.990065601463293,Green RESURF
6909849749582638.0,1000000000000000.0,164.49693125202322,270.95404155182564,16.951067746218918,Green RESURF
6934891485809683.0,1000000000000000.0,164.90970505227176,270.95404155182564,16.91224850710544,Green RESURF
6959933222036728.0,1000000000000000.0,165.32247885252033,270.95404155182564,16.87360665979294,Green RESURF
6984974958263773.0,1000000000000000.0,165.7352526527689,270.95404155182564,16.835140991115605,Green RESURF
7010016694490818.0,1000000000000000.0,166.14802645301745,270.95404155182564,16.796850298944754,Green RESURF
7035058430717863.0,1000000000000000.0,166.56080025326602,270.95404155182564,16.75873339206364,Green RESURF
7060100166944908.0,1000000000000000.0,166.97357405351457,270.95404155182564,16.720789090043873,Green RESURF
7085141903171953.0,1000000000000000.0,167.38634785376314,270.95404155182564,16.683016223123595,Green RESURF
7110183639398998.0,1000000000000000.0,167.79912165401169,270.95404155182564,16.64541363208725,Green RESURF
7135225375626043.0,1000000000000000.0,168.21189545426026,270.95404155182564,16.607980168147023,Green RESURF
7160267111853088.0,1000000000000000.0,168.6246692545088,270.95404155182564,16.570714692825828,Green RESURF
7185308848080133.0,1000000000000000.0,169.03744305475738,270.95404155182564,16.533616077841888,Green RESURF
7210350584307178.0,1000000000000000.0,169.45021685500595,270.95404155182564,16.496683204994884,Green RESURF
7235392320534223.0,1000000000000000.0,169.86299065525452,270.95404155182564,16.459914966053592,Green RESURF
7260434056761269.0,1000000000000000.0,170.27576445550304,270.95404155182564,16.423310262645018,Green RESURF
7285475792988314.0,1000000000000000.0,170.6885382557516,270.95404155182564,16.386868006145068,Green RESURF
7310517529215359.0,1000000000000000.0,171.10131205600015,270.95404155182564,16.350587117570576,Green RESURF
7335559265442404.0,1000000000000000.0,171.51408585624873,270.95404155182564,16.31446652747285,Green RESURF
7360601001669449.0,1000000000000000.0,171.9268596564973,270.95404155182564,16.278505175832574,Green RESURF
7385642737896494.0,1000000000000000.0,172.33963345674584,270.95404155182564,16.24270201195611,Green RESURF
7410684474123539.0,1000000000000000.0,172.75240725699442,270.95404155182564,16.207055994373174,Green RESURF
7435726210350584.0,1000000000000000.0,173.16518105724296,270.95404155182564,16.171566090735862,Green RESURF
7460767946577629.0,1000000000000000.0,173.57795485749156,270.95404155182564,16.136231277718956,Green RESURF
7485809682804674.0,1000000000000000.0,173.99072865774014,270.95404155182564,16.10105054092161,Green RESURF
7510851419031719.0,1000000000000000.0,174.40350245798868,270.95404155182564,16.06602287477022,Green RESURF
7535893155258764.0,1000000000000000.0,174.81627625823722,270.95404155182564,16.031147282422673,Green RESURF
7560934891485809.0,1000000000000000.0,175.2290500584858,270.95404155182564,15.996422775673743,Green RESURF
7585976627712855.0,1000000000000000.0,175.64182385873434,270.95404155182564,15.961848374861766,Green RESURF
7611018363939900.0,1000000000000000.0,176.0545976589829,270.95404155182564,15.927423108776514,Green RESURF
7636060100166945.0,1000000000000000.0,176.46737145923146,270.95404155182564,15.893146014568241,Green RESURF
7661101836393990.0,1000000000000000.0,176.88014525948003,270.95404155182564,15.859016137657933,Green RESURF
7686143572621035.0,1000000000000000.0,177.29291905972858,270.95404155182564,15.825032531648665,Green RESURF
7711185308848080.0,1000000000000000.0,177.70569285997715,270.95404155182564,15.791194258238153,Green RESURF
7736227045075125.0,1000000000000000.0,178.11846666022572,270.95404155182564,15.757500387132382,Green RESURF
7761268781302170.0,1000000000000000.0,178.5312404604743,270.95404155182564,15.72394999596035,Green RESURF
7786310517529215.0,1000000000000000.0,178.9440142607228,270.95404155182564,15.690542170189895,Green RESURF
7811352253756260.0,1000000000000000.0,179.35678806097138,270.95404155182564,15.657276003044618,Green RESURF
7836393989983305.0,1000000000000000.0,179.76956186121993,270.95404155182564,15.624150595421815,Green RESURF
7861435726210350.0,1000000000000000.0,180.1823356614685,270.95404155182564,15.591165055811492,Green RESURF
7886477462437395.0,1000000000000000.0,180.59510946171704,270.95404155182564,15.558318500216384,Green RESURF
7911519198664440.0,1000000000000000.0,181.00788326196562,270.95404155182564,15.52561005207297,Green RESURF
7936560934891486.0,1000000000000000.0,181.4206570622142,270.95404155182564,15.493038842173517,Green RESURF
7961602671118531.0,1000000000000000.0,181.83343086246276,270.95404155182564,15.460604008589062,Green RESURF
7986644407345576.0,1000000000000000.0,182.2462046627113,270.95404155182564,15.428304696593406,Green RESURF
8011686143572621.0,1000000000000000.0,182.6589784629599,270.95404155182564,15.396140058588001,Green RESURF
8036727879799666.0,1000000000000000.0,183.07175226320845,270.95404155182564,15.364109254027827,Green RESURF
8061769616026711.0,1000000000000000.0,183.484526063457,270.95404155182564,15.332211449348188,Green RESURF
8086811352253756.0,1000000000000000.0,183.89729986370554,270.95404155182564,15.300445817892358,Green RESURF
8111853088480801.0,1000000000000000.0,184.3100736639541,270.95404155182564,15.268811539840202,Green RESURF
8136894824707846.0,1000000000000000.0,184.7228474642027,270.95404155182564,15.237307802137643,Green RESURF
8161936560934891.0,1000000000000000.0,185.13562126445123,270.95404155182564,15.205933798426994,Green RESURF
8186978297161936.0,1000000000000000.0,185.5483950646998,270.95404155182564,15.174688728978172,Green RESURF
8212020033388981.0,1000000000000000.0,185.96116886494835,270.95404155182564,15.143571800620734,Green RESURF
8237061769616026.0,1000000000000000.0,186.37394266519692,270.95404155182564,15.11258222667676,Green RESURF
8262103505843072.0,1000000000000000.0,186.7867164654455,270.95404155182564,15.081719226894572,Green RESURF
8287145242070117.0,1000000000000000.0,187.19949026569407,270.95404155182564,15.05098202738324,Green RESURF
8312186978297162.0,1000000000000000.0,187.61226406594264,270.95404155182564,15.020369860547884,Green RESURF
8337228714524207.0,1000000000000000.0,188.02503786619118,270.95404155182564,14.9898819650258,Green RESURF
8362270450751252.0,1000000000000000.0,188.43781166643973,270.95404155182564,14.959517585623315,Green RESURF
8387312186978297.0,1000000000000000.0,188.8505854666883,270.95404155182564,14.929275973253459,Green RESURF
8412353923205342.0,1000000000000000.0,189.26335926693685,270.95404155182564,14.899156384874333,Green RESURF
8437395659432387.0,1000000000000000.0,189.67613306718542,270.95404155182564,14.869158083428276,Green RESURF
8462437395659432.0,1000000000000000.0,190.08890686743396,270.95404155182564,14.839280337781737,Green RESURF
8487479131886477.0,1000000000000000.0,190.50168066768254,270.95404155182564,14.80952242266586,Green RESURF
8512520868113522.0,1000000000000000.0,190.9144544679311,270.95404155182564,14.779883618617832,Green RESURF
8537562604340567.0,1000000000000000.0,191.32722826817968,270.95404155182564,14.750363211922856,Green RESURF
8562604340567612.0,1000000000000000.0,191.74000206842823,270.95404155182564,14.720960494556897,Green RESURF
8587646076794657.0,1000000000000000.0,192.15277586867677,270.95404155182564,14.691674764130061,Green RESURF
8612687813021703.0,1000000000000000.0,192.56554966892534,270.95404155182564,14.662505323830663,Green RESURF
8637729549248748.0,1000000000000000.0,192.97832346917392,270.95404155182564,14.633451482369967,Green RESURF
8662771285475793.0,1000000000000000.0,193.39109726942246,270.95404155182564,14.604512553927574,Green RESURF
8687813021702838.0,1000000000000000.0,193.80387106967103,270.95404155182564,14.575687858097456,Green RESURF
8712854757929883.0,1000000000000000.0,194.21664486991958,270.95404155182564,14.546976719834623,Green RESURF
8737896494156928.0,1000000000000000.0,194.62941867016815,270.95404155182564,14.518378469402444,Green RESURF
8762938230383973.0,1000000000000000.0,195.04219247041672,270.95404155182564,14.489892442320558,Green RESURF
8787979966611018.0,1000000000000000.0,195.4549662706653,270.95404155182564,14.461517979313403,Green RESURF
8813021702838063.0,1000000000000000.0,195.86774007091384,270.95404155182564,14.433254426259369,Green RESURF
8838063439065108.0,1000000000000000.0,196.28051387116238,270.95404155182564,14.40510113414053,Green RESURF
8863105175292153.0,1000000000000000.0,196.69328767141096,270.95404155182564,14.377057458992946,Green RESURF
8888146911519198.0,1000000000000000.0,197.1060614716595,270.95404155182564,14.349122761857599,Green RESURF
8913188647746243.0,1000000000000000.0,197.51883527190807,270.95404155182564,14.321296408731826,Green RESURF
8938230383973289.0,1000000000000000.0,197.93160907215662,270.95404155182564,14.293577770521374,Green RESURF
8963272120200334.0,1000000000000000.0,198.3443828724052,270.95404155182564,14.265966222992999,Green RESURF
8988313856427379.0,1000000000000000.0,198.75715667265374,270.95404155182564,14.238461146727591,Green RESURF
9013355592654424.0,1000000000000000.0,199.1699304729023,270.95404155182564,14.211061927073846,Green RESURF
9038397328881468.0,1000000000000000.0,199.58270427315088,270.95404155182564,14.183767954102517,Green RESURF
9063439065108514.0,1000000000000000.0,199.99547807339945,270.95404155182564,14.156578622561106,Green RESURF
9088480801335560.0,1000000000000000.0,200.40825187364803,270.95404155182564,14.129493331829163,Green RESURF
9113522537562604.0,1000000000000000.0,200.82102567389654,270.95404155182564,14.102511485874048,Green RESURF
9138564273789648.0,1000000000000000.0,201.23379947414512,270.95404155182564,14.0756324932072,Green RESURF
9163606010016694.0,1000000000000000.0,201.64657327439366,270.95404155182564,14.048855766840921,Green RESURF
9188647746243740.0,1000000000000000.0,202.05934707464223,270.95404155182564,14.022180724245652,Green RESURF
9213689482470784.0,1000000000000000.0,202.47212087489078,270.95404155182564,13.995606787307729,Green RESURF
9238731218697828.0,1000000000000000.0,202.88489467513935,270.95404155182564,13.9691333822876,Green RESURF
9263772954924874.0,1000000000000000.0,203.2976684753879,270.95404155182564,13.94275993977856,Green RESURF
9288814691151920.0,1000000000000000.0,203.7104422756365,270.95404155182564,13.916485894665911,Green RESURF
9313856427378964.0,1000000000000000.0,204.12321607588507,270.95404155182564,13.890310686086602,Green RESURF
9338898163606010.0,1000000000000000.0,204.5359898761336,270.95404155182564,13.864233757389316,Green RESURF
9363939899833056.0,1000000000000000.0,204.9487636763822,270.95404155182564,13.838254556095023,Green RESURF
9388981636060100.0,1000000000000000.0,205.36153747663073,270.95404155182564,13.812372533857937,Green RESURF
9414023372287144.0,1000000000000000.0,205.77431127687927,270.95404155182564,13.786587146426966,Green RESURF
9439065108514190.0,1000000000000000.0,206.18708507712785,270.95404155182564,13.760897853607535,Green RESURF
9464106844741236.0,1000000000000000.0,206.59985887737642,270.95404155182564,13.735304119223885,Green RESURF
9489148580968280.0,1000000000000000.0,207.01263267762496,270.95404155182564,13.709805411081767,Green RESURF
9514190317195324.0,1000000000000000.0,207.4254064778735,270.95404155182564,13.68440120093152,Green RESURF
9539232053422370.0,1000000000000000.0,207.83818027812208,270.95404155182564,13.659090964431646,Green RESURF
9564273789649416.0,1000000000000000.0,208.25095407837065,270.95404155182564,13.633874181112695,Green RESURF
9589315525876460.0,1000000000000000.0,208.66372787861923,270.95404155182564,13.608750334341604,Green RESURF
9614357262103506.0,1000000000000000.0,209.0765016788678,270.95404155182564,13.583718911286406,Green RESURF
9639398998330552.0,1000000000000000.0,209.4892754791164,270.95404155182564,13.55877940288135,Green RESURF
9664440734557596.0,1000000000000000.0,209.9020492793649,270.95404155182564,13.533931303792382,Green RESURF
9689482470784640.0,1000000000000000.0,210.31482307961343,270.95404155182564,13.509174112383008,Green RESURF
9714524207011686.0,1000000000000000.0,210.72759687986203,270.95404155182564,13.484507330680543,Green RESURF
9739565943238732.0,1000000000000000.0,211.1403706801106,270.95404155182564,13.45993046434273,Green RESURF
9764607679465776.0,1000000000000000.0,211.55314448035915,270.95404155182564,13.4354430226247,Green RESURF
9789649415692820.0,1000000000000000.0,211.96591828060767,270.95404155182564,13.411044518346328,Green RESURF
9814691151919866.0,1000000000000000.0,212.37869208085627,270.95404155182564,13.386734467859899,Green RESURF
9839732888146912.0,1000000000000000.0,212.79146588110484,270.95404155182564,13.362512391018171,Green RESURF
9864774624373956.0,1000000000000000.0,213.2042396813534,270.95404155182564,13.338377811142767,Green RESURF
9889816360601000.0,1000000000000000.0,213.6170134816019,270.95404155182564,13.314330254992868,Green RESURF
9914858096828046.0,1000000000000000.0,214.0297872818505,270.95404155182564,13.290369252734333,Green RESURF
9939899833055092.0,1000000000000000.0,214.44256108209908,270.95404155182564,13.26649433790906,Green RESURF
9964941569282136.0,1000000000000000.0,214.85533488234762,270.95404155182564,13.24270504740474,Green RESURF
9989983305509182.0,1000000000000000.0,215.2681086825962,270.95404155182564,13.219000921424898,Green RESURF
1.0015025041736226e+16,1000000000000000.0,215.68088248284474,270.95404155182564,13.19538150345928,Green RESURF
1.0040066777963272e+16,1000000000000000.0,216.0936562830933,270.95404155182564,13.171846340254534,Green RESURF
1.0065108514190316e+16,1000000000000000.0,216.50643008334185,270.95404155182564,13.148394981785243,Green RESURF
1.0090150250417362e+16,1000000000000000.0,216.91920388359043,270.95404155182564,13.125026981225197,Green RESURF
1.0115191986644408e+16,1000000000000000.0,217.33197768383903,270.95404155182564,13.101741894919058,Green RESURF
1.0140233722871452e+16,1000000000000000.0,217.74475148408757,270.95404155182564,13.078539282354269,Green RESURF
1.0165275459098498e+16,1000000000000000.0,218.15752528433617,270.95404155182564,13.055418706133253,Green RESURF
1.0190317195325542e+16,1000000000000000.0,218.5702990845847,270.95404155182564,13.03237973194596,Green RESURF
1.0215358931552588e+16,1000000000000000.0,218.98307288483326,270.95404155182564,13.009421928542649,Green RESURF
1.0240400667779632e+16,1000000000000000.0,219.3958466850818,270.95404155182564,12.986544867706995,Green RESURF
1.0265442404006678e+16,1000000000000000.0,219.80862048533038,270.95404155182564,12.963748124229449,Green RESURF
1.0290484140233722e+16,1000000000000000.0,220.22139428557892,270.95404155182564,12.941031275880919,Green RESURF
1.0315525876460768e+16,1000000000000000.0,220.6341680858275,270.95404155182564,12.918393903386665,Green RESURF
1.0340567612687812e+16,1000000000000000.0,221.04694188607604,270.95404155182564,12.89583559040054,Green RESURF
1.0365609348914858e+16,1000000000000000.0,221.4597156863246,270.95404155182564,12.873355923479448,Green RESURF
1.0390651085141902e+16,1000000000000000.0,221.8724894865732,270.95404155182564,12.850954492058081,Green RESURF
1.0415692821368948e+16,1000000000000000.0,222.28526328682176,270.95404155182564,12.828630888423932,Green RESURF
1.0440734557595992e+16,1000000000000000.0,222.69803708707028,270.95404155182564,12.806384707692562,Green RESURF
1.0465776293823038e+16,1000000000000000.0,223.11081088731885,270.95404155182564,12.784215547783111,Green RESURF
1.0490818030050084e+16,1000000000000000.0,223.52358468756742,270.95404155182564,12.762123009394083,Green RESURF
1.0515859766277128e+16,1000000000000000.0,223.93635848781597,270.95404155182564,12.740106695979376,Green RESURF
1.0540901502504174e+16,1000000000000000.0,224.34913228806454,270.95404155182564,12.71816621372453,Green RESURF
1.0565943238731218e+16,1000000000000000.0,224.76190608831308,270.95404155182564,12.696301171523285,Green RESURF
1.0590984974958264e+16,1000000000000000.0,225.17467988856166,270.95404155182564,12.674511180954308,Green RESURF
1.0616026711185308e+16,1000000000000000.0,225.5874536888102,270.95404155182564,12.652795856258212,Green RESURF
1.0641068447412354e+16,1000000000000000.0,226.0002274890588,270.95404155182564,12.631154814314783,Green RESURF
1.0666110183639398e+16,1000000000000000.0,226.41300128930735,270.95404155182564,12.609587674620451,Green RESURF
1.0691151919866444e+16,1000000000000000.0,226.8257750895559,270.95404155182564,12.588094059265984,Green RESURF
1.0716193656093488e+16,1000000000000000.0,227.23854888980446,270.95404155182564,12.566673592914425,Green RESURF
1.0741235392320534e+16,1000000000000000.0,227.651322690053,270.95404155182564,12.545325902779235,Green RESURF
1.0766277128547578e+16,1000000000000000.0,228.06409649030158,270.95404155182564,12.524050618602674,Green RESURF
1.0791318864774624e+16,1000000000000000.0,228.47687029055012,237.412277909142,12.502847372634385,Green RESURF
1.081636060100167e+16,1000000000000000.0,228.88964409079873,131.17044175165267,12.481715799610214,1-D post-RESURF asymptote
1.0841402337228714e+16,1000000000000000.0,229.30241789104724,131.00441487612667,12.460655536731233,1-D post-RESURF asymptote
1.086644407345576e+16,1000000000000000.0,229.71519169129584,130.83887751480972,12.439666223642968,1-D post-RESURF asymptote
1.0891485809682804e+16,1000000000000000.0,230.1279654915444,130.67382740349657,12.418747502414874,1-D post-RESURF asymptote
1.091652754590985e+16,1000000000000000.0,230.54073929179296,130.50926229223913,12.397899017519938,1-D post-RESURF asymptote
1.0941569282136894e+16,1000000000000000.0,230.95351309204148,130.34517994523304,12.377120415814598,1-D post-RESURF asymptote
1.096661101836394e+16,1000000000000000.0,231.36628689229008,130.18157814070534,12.356411346518756,1-D post-RESURF asymptote
1.0991652754590984e+16,1000000000000000.0,231.7790606925386,130.01845467080278,12.335771461196064,1-D post-RESURF asymptote
1.101669449081803e+16,1000000000000000.0,232.1918344927872,129.85580734148186,12.315200413734368,1-D post-RESURF asymptote
1.1041736227045074e+16,1000000000000000.0,232.60460829303574,129.69363397239954,12.294697860326377,1-D post-RESURF asymptote
1.106677796327212e+16,1000000000000000.0,233.0173820932843,129.53193239680482,12.274263459450488,1-D post-RESURF asymptote
1.1091819699499164e+16,1000000000000000.0,233.43015589353286,129.37070046143202,12.253896871851843,1-D post-RESURF asymptote
1.111686143572621e+16,1000000000000000.0,233.84292969378143,129.2099360263942,12.23359776052354,1-D post-RESURF asymptote
1.1141903171953256e+16,1000000000000000.0,234.25570349403,129.04963696507826,12.213365790688055,1-D post-RESURF asymptote
1.11669449081803e+16,1000000000000000.0,234.66847729427857,128.88980116404096,12.193200629778827,1-D post-RESURF asymptote
1.1191986644407346e+16,1000000000000000.0,235.08125109452715,128.73042652290547,12.17310194742205,1-D post-RESURF asymptote
1.121702838063439e+16,1000000000000000.0,235.49402489477566,128.5715109542594,12.153069415418614,1-D post-RESURF asymptote
1.1242070116861436e+16,1000000000000000.0,235.90679869502424,128.41305238355352,12.133102707726247,1-D post-RESURF asymptote
1.126711185308848e+16,1000000000000000.0,236.31957249527278,128.2550487490017,12.113201500441845,1-D post-RESURF asymptote
1.1292153589315526e+16,1000000000000000.0,236.73234629552138,128.09749800148137,12.093365471783914,1-D post-RESURF asymptote
1.131719532554257e+16,1000000000000000.0,237.1451200957699,127.94039810443535,12.073594302075277,1-D post-RESURF asymptote
1.1342237061769616e+16,1000000000000000.0,237.5578938960185,127.78374703377422,12.05388767372586,1-D post-RESURF asymptote
1.136727879799666e+16,1000000000000000.0,237.97066769626701,127.62754277778005,12.034245271215715,1-D post-RESURF asymptote
1.1392320534223706e+16,1000000000000000.0,238.38344149651562,127.47178333701054,12.01466678107816,1-D post-RESURF asymptote
1.141736227045075e+16,1000000000000000.0,238.79621529676416,127.31646672420437,11.995151891883125,1-D post-RESURF asymptote
1.1442404006677796e+16,1000000000000000.0,239.20898909701276,127.1615909641875,11.97570029422061,1-D post-RESURF asymptote
1.1467445742904842e+16,1000000000000000.0,239.62176289726133,127.00715409377983,11.956311680684365,1-D post-RESURF asymptote
1.1492487479131886e+16,1000000000000000.0,240.03453669750985,126.85315416170363,11.936985745855674,1-D post-RESURF asymptote
1.1517529215358932e+16,1000000000000000.0,240.44731049775842,126.69958922849177,11.91772218628732,1-D post-RESURF asymptote
1.1542570951585976e+16,1000000000000000.0,240.86008429800697,126.54645736639763,11.898520700487717,1-D post-RESURF asymptote
1.1567612687813022e+16,1000000000000000.0,241.27285809825554,126.39375665930532,11.879380988905163,1-D post-RESURF asymptote
1.1592654424040066e+16,1000000000000000.0,241.68563189850408,126.24148520264126,11.860302753912276,1-D post-RESURF asymptote
1.1617696160267112e+16,1000000000000000.0,242.09840569875266,126.08964110328577,11.841285699790557,1-D post-RESURF asymptote
1.1642737896494156e+16,1000000000000000.0,242.5111794990012,125.93822247948643,11.82232953271512,1-D post-RESURF asymptote
1.1667779632721202e+16,1000000000000000.0,242.92395329924977,125.78722746077148,11.803433960739547,1-D post-RESURF asymptote
1.1692821368948246e+16,1000000000000000.0,243.33672709949835,125.63665418786441,11.784598693780922,1-D post-RESURF asymptote
1.1717863105175292e+16,1000000000000000.0,243.74950089974692,125.48650081259915,11.765823443604955,1-D post-RESURF asymptote
1.1742904841402336e+16,1000000000000000.0,244.16227469999544,125.33676549783618,11.74710792381131,1-D post-RESURF asymptote
1.1767946577629382e+16,1000000000000000.0,244.575048500244,125.18744641737926,11.72845184981902,1-D post-RESURF asymptote
1.1792988313856426e+16,1000000000000000.0,244.98782230049255,125.0385417558931,11.709854938852079,1-D post-RESURF asymptote
1.1818030050083472e+16,1000000000000000.0,245.40059610074115,124.89004970882154,11.691316909925135,1-D post-RESURF asymptote
1.1843071786310518e+16,1000000000000000.0,245.81336990098973,124.74196848230665,11.672837483829362,1-D post-RESURF asymptote
1.1868113522537562e+16,1000000000000000.0,246.22614370123827,124.59429629310861,11.654416383118429,1-D post-RESURF asymptote
1.1893155258764608e+16,1000000000000000.0,246.63891750148684,124.44703136852611,11.636053332094605,1-D post-RESURF asymptote
1.1918196994991652e+16,1000000000000000.0,247.0516913017354,124.30017194631768,11.617748056795037,1-D post-RESURF asymptote
1.1943238731218698e+16,1000000000000000.0,247.46446510198396,124.15371627462345,11.599500284978078,1-D post-RESURF asymptote
1.1968280467445742e+16,1000000000000000.0,247.87723890223253,124.00766261188805,11.581309746109845,1-D post-RESURF asymptote
1.1993322203672788e+16,1000000000000000.0,248.2900127024811,123.86200922678388,11.563176171350799,1-D post-RESURF asymptote
1.2018363939899832e+16,1000000000000000.0,248.70278650272962,123.71675439813501,11.545099293542538,1-D post-RESURF asymptote
1.2043405676126878e+16,1000000000000000.0,249.1155603029782,123.57189641484204,11.527078847194657,1-D post-RESURF asymptote
1.2068447412353922e+16,1000000000000000.0,249.52833410322674,123.42743357580746,11.509114568471757,1-D post-RESURF asymptote
1.2093489148580968e+16,1000000000000000.0,249.9411079034753,123.28336418986164,11.491206195180565,1-D post-RESURF asymptote
1.2118530884808012e+16,1000000000000000.0,250.35388170372386,123.13968657568981,11.47335346675719,1-D post-RESURF asymptote
1.2143572621035058e+16,1000000000000000.0,250.76665550397243,122.99639906175896,11.455556124254464,1-D post-RESURF asymptote
1.2168614357262104e+16,1000000000000000.0,251.179429304221,122.85349998624633,11.437813910329444,1-D post-RESURF asymptote
1.2193656093489148e+16,1000000000000000.0,251.59220310446955,122.71098769696788,11.420126569230995,1-D post-RESURF asymptote
1.2218697829716194e+16,1000000000000000.0,252.00497690471815,122.56886055130748,11.40249384678751,1-D post-RESURF asymptote
1.2243739565943238e+16,1000000000000000.0,252.41775070496666,122.42711691614704,11.384915490394723,1-D post-RESURF asymptote
1.2268781302170284e+16,1000000000000000.0,252.83052450521524,122.28575516779695,11.367391249003656,1-D post-RESURF asymptote
1.2293823038397328e+16,1000000000000000.0,253.24329830546378,122.1447736919272,11.349920873108674,1-D post-RESURF asymptote
1.2318864774624374e+16,1000000000000000.0,253.65607210571235,122.0041708834992,11.332504114735617,1-D post-RESURF asymptote
1.2343906510851418e+16,1000000000000000.0,254.0688459059609,121.86394514669816,11.315140727430098,1-D post-RESURF asymptote
1.2368948247078464e+16,1000000000000000.0,254.48161970620947,121.72409489486594,11.297830466245859,1-D post-RESURF asymptote
1.2393989983305508e+16,1000000000000000.0,254.89439350645802,121.58461855043487,11.280573087733265,1-D post-RESURF asymptote
1.2419031719532554e+16,1000000000000000.0,255.3071673067066,121.44551454486147,11.263368349927875,1-D post-RESURF asymptote
1.2444073455759598e+16,1000000000000000.0,255.71994110695516,121.30678131856146,11.246216012339152,1-D post-RESURF asymptote
1.2469115191986644e+16,1000000000000000.0,256.13271490720376,121.1684173208451,11.229115835939245,1-D post-RESURF asymptote
1.249415692821369e+16,1000000000000000.0,256.5454887074523,121.0304210098527,11.212067583151887,1-D post-RESURF asymptote
1.2519198664440734e+16,1000000000000000.0,256.95826250770085,120.8927908524914,11.195071017841402,1-D post-RESURF asymptote
1.254424040066778e+16,1000000000000000.0,257.37103630794945,120.7555253243718,11.17812590530178,1-D post-RESURF asymptote
1.2569282136894824e+16,1000000000000000.0,257.78381010819794,120.61862290974575,11.16123201224591,1-D post-RESURF asymptote
1.259432387312187e+16,1000000000000000.0,258.19658390844654,120.48208210144419,11.144389106794835,1-D post-RESURF asymptote
1.2619365609348914e+16,1000000000000000.0,258.6093577086951,120.34590140081586,11.127596958467167,1-D post-RESURF asymptote
1.264440734557596e+16,1000000000000000.0,259.0221315089437,120.2100793176663,11.110855338168571,1-D post-RESURF asymptote
1.2669449081803004e+16,1000000000000000.0,259.43490530919223,120.07461437019764,11.094164018181338,1-D post-RESURF asymptote
1.269449081803005e+16,1000000000000000.0,259.8476791094408,119.93950508494868,11.077522772154065,1-D post-RESURF asymptote
1.2719532554257094e+16,1000000000000000.0,260.2604529096893,119.80474999673555,11.060931375091426,1-D post-RESURF asymptote
1.274457429048414e+16,1000000000000000.0,260.6732267099379,119.67034764859294,11.044389603344033,1-D post-RESURF asymptote
1.2769616026711184e+16,1000000000000000.0,261.08600051018647,119.53629659171577,11.027897234598372,1-D post-RESURF asymptote
1.279465776293823e+16,1000000000000000.0,261.49877431043507,119.40259538540138,11.011454047866865,1-D post-RESURF asymptote
1.2819699499165276e+16,1000000000000000.0,261.9115481106836,119.26924259699229,10.99505982347798,1-D post-RESURF asymptote
1.284474123539232e+16,1000000000000000.0,262.32432191093216,119.13623680181925,10.97871434306647,1-D post-RESURF asymptote
1.2869782971619366e+16,1000000000000000.0,262.73709571118076,119.00357658314508,10.962417389563647,1-D post-RESURF asymptote
1.289482470784641e+16,1000000000000000.0,263.14986951142924,118.87126053210864,10.946168747187814,1-D post-RESURF asymptote
1.2919866444073456e+16,1000000000000000.0,263.56264331167785,118.73928724766945,10.929968201434695,1-D post-RESURF asymptote
1.29449081803005e+16,1000000000000000.0,263.97541711192633,118.60765533655302,10.913815539068047,1-D post-RESURF asymptote
1.2969949916527546e+16,1000000000000000.0,264.388190912175,118.47636341319611,10.897710548110245,1-D post-RESURF asymptote
1.299499165275459e+16,1000000000000000.0,264.80096471242354,118.34541009969296,10.881653017833068,1-D post-RESURF asymptote
1.3020033388981636e+16,1000000000000000.0,265.2137385126721,118.21479402574158,10.86564273874847,1-D post-RESURF asymptote
1.304507512520868e+16,1000000000000000.0,265.6265123129206,118.08451382859086,10.849679502599477,1-D post-RESURF asymptote
1.3070116861435726e+16,1000000000000000.0,266.0392861131692,117.95456815298789,10.833763102351165,1-D post-RESURF asymptote
1.309515859766277e+16,1000000000000000.0,266.45205991341777,117.82495565112572,10.817893332181704,1-D post-RESURF asymptote
1.3120200333889816e+16,1000000000000000.0,266.8648337136663,117.69567498259153,10.802069987473493,1-D post-RESURF asymptote
1.314524207011686e+16,1000000000000000.0,267.27760751391486,117.56672481431565,10.786292864804349,1-D post-RESURF asymptote
1.3170283806343906e+16,1000000000000000.0,267.69038131416346,117.43810382052031,10.770561761938811,1-D post-RESURF asymptote
1.3195325542570952e+16,1000000000000000.0,268.103155114412,117.30981068266942,10.754876477819481,1-D post-RESURF asymptote
1.3220367278797996e+16,1000000000000000.0,268.51592891466055,117.1818440894185,10.739236812558474,1-D post-RESURF asymptote
1.3245409015025042e+16,1000000000000000.0,268.92870271490915,117.05420273656496,10.723642567428909,1-D post-RESURF asymptote
1.3270450751252086e+16,1000000000000000.0,269.3414765151577,116.926885326999,10.708093544856515,1-D post-RESURF asymptote
1.3295492487479132e+16,1000000000000000.0,269.7542503154063,116.7998905706549,10.69258954841126,1-D post-RESURF asymptote
1.3320534223706176e+16,1000000000000000.0,270.1670241156548,116.67321718446237,10.677130382799099,1-D post-RESURF asymptote
1.3345575959933222e+16,1000000000000000.0,270.5797979159034,116.5468638922989,10.661715853853767,1-D post-RESURF asymptote
1.3370617696160266e+16,1000000000000000.0,270.99257171615193,116.42082942494187,10.646345768528656,1-D post-RESURF asymptote
1.3395659432387312e+16,1000000000000000.0,271.40534551640053,116.2951125200216,10.631019934888739,1-D post-RESURF asymptote
1.3420701168614356e+16,1000000000000000.0,271.818119316649,116.1697119219745,10.615738162102604,1-D post-RESURF asymptote
1.3445742904841402e+16,1000000000000000.0,272.2308931168976,116.04462638199641,10.600500260434512,1-D post-RESURF asymptote
1.3470784641068446e+16,1000000000000000.0,272.64366691714616,115.91985465799695,10.585306041236567,1-D post-RESURF asymptote
1.3495826377295492e+16,1000000000000000.0,273.0564407173947,115.7953955145537,10.570155316940902,1-D post-RESURF asymptote
1.3520868113522538e+16,1000000000000000.0,273.4692145176433,115.67124772286677,10.55504790105199,1-D post-RESURF asymptote
1.3545909849749582e+16,1000000000000000.0,273.8819883178919,115.54741006071416,10.539983608138979,1-D post-RESURF asymptote
1.3570951585976628e+16,1000000000000000.0,274.29476211814045,115.42388131240706,10.52496225382809,1-D post-RESURF asymptote
1.3595993322203672e+16,1000000000000000.0,274.707535918389,115.30066026874567,10.509983654795128,1-D post-RESURF asymptote
1.3621035058430718e+16,1000000000000000.0,275.12030971863754,115.17774572697553,10.495047628757996,1-D post-RESURF asymptote
1.3646076794657762e+16,1000000000000000.0,275.53308351888614,115.05513649074393,10.480153994469315,1-D post-RESURF asymptote
1.3671118530884808e+16,1000000000000000.0,275.9458573191347,114.93283137005683,10.465302571709085,1-D post-RESURF asymptote
1.3696160267111852e+16,1000000000000000.0,276.3586311193832,114.81082918123619,10.450493181277421,1-D post-RESURF asymptote
1.3721202003338898e+16,1000000000000000.0,276.7714049196318,114.68912874687742,10.435725644987345,1-D post-RESURF asymptote
1.3746243739565942e+16,1000000000000000.0,277.1841787198803,114.56772889580752,10.420999785657633,1-D post-RESURF asymptote
1.3771285475792988e+16,1000000000000000.0,277.5969525201289,114.4466284630432,10.406315427105746,1-D post-RESURF asymptote
1.3796327212020032e+16,1000000000000000.0,278.00972632037747,114.3258262897496,10.391672394140777,1-D post-RESURF asymptote
1.3821368948247078e+16,1000000000000000.0,278.422500120626,114.20532122319918,10.377070512556502,1-D post-RESURF asymptote
1.3846410684474124e+16,1000000000000000.0,278.83527392087467,114.08511211673103,10.362509609124475,1-D post-RESURF asymptote
1.3871452420701168e+16,1000000000000000.0,279.24804772112316,113.96519782971049,10.34798951158717,1-D post-RESURF asymptote
1.3896494156928214e+16,1000000000000000.0,279.66082152137176,113.84557722748912,10.33351004865118,1-D post-RESURF asymptote
1.3921535893155258e+16,1000000000000000.0,280.0735953216203,113.72624918136488,10.319071049980497,1-D post-RESURF asymptote
1.3946577629382304e+16,1000000000000000.0,280.4863691218689,113.60721256854279,10.304672346189829,1-D post-RESURF asymptote
1.3971619365609348e+16,1000000000000000.0,280.8991429221174,113.48846627209579,10.290313768837962,1-D post-RESURF asymptote
1.3996661101836394e+16,1000000000000000.0,281.31191672236594,113.37000918092598,10.275995150421211,1-D post-RESURF asymptote
1.4021702838063438e+16,1000000000000000.0,281.72469052261454,113.25184018972605,10.2617163243669,1-D post-RESURF asymptote
1.4046744574290484e+16,1000000000000000.0,282.13746432286314,113.13395819894127,10.247477125026888,1-D post-RESURF asymptote
1.4071786310517528e+16,1000000000000000.0,282.5502381231116,113.01636211473145,10.233277387671194,1-D post-RESURF asymptote
1.4096828046744574e+16,1000000000000000.0,282.9630119233602,112.89905084893344,10.219116948481608,1-D post-RESURF asymptote
1.4121869782971618e+16,1000000000000000.0,283.3757857236088,112.78202331902389,10.204995644545432,1-D post-RESURF asymptote
1.4146911519198664e+16,1000000000000000.0,283.7885595238574,112.6652784480823,10.190913313849185,1-D post-RESURF asymptote
1.417195325542571e+16,1000000000000000.0,284.2013333241059,112.54881516475419,10.176869795272452,1-D post-RESURF asymptote
1.4196994991652754e+16,1000000000000000.0,284.61410712435446,112.4326324032149,10.16286492858171,1-D post-RESURF asymptote
1.42220367278798e+16,1000000000000000.0,285.02688092460306,112.31672910313331,10.148898554424248,1-D post-RESURF asymptote
1.4247078464106844e+16,1000000000000000.0,285.43965472485155,112.20110420963623,10.13497051432211,1-D post-RESURF asymptote
1.427212020033389e+16,1000000000000000.0,285.85242852510015,112.0857566732726,10.121080650666116,1-D post-RESURF asymptote
1.4297161936560934e+16,1000000000000000.0,286.2652023253487,111.9706854499785,10.107228806709914,1-D post-RESURF asymptote
1.432220367278798e+16,1000000000000000.0,286.6779761255973,111.85588950104201,10.09341482656407,1-D post-RESURF asymptote
1.4347245409015024e+16,1000000000000000.0,287.0907499258458,111.74136779306855,10.079638555190233,1-D post-RESURF asymptote
1.437228714524207e+16,1000000000000000.0,287.5035237260944,111.62711929794638,10.065899838395334,1-D post-RESURF asymptote
1.4397328881469114e+16,1000000000000000.0,287.91629752634293,111.51314299281262,10.052198522825828,1-D post-RESURF asymptote
1.442237061769616e+16,1000000000000000.0,288.32907132659153,111.39943786001915,10.038534455962,1-D post-RESURF asymptote
1.4447412353923204e+16,1000000000000000.0,288.7418451268401,111.28600288709909,10.024907486112275,1-D post-RESURF asymptote
1.447245409015025e+16,1000000000000000.0,289.1546189270886,111.1728370667334,10.01131746240765,1-D post-RESURF asymptote
1.4497495826377296e+16,1000000000000000.0,289.5673927273372,111.0599393967178,9.997764234796087,1-D post-RESURF asymptote
1.452253756260434e+16,1000000000000000.0,289.98016652758577,110.94730887992986,9.984247654037013,1-D post-RESURF asymptote
1.4547579298831386e+16,1000000000000000.0,290.3929403278343,110.83494452429646,9.970767571695829,1-D post-RESURF asymptote
1.457262103505843e+16,1000000000000000.0,290.80571412808285,110.72284534276149,9.957323840138486,1-D post-RESURF asymptote
1.4597662771285476e+16,1000000000000000.0,291.21848792833146,110.61101035325353,9.943916312526092,1-D post-RESURF asymptote
1.462270450751252e+16,1000000000000000.0,291.63126172858,110.49943857865435,9.930544842809562,1-D post-RESURF asymptote
1.4647746243739566e+16,1000000000000000.0,292.04403552882854,110.38812904676699,9.91720928572432,1-D post-RESURF asymptote
1.467278797996661e+16,1000000000000000.0,292.4568093290771,110.27708079028466,9.903909496785039,1-D post-RESURF asymptote
1.4697829716193656e+16,1000000000000000.0,292.8695831293257,110.16629284675942,9.890645332280414,1-D post-RESURF asymptote
1.47228714524207e+16,1000000000000000.0,293.2823569295743,110.05576425857143,9.877416649268005,1-D post-RESURF asymptote
1.4747913188647746e+16,1000000000000000.0,293.6951307298227,109.94549407289827,9.86422330556907,1-D post-RESURF asymptote
1.477295492487479e+16,1000000000000000.0,294.1079045300713,109.83548134168458,9.851065159763507,1-D post-RESURF asymptote
1.4797996661101836e+16,1000000000000000.0,294.52067833031987,109.7257251216118,9.837942071184782,1-D post-RESURF asymptote
1.482303839732888e+16,1000000000000000.0,294.93345213056847,109.61622447406836,9.824853899914913,1-D post-RESURF asymptote
1.4848080133555926e+16,1000000000000000.0,295.34622593081696,109.50697846511981,9.811800506779509,1-D post-RESURF asymptote
1.4873121869782972e+16,1000000000000000.0,295.7589997310656,109.3979861654795,9.798781753342826,1-D post-RESURF asymptote
1.4898163606010016e+16,1000000000000000.0,296.1717735313141,109.28924665047917,9.785797501902886,1-D post-RESURF asymptote
1.4923205342237062e+16,1000000000000000.0,296.5845473315627,109.18075900004013,9.7728476154866,1-D post-RESURF asymptote
1.4948247078464106e+16,1000000000000000.0,296.99732113181125,109.07252229864413,9.75993195784499,1-D post-RESURF asymptote
1.4973288814691152e+16,1000000000000000.0,297.41009493205985,108.96453563530507,9.747050393448363,1-D post-RESURF asymptote
1.4998330550918196e+16,1000000000000000.0,297.82286873230845,108.85679810354041,9.734202787481603,1-D post-RESURF asymptote
1.5023372287145242e+16,1000000000000000.0,298.23564253255694,108.74930880134316,9.72138900583946,1-D post-RESURF asymptote
1.5048414023372286e+16,1000000000000000.0,298.64841633280554,108.6420668311538,9.70860891512188,1-D post-RESURF asymptote
1.5073455759599332e+16,1000000000000000.0,299.0611901330541,108.53507129983258,9.695862382629379,1-D post-RESURF asymptote
1.5098497495826376e+16,1000000000000000.0,299.4739639333027,108.42832131863209,9.68314927635845,1-D post-RESURF asymptote
1.5123539232053422e+16,1000000000000000.0,299.8867377335512,108.32181600316973,9.670469464997003,1-D post-RESURF asymptote
1.5148580968280466e+16,1000000000000000.0,300.2995115337998,108.21555447340076,9.657822817919849,1-D post-RESURF asymptote
1.5173622704507512e+16,1000000000000000.0,300.7122853340483,108.10953585359137,9.645209205184212,1-D post-RESURF asymptote
1.5198664440734558e+16,1000000000000000.0,301.1250591342969,108.00375927229189,9.632628497525275,1-D post-RESURF asymptote
1.5223706176961602e+16,1000000000000000.0,301.53783293454546,107.8982238623103,9.620080566351774,1-D post-RESURF asymptote
1.5248747913188648e+16,1000000000000000.0,301.950606734794,107.79292876068597,9.6075652837416,1-D post-RESURF asymptote
1.5273789649415692e+16,1000000000000000.0,302.36338053504255,107.6878731086635,9.595082522437476,1-D post-RESURF asymptote
1.5298831385642738e+16,1000000000000000.0,302.7761543352911,107.58305605166676,9.582632155842616,1-D post-RESURF asymptote
1.5323873121869782e+16,1000000000000000.0,303.18892813553964,107.47847673927329,9.570214058016472,1-D post-RESURF asymptote
1.5348914858096828e+16,1000000000000000.0,303.60170193578824,107.37413432518854,9.557828103670461,1-D post-RESURF asymptote
1.5373956594323872e+16,1000000000000000.0,304.0144757360368,107.27002796722076,9.545474168163778,1-D post-RESURF asymptote
1.5398998330550918e+16,1000000000000000.0,304.42724953628533,107.16615682725575,9.533152127499195,1-D post-RESURF asymptote
1.5424040066777962e+16,1000000000000000.0,304.8400233365339,107.06252007123172,9.520861858318922,1-D post-RESURF asymptote
1.5449081803005008e+16,1000000000000000.0,305.2527971367825,106.95911686911484,9.508603237900486,1-D post-RESURF asymptote
1.5474123539232052e+16,1000000000000000.0,305.665570937031,106.85594639487435,9.49637614415265,1-D post-RESURF asymptote
1.5499165275459098e+16,1000000000000000.0,306.0783447372796,106.7530078264582,9.484180455611357,1-D post-RESURF asymptote
1.5524207011686144e+16,1000000000000000.0,306.49111853752817,106.65030034576888,9.47201605143571,1-D post-RESURF asymptote
1.5549248747913188e+16,1000000000000000.0,306.9038923377767,106.54782313863934,9.459882811403984,1-D post-RESURF asymptote
1.5574290484140234e+16,1000000000000000.0,307.3166661380253,106.44557539480901,9.447780615909648,1-D post-RESURF asymptote
1.5599332220367278e+16,1000000000000000.0,307.72943993827386,106.34355630790026,9.435709345957466,1-D post-RESURF asymptote
1.5624373956594324e+16,1000000000000000.0,308.1422137385224,106.24176507539455,9.42366888315956,1-D post-RESURF asymptote
1.5649415692821368e+16,1000000000000000.0,308.55498753877094,106.14020089860949,9.411659109731577,1-D post-RESURF asymptote
1.5674457429048414e+16,1000000000000000.0,308.96776133901955,106.0388629826753,9.399679908488812,1-D post-RESURF asymptote
1.5699499165275458e+16,1000000000000000.0,309.3805351392681,105.93775053651194,9.387731162842428,1-D post-RESURF asymptote
1.5724540901502504e+16,1000000000000000.0,309.79330893951663,105.8368627728062,9.375812756795655,1-D post-RESURF asymptote
1.5749582637729548e+16,1000000000000000.0,310.2060827397652,105.73619890798905,9.36392457494004,1-D post-RESURF asymptote
1.5774624373956594e+16,1000000000000000.0,310.61885654001384,105.63575816221305,9.352066502451724,1-D post-RESURF asymptote
1.5799666110183638e+16,1000000000000000.0,311.03163034026227,105.53553975933015,9.340238425087744,1-D post-RESURF asymptote
1.5824707846410684e+16,1000000000000000.0,311.44440414051087,105.43554292686919,9.328440229182371,1-D post-RESURF asymptote
1.584974958263773e+16,1000000000000000.0,311.85717794075947,105.33576689601419,9.316671801643453,1-D post-RESURF asymptote
1.5874791318864774e+16,1000000000000000.0,312.269951741008,105.2362109015823,9.304933029948817,1-D post-RESURF asymptote
1.589983305509182e+16,1000000000000000.0,312.68272554125656,105.13687418200202,9.293223802142672,1-D post-RESURF asymptote
1.5924874791318864e+16,1000000000000000.0,313.0954993415051,105.03775597929183,9.28154400683206,1-D post-RESURF asymptote
1.594991652754591e+16,1000000000000000.0,313.5082731417537,104.93885553903864,9.269893533183318,1-D post-RESURF asymptote
1.5974958263772954e+16,1000000000000000.0,313.92104694200225,104.84017211037656,9.258272270918566,1-D post-RESURF asymptote
1.6e+16,1000000000000000.0,314.3338207422508,104.74170494596575,9.246680110312242,1-D post-RESURF asymptote
