sweep,label,N1_cm-3,VBD_V,full_depletion_valid
BOX,low BOX: $t_b=1$ um,1000000000000000.0,177.20924146283483,1
BOX,low BOX: $t_b=1$ um,1030060120240481.0,177.20924146283483,1
BOX,low BOX: $t_b=1$ um,1060120240480961.9,177.20924146283483,1
BOX,low BOX: $t_b=1$ um,1090180360721442.9,177.20924146283483,1
BOX,low BOX: $t_b=1$ um,1120240480961923.9,177.20924146283483,1
BOX,low BOX: $t_b=1$ um,1150300601202404.8,177.20924146283483,1
BOX,low BOX: $t_b=1$ um,1180360721442885.8,177.20924146283483,1
BOX,low BOX: $t_b=1$ um,1210420841683366.8,177.20924146283483,1
BOX,low BOX: $t_b=1$ um,1240480961923847.8,177.20924146283483,1
BOX,low BOX: $t_b=1$ um,1270541082164328.8,177.20924146283483,1
BOX,low BOX: $t_b=1$ um,1300601202404809.5,177.20924146283483,1
BOX,low BOX: $t_b=1$ um,1330661322645290.5,177.20924146283483,1
BOX,low BOX: $t_b=1$ um,1360721442885771.5,177.20924146283483,1
BOX,low BOX: $t_b=1$ um,1390781563126252.5,177.20924146283483,1
BOX,low BOX: $t_b=1$ um,1420841683366733.5,177.20924146283483,1
BOX,low BOX: $t_b=1$ um,1450901803607214.5,177.20924146283483,1
BOX,low BOX: $t_b=1$ um,1480961923847695.5,177.20924146283483,1
BOX,low BOX: $t_b=1$ um,1511022044088176.2,177.20924146283483,1
BOX,low BOX: $t_b=1$ um,1541082164328657.2,177.20924146283483,1
BOX,low BOX: $t_b=1$ um,1571142284569138.2,177.20924146283483,1
BOX,low BOX: $t_b=1$ um,1601202404809619.2,177.20924146283483,1
BOX,low BOX: $t_b=1$ um,1631262525050100.0,177.20924146283483,1
BOX,low BOX: $t_b=1$ um,1661322645290581.0,177.20924146283483,1
BOX,low BOX: $t_b=1$ um,1691382765531062.0,177.20924146283483,1
BOX,low BOX: $t_b=1$ um,1721442885771543.0,177.20924146283483,1
BOX,low BOX: $t_b=1$ um,1751503006012024.0,177.20924146283483,1
BOX,low BOX: $t_b=1$ um,1781563126252505.0,177.20924146283483,1
BOX,low BOX: $t_b=1$ um,1811623246492986.0,177.20924146283483,1
BOX,low BOX: $t_b=1$ um,1841683366733467.0,177.20924146283483,1
BOX,low BOX: $t_b=1$ um,1871743486973948.0,177.20924146283483,1
BOX,low BOX: $t_b=1$ um,1901803607214429.0,177.20924146283483,1
BOX,low BOX: $t_b=1$ um,1931863727454909.8,177.20924146283483,1
BOX,low BOX: $t_b=1$ um,1961923847695390.8,177.20924146283483,1
BOX,low BOX: $t_b=1$ um,1991983967935871.8,177.20924146283483,1
BOX,low BOX: $t_b=1$ um,2022044088176352.5,177.20924146283483,1
BOX,low BOX: $t_b=1$ um,2052104208416833.5,177.20924146283483,1
BOX,low BOX: $t_b=1$ um,2082164328657314.5,177.20924146283483,1
BOX,low BOX: $t_b=1$ um,2112224448897795.5,177.20924146283483,1
BOX,low BOX: $t_b=1$ um,2142284569138276.5,177.20924146283483,1
BOX,low BOX: $t_b=1$ um,2172344689378757.5,177.20924146283483,1
BOX,low BOX: $t_b=1$ um,2202404809619238.5,177.20924146283483,1
BOX,low BOX: $t_b=1$ um,2232464929859719.5,177.20924146283483,1
BOX,low BOX: $t_b=1$ um,2262525050100200.0,177.20924146283483,1
BOX,low BOX: $t_b=1$ um,2292585170340681.0,177.20924146283483,1
BOX,low BOX: $t_b=1$ um,2322645290581162.0,177.20924146283483,1
BOX,low BOX: $t_b=1$ um,2352705410821643.0,177.20924146283483,1
BOX,low BOX: $t_b=1$ um,2382765531062124.0,177.20924146283483,1
BOX,low BOX: $t_b=1$ um,2412825651302605.0,177.20924146283483,1
BOX,low BOX: $t_b=1$ um,2442885771543086.0,177.20924146283483,1
BOX,low BOX: $t_b=1$ um,2472945891783567.0,177.20924146283483,1
BOX,low BOX: $t_b=1$ um,2503006012024048.0,177.20924146283483,1
BOX,low BOX: $t_b=1$ um,2533066132264529.0,177.20924146283483,1
BOX,low BOX: $t_b=1$ um,2563126252505010.0,177.20924146283483,1
BOX,low BOX: $t_b=1$ um,2593186372745491.0,177.20924146283483,1
BOX,low BOX: $t_b=1$ um,2623246492985972.0,177.20924146283483,1
BOX,low BOX: $t_b=1$ um,2653306613226453.0,177.20924146283483,1
BOX,low BOX: $t_b=1$ um,2683366733466934.0,177.20924146283483,1
BOX,low BOX: $t_b=1$ um,2713426853707415.0,177.20924146283483,1
BOX,low BOX: $t_b=1$ um,2743486973947896.0,177.20924146283483,1
BOX,low BOX: $t_b=1$ um,2773547094188377.0,177.20924146283483,1
BOX,low BOX: $t_b=1$ um,2803607214428858.0,177.20924146283483,1
BOX,low BOX: $t_b=1$ um,2833667334669338.5,177.20924146283483,1
BOX,low BOX: $t_b=1$ um,2863727454909819.5,177.20924146283483,1
BOX,low BOX: $t_b=1$ um,2893787575150300.5,177.20924146283483,1
BOX,low BOX: $t_b=1$ um,2923847695390781.5,177.20924146283483,1
BOX,low BOX: $t_b=1$ um,2953907815631262.5,177.20924146283483,1
BOX,low BOX: $t_b=1$ um,2983967935871743.5,177.20924146283483,1
BOX,low BOX: $t_b=1$ um,3014028056112224.5,177.20924146283483,1
BOX,low BOX: $t_b=1$ um,3044088176352705.0,177.20924146283483,1
BOX,low BOX: $t_b=1$ um,3074148296593186.0,177.20924146283483,1
BOX,low BOX: $t_b=1$ um,3104208416833667.0,177.20924146283483,1
BOX,low BOX: $t_b=1$ um,3134268537074148.0,177.20924146283483,1
BOX,low BOX: $t_b=1$ um,3164328657314629.0,177.20924146283483,1
BOX,low BOX: $t_b=1$ um,3194388777555110.0,177.20924146283483,1
BOX,low BOX: $t_b=1$ um,3224448897795591.0,177.20924146283483,1
BOX,low BOX: $t_b=1$ um,3254509018036072.0,177.20924146283483,1
BOX,low BOX: $t_b=1$ um,3284569138276553.0,177.20924146283483,1
BOX,low BOX: $t_b=1$ um,3314629258517034.0,177.20924146283483,1
BOX,low BOX: $t_b=1$ um,3344689378757515.0,177.20924146283483,1
BOX,low BOX: $t_b=1$ um,3374749498997996.0,177.20924146283483,1
BOX,low BOX: $t_b=1$ um,3404809619238477.0,177.20924146283483,1
BOX,low BOX: $t_b=1$ um,3434869739478958.0,177.20924146283483,1
BOX,low BOX: $t_b=1$ um,3464929859719439.0,177.20924146283483,1
BOX,low BOX: $t_b=1$ um,3494989979959920.0,177.20924146283483,1
BOX,low BOX: $t_b=1$ um,3525050100200400.5,177.20924146283483,1
BOX,low BOX: $t_b=1$ um,3555110220440881.5,177.20924146283483,1
BOX,low BOX: $t_b=1$ um,3585170340681362.5,177.20924146283483,1
BOX,low BOX: $t_b=1$ um,3615230460921843.5,177.20924146283483,1
BOX,low BOX: $t_b=1$ um,3645290581162324.5,177.20924146283483,1
BOX,low BOX: $t_b=1$ um,3675350701402805.5,177.20924146283483,1
BOX,low BOX: $t_b=1$ um,3705410821643286.5,177.20924146283483,1
BOX,low BOX: $t_b=1$ um,3735470941883767.5,177.20924146283483,1
BOX,low BOX: $t_b=1$ um,3765531062124248.5,177.20924146283483,1
BOX,low BOX: $t_b=1$ um,3795591182364729.5,177.20924146283483,1
BOX,low BOX: $t_b=1$ um,3825651302605210.5,177.20924146283483,1
BOX,low BOX: $t_b=1$ um,3855711422845691.5,177.20924146283483,1
BOX,low BOX: $t_b=1$ um,3885771543086172.0,177.20924146283483,1
BOX,low BOX: $t_b=1$ um,3915831663326653.0,177.20924146283483,1
BOX,low BOX: $t_b=1$ um,3945891783567134.0,177.20924146283483,1
BOX,low BOX: $t_b=1$ um,3975951903807615.0,177.20924146283483,1
BOX,low BOX: $t_b=1$ um,4006012024048096.0,177.20924146283483,1
BOX,low BOX: $t_b=1$ um,4036072144288577.0,177.20924146283483,1
BOX,low BOX: $t_b=1$ um,4066132264529058.0,177.20924146283483,1
BOX,low BOX: $t_b=1$ um,4096192384769539.0,177.20924146283483,1
BOX,low BOX: $t_b=1$ um,4126252505010020.0,177.20924146283483,1
BOX,low BOX: $t_b=1$ um,4156312625250501.0,177.20924146283483,1
BOX,low BOX: $t_b=1$ um,4186372745490982.0,177.20924146283483,1
BOX,low BOX: $t_b=1$ um,4216432865731463.0,177.20924146283483,1
BOX,low BOX: $t_b=1$ um,4246492985971944.0,177.20924146283483,1
BOX,low BOX: $t_b=1$ um,4276553106212424.5,177.20924146283483,1
BOX,low BOX: $t_b=1$ um,4306613226452905.5,177.20924146283483,1
BOX,low BOX: $t_b=1$ um,4336673346693386.5,177.20924146283483,1
BOX,low BOX: $t_b=1$ um,4366733466933867.5,177.20924146283483,1
BOX,low BOX: $t_b=1$ um,4396793587174348.5,177.20924146283483,1
BOX,low BOX: $t_b=1$ um,4426853707414829.5,177.20924146283483,1
BOX,low BOX: $t_b=1$ um,4456913827655310.5,177.20924146283483,1
BOX,low BOX: $t_b=1$ um,4486973947895791.5,177.20924146283483,1
BOX,low BOX: $t_b=1$ um,4517034068136272.0,177.20924146283483,1
BOX,low BOX: $t_b=1$ um,4547094188376754.0,177.20924146283483,1
BOX,low BOX: $t_b=1$ um,4577154308617234.0,177.20924146283483,1
BOX,low BOX: $t_b=1$ um,4607214428857716.0,177.20924146283483,1
BOX,low BOX: $t_b=1$ um,4637274549098196.0,177.20924146283483,1
BOX,low BOX: $t_b=1$ um,4667334669338677.0,177.20924146283483,1
BOX,low BOX: $t_b=1$ um,4697394789579158.0,177.20924146283483,1
BOX,low BOX: $t_b=1$ um,4727454909819639.0,177.20924146283483,1
BOX,low BOX: $t_b=1$ um,4757515030060120.0,177.20924146283483,1
BOX,low BOX: $t_b=1$ um,4787575150300601.0,177.20924146283483,1
BOX,low BOX: $t_b=1$ um,4817635270541082.0,177.20924146283483,1
BOX,low BOX: $t_b=1$ um,4847695390781563.0,177.20924146283483,1
BOX,low BOX: $t_b=1$ um,4877755511022044.0,177.20924146283483,1
BOX,low BOX: $t_b=1$ um,4907815631262525.0,177.20924146283483,1
BOX,low BOX: $t_b=1$ um,4937875751503006.0,177.20924146283483,1
BOX,low BOX: $t_b=1$ um,4967935871743487.0,177.20924146283483,1
BOX,low BOX: $t_b=1$ um,4997995991983968.0,177.20924146283483,1
BOX,low BOX: $t_b=1$ um,5028056112224449.0,177.20924146283483,1
BOX,low BOX: $t_b=1$ um,5058116232464930.0,177.20924146283483,1
BOX,low BOX: $t_b=1$ um,5088176352705410.0,177.20924146283483,1
BOX,low BOX: $t_b=1$ um,5118236472945892.0,177.20924146283483,1
BOX,low BOX: $t_b=1$ um,5148296593186372.0,177.20924146283483,1
BOX,low BOX: $t_b=1$ um,5178356713426854.0,177.20924146283483,1
BOX,low BOX: $t_b=1$ um,5208416833667334.0,177.20924146283483,1
BOX,low BOX: $t_b=1$ um,5238476953907816.0,177.20924146283483,1
BOX,low BOX: $t_b=1$ um,5268537074148296.0,177.20924146283483,1
BOX,low BOX: $t_b=1$ um,5298597194388778.0,177.20924146283483,1
BOX,low BOX: $t_b=1$ um,5328657314629258.0,177.20924146283483,1
BOX,low BOX: $t_b=1$ um,5358717434869740.0,177.20924146283483,1
BOX,low BOX: $t_b=1$ um,5388777555110220.0,177.20924146283483,1
BOX,low BOX: $t_b=1$ um,5418837675350702.0,177.20924146283483,1
BOX,low BOX: $t_b=1$ um,5448897795591182.0,177.20924146283483,1
BOX,low BOX: $t_b=1$ um,5478957915831663.0,177.20924146283483,1
BOX,low BOX: $t_b=1$ um,5509018036072144.0,177.20924146283483,1
BOX,low BOX: $t_b=1$ um,5539078156312625.0,177.20924146283483,1
BOX,low BOX: $t_b=1$ um,5569138276553106.0,177.20924146283483,1
BOX,low BOX: $t_b=1$ um,5599198396793587.0,177.20924146283483,1
BOX,low BOX: $t_b=1$ um,5629258517034068.0,177.20924146283483,1
BOX,low BOX: $t_b=1$ um,5659318637274549.0,177.20924146283483,1
BOX,low BOX: $t_b=1$ um,5689378757515030.0,177.20924146283483,1
BOX,low BOX: $t_b=1$ um,5719438877755511.0,177.20924146283483,1
BOX,low BOX: $t_b=1$ um,5749498997995992.0,177.20924146283483,1
BOX,low BOX: $t_b=1$ um,5779559118236473.0,177.20924146283483,1
BOX,low BOX: $t_b=1$ um,5809619238476954.0,177.20924146283483,1
BOX,low BOX: $t_b=1$ um,5839679358717435.0,177.20924146283483,1
BOX,low BOX: $t_b=1$ um,5869739478957916.0,177.20924146283483,1
BOX,low BOX: $t_b=1$ um,5899799599198397.0,177.20924146283483,1
BOX,low BOX: $t_b=1$ um,5929859719438878.0,177.20924146283483,1
BOX,low BOX: $t_b=1$ um,5959919839679359.0,177.20924146283483,1
BOX,low BOX: $t_b=1$ um,5989979959919840.0,177.20924146283483,1
BOX,low BOX: $t_b=1$ um,6020040080160320.0,177.20924146283483,1
BOX,low BOX: $t_b=1$ um,6050100200400801.0,177.20924146283483,1
BOX,low BOX: $t_b=1$ um,6080160320641282.0,177.20924146283483,1
BOX,low BOX: $t_b=1$ um,6110220440881763.0,177.20924146283483,1
BOX,low BOX: $t_b=1$ um,6140280561122244.0,177.20924146283483,1
BOX,low BOX: $t_b=1$ um,6170340681362725.0,177.20924146283483,1
BOX,low BOX: $t_b=1$ um,6200400801603206.0,177.20924146283483,1
BOX,low BOX: $t_b=1$ um,6230460921843687.0,177.20924146283483,1
BOX,low BOX: $t_b=1$ um,6260521042084168.0,177.20924146283483,1
BOX,low BOX: $t_b=1$ um,6290581162324649.0,177.20924146283483,1
BOX,low BOX: $t_b=1$ um,6320641282565130.0,177.20924146283483,1
BOX,low BOX: $t_b=1$ um,6350701402805611.0,177.20924146283483,1
BOX,low BOX: $t_b=1$ um,6380761523046092.0,177.20924146283483,1
BOX,low BOX: $t_b=1$ um,6410821643286573.0,177.20924146283483,1
BOX,low BOX: $t_b=1$ um,6440881763527054.0,177.20924146283483,1
BOX,low BOX: $t_b=1$ um,6470941883767535.0,177.20924146283483,1
BOX,low BOX: $t_b=1$ um,6501002004008016.0,177.20924146283483,1
BOX,low BOX: $t_b=1$ um,6531062124248497.0,177.20924146283483,1
BOX,low BOX: $t_b=1$ um,6561122244488978.0,177.20924146283483,1
BOX,low BOX: $t_b=1$ um,6591182364729459.0,177.20924146283483,1
BOX,low BOX: $t_b=1$ um,6621242484969940.0,177.20924146283483,1
BOX,low BOX: $t_b=1$ um,6651302605210421.0,177.20924146283483,1
BOX,low BOX: $t_b=1$ um,6681362725450902.0,177.20924146283483,1
BOX,low BOX: $t_b=1$ um,6711422845691383.0,177.20924146283483,1
BOX,low BOX: $t_b=1$ um,6741482965931864.0,177.20924146283483,1
BOX,low BOX: $t_b=1$ um,6771543086172344.0,177.20924146283483,1
BOX,low BOX: $t_b=1$ um,6801603206412825.0,177.20924146283483,1
BOX,low BOX: $t_b=1$ um,6831663326653306.0,177.20924146283483,1
BOX,low BOX: $t_b=1$ um,6861723446893787.0,177.20924146283483,1
BOX,low BOX: $t_b=1$ um,6891783567134268.0,177.20924146283483,1
BOX,low BOX: $t_b=1$ um,6921843687374749.0,177.20924146283483,1
BOX,low BOX: $t_b=1$ um,6951903807615230.0,177.20924146283483,1
BOX,low BOX: $t_b=1$ um,6981963927855711.0,177.20924146283483,1
BOX,low BOX: $t_b=1$ um,7012024048096192.0,177.20924146283483,1
BOX,low BOX: $t_b=1$ um,7042084168336673.0,177.20924146283483,1
BOX,low BOX: $t_b=1$ um,7072144288577154.0,177.20924146283483,1
BOX,low BOX: $t_b=1$ um,7102204408817635.0,177.20924146283483,1
BOX,low BOX: $t_b=1$ um,7132264529058116.0,177.20924146283483,1
BOX,low BOX: $t_b=1$ um,7162324649298597.0,177.20924146283483,1
BOX,low BOX: $t_b=1$ um,7192384769539078.0,177.20924146283483,1
BOX,low BOX: $t_b=1$ um,7222444889779559.0,177.20924146283483,1
BOX,low BOX: $t_b=1$ um,7252505010020040.0,177.20924146283483,1
BOX,low BOX: $t_b=1$ um,7282565130260521.0,177.20924146283483,1
BOX,low BOX: $t_b=1$ um,7312625250501002.0,177.20924146283483,1
BOX,low BOX: $t_b=1$ um,7342685370741483.0,177.20924146283483,1
BOX,low BOX: $t_b=1$ um,7372745490981964.0,177.20924146283483,1
BOX,low BOX: $t_b=1$ um,7402805611222445.0,177.20924146283483,1
BOX,low BOX: $t_b=1$ um,7432865731462926.0,177.20924146283483,1
BOX,low BOX: $t_b=1$ um,7462925851703407.0,177.20924146283483,1
BOX,low BOX: $t_b=1$ um,7492985971943888.0,177.20924146283483,1
BOX,low BOX: $t_b=1$ um,7523046092184369.0,177.20924146283483,1
BOX,low BOX: $t_b=1$ um,7553106212424849.0,177.20924146283483,1
BOX,low BOX: $t_b=1$ um,7583166332665330.0,177.20924146283483,1
BOX,low BOX: $t_b=1$ um,7613226452905811.0,177.20924146283483,1
BOX,low BOX: $t_b=1$ um,7643286573146292.0,177.20924146283483,1
BOX,low BOX: $t_b=1$ um,7673346693386773.0,177.20924146283483,1
BOX,low BOX: $t_b=1$ um,7703406813627254.0,177.20924146283483,1
BOX,low BOX: $t_b=1$ um,7733466933867735.0,177.20924146283483,1
BOX,low BOX: $t_b=1$ um,7763527054108216.0,177.20924146283483,1
BOX,low BOX: $t_b=1$ um,7793587174348697.0,177.20924146283483,1
BOX,low BOX: $t_b=1$ um,7823647294589178.0,177.20924146283483,1
BOX,low BOX: $t_b=1$ um,7853707414829659.0,177.20924146283483,1
BOX,low BOX: $t_b=1$ um,7883767535070140.0,177.20924146283483,1
BOX,low BOX: $t_b=1$ um,7913827655310621.0,177.20924146283483,1
BOX,low BOX: $t_b=1$ um,7943887775551102.0,177.20924146283483,1
BOX,low BOX: $t_b=1$ um,7973947895791583.0,177.20924146283483,1
BOX,low BOX: $t_b=1$ um,8004008016032064.0,177.20924146283483,1
BOX,low BOX: $t_b=1$ um,8034068136272545.0,177.20924146283483,1
BOX,low BOX: $t_b=1$ um,8064128256513026.0,177.20924146283483,1
BOX,low BOX: $t_b=1$ um,8094188376753507.0,177.20924146283483,1
BOX,low BOX: $t_b=1$ um,8124248496993988.0,177.20924146283483,1
BOX,low BOX: $t_b=1$ um,8154308617234469.0,177.20924146283483,1
BOX,low BOX: $t_b=1$ um,8184368737474950.0,177.20924146283483,1
BOX,low BOX: $t_b=1$ um,8214428857715431.0,177.20924146283483,1
BOX,low BOX: $t_b=1$ um,8244488977955912.0,177.20924146283483,1
BOX,low BOX: $t_b=1$ um,8274549098196393.0,177.20924146283483,1
BOX,low BOX: $t_b=1$ um,8304609218436874.0,177.20924146283483,1
BOX,low BOX: $t_b=1$ um,8334669338677354.0,177.20924146283483,1
BOX,low BOX: $t_b=1$ um,8364729458917835.0,177.20924146283483,1
BOX,low BOX: $t_b=1$ um,8394789579158316.0,177.20924146283483,1
BOX,low BOX: $t_b=1$ um,8424849699398797.0,177.20924146283483,1
BOX,low BOX: $t_b=1$ um,8454909819639278.0,177.20924146283483,1
BOX,low BOX: $t_b=1$ um,8484969939879759.0,177.20924146283483,1
BOX,low BOX: $t_b=1$ um,8515030060120240.0,177.20924146283483,1
BOX,low BOX: $t_b=1$ um,8545090180360721.0,177.20924146283483,1
BOX,low BOX: $t_b=1$ um,8575150300601202.0,177.20924146283483,1
BOX,low BOX: $t_b=1$ um,8605210420841683.0,177.20924146283483,1
BOX,low BOX: $t_b=1$ um,8635270541082164.0,177.20924146283483,1
BOX,low BOX: $t_b=1$ um,8665330661322645.0,177.20924146283483,1
BOX,low BOX: $t_b=1$ um,8695390781563126.0,177.20924146283483,1
BOX,low BOX: $t_b=1$ um,8725450901803607.0,177.20924146283483,1
BOX,low BOX: $t_b=1$ um,8755511022044088.0,177.20924146283483,1
BOX,low BOX: $t_b=1$ um,8785571142284569.0,177.20924146283483,1
BOX,low BOX: $t_b=1$ um,8815631262525050.0,177.20924146283483,1
BOX,low BOX: $t_b=1$ um,8845691382765531.0,177.20924146283483,1
BOX,low BOX: $t_b=1$ um,8875751503006012.0,177.20924146283483,1
BOX,low BOX: $t_b=1$ um,8905811623246493.0,177.20924146283483,1
BOX,low BOX: $t_b=1$ um,8935871743486974.0,177.20924146283483,1
BOX,low BOX: $t_b=1$ um,8965931863727455.0,177.20924146283483,1
BOX,low BOX: $t_b=1$ um,8995991983967936.0,177.20924146283483,1
BOX,low BOX: $t_b=1$ um,9026052104208416.0,177.20924146283483,1
BOX,low BOX: $t_b=1$ um,9056112224448898.0,177.20924146283483,1
BOX,low BOX: $t_b=1$ um,9086172344689378.0,177.20924146283483,1
BOX,low BOX: $t_b=1$ um,9116232464929860.0,177.20924146283483,1
BOX,low BOX: $t_b=1$ um,9146292585170340.0,177.20924146283483,1
BOX,low BOX: $t_b=1$ um,9176352705410820.0,177.20924146283483,1
BOX,low BOX: $t_b=1$ um,9206412825651302.0,177.20924146283483,1
BOX,low BOX: $t_b=1$ um,9236472945891784.0,177.20924146283483,1
BOX,low BOX: $t_b=1$ um,9266533066132264.0,177.20924146283483,1
BOX,low BOX: $t_b=1$ um,9296593186372744.0,177.20924146283483,1
BOX,low BOX: $t_b=1$ um,9326653306613226.0,177.20924146283483,1
BOX,low BOX: $t_b=1$ um,9356713426853708.0,177.20924146283483,1
BOX,low BOX: $t_b=1$ um,9386773547094188.0,177.20924146283483,1
BOX,low BOX: $t_b=1$ um,9416833667334668.0,177.20924146283483,1
BOX,low BOX: $t_b=1$ um,9446893787575150.0,177.20924146283483,1
BOX,low BOX: $t_b=1$ um,9476953907815632.0,177.20924146283483,1
BOX,low BOX: $t_b=1$ um,9507014028056112.0,177.20924146283483,1
BOX,low BOX: $t_b=1$ um,9537074148296592.0,177.20924146283483,1
BOX,low BOX: $t_b=1$ um,9567134268537074.0,177.20924146283483,1
BOX,low BOX: $t_b=1$ um,9597194388777556.0,177.20924146283483,1
BOX,low BOX: $t_b=1$ um,9627254509018036.0,177.20924146283483,1
BOX,low BOX: $t_b=1$ um,9657314629258516.0,177.20924146283483,1
BOX,low BOX: $t_b=1$ um,9687374749498998.0,177.20924146283483,1
BOX,low BOX: $t_b=1$ um,9717434869739480.0,177.20924146283483,1
BOX,low BOX: $t_b=1$ um,9747494989979960.0,177.20924146283483,1
BOX,low BOX: $t_b=1$ um,9777555110220440.0,177.20924146283483,1
BOX,low BOX: $t_b=1$ um,9807615230460922.0,177.20924146283483,1
BOX,low BOX: $t_b=1$ um,9837675350701404.0,177.20924146283483,1
BOX,low BOX: $t_b=1$ um,9867735470941884.0,177.20924146283483,1
BOX,low BOX: $t_b=1$ um,9897795591182364.0,177.20924146283483,1
BOX,low BOX: $t_b=1$ um,9927855711422844.0,177.20924146283483,1
BOX,low BOX: $t_b=1$ um,9957915831663326.0,177.20924146283483,1
BOX,low BOX: $t_b=1$ um,9987975951903808.0,177.20924146283483,1
BOX,low BOX: $t_b=1$ um,1.0018036072144288e+16,177.20924146283483,1
BOX,low BOX: $t_b=1$ um,1.004809619238477e+16,177.20924146283483,1
BOX,low BOX: $t_b=1$ um,1.007815631262525e+16,177.20924146283483,1
BOX,low BOX: $t_b=1$ um,1.0108216432865732e+16,177.20924146283483,1
BOX,low BOX: $t_b=1$ um,1.0138276553106212e+16,177.20924146283483,1
BOX,low BOX: $t_b=1$ um,1.0168336673346694e+16,177.20924146283483,1
BOX,low BOX: $t_b=1$ um,1.0198396793587174e+16,177.20924146283483,1
BOX,low BOX: $t_b=1$ um,1.0228456913827656e+16,177.20924146283483,1
BOX,low BOX: $t_b=1$ um,1.0258517034068136e+16,177.20924146283483,1
BOX,low BOX: $t_b=1$ um,1.0288577154308616e+16,177.20924146283483,1
BOX,low BOX: $t_b=1$ um,1.0318637274549098e+16,177.20924146283483,1
BOX,low BOX: $t_b=1$ um,1.0348697394789578e+16,177.20924146283483,1
BOX,low BOX: $t_b=1$ um,1.037875751503006e+16,177.20924146283483,1
BOX,low BOX: $t_b=1$ um,1.040881763527054e+16,177.20924146283483,1
BOX,low BOX: $t_b=1$ um,1.0438877755511022e+16,177.20924146283483,1
BOX,low BOX: $t_b=1$ um,1.0468937875751502e+16,177.20924146283483,1
BOX,low BOX: $t_b=1$ um,1.0498997995991984e+16,177.20924146283483,1
BOX,low BOX: $t_b=1$ um,1.0529058116232464e+16,177.20924146283483,1
BOX,low BOX: $t_b=1$ um,1.0559118236472946e+16,177.20924146283483,1
BOX,low BOX: $t_b=1$ um,1.0589178356713426e+16,177.20924146283483,1
BOX,low BOX: $t_b=1$ um,1.0619238476953908e+16,177.20924146283483,1
BOX,low BOX: $t_b=1$ um,1.0649298597194388e+16,177.20924146283483,1
BOX,low BOX: $t_b=1$ um,1.067935871743487e+16,177.20924146283483,1
BOX,low BOX: $t_b=1$ um,1.070941883767535e+16,177.20924146283483,1
BOX,low BOX: $t_b=1$ um,1.0739478957915832e+16,177.20924146283483,1
BOX,low BOX: $t_b=1$ um,1.0769539078156312e+16,177.20924146283483,1
BOX,low BOX: $t_b=1$ um,1.0799599198396794e+16,177.20924146283483,1
BOX,low BOX: $t_b=1$ um,1.0829659318637274e+16,177.20924146283483,1
BOX,low BOX: $t_b=1$ um,1.0859719438877756e+16,177.20924146283483,1
BOX,low BOX: $t_b=1$ um,1.0889779559118236e+16,177.20924146283483,1
BOX,low BOX: $t_b=1$ um,1.0919839679358718e+16,177.20924146283483,1
BOX,low BOX: $t_b=1$ um,1.0949899799599198e+16,177.20924146283483,1
BOX,low BOX: $t_b=1$ um,1.097995991983968e+16,177.20924146283483,1
BOX,low BOX: $t_b=1$ um,1.101002004008016e+16,177.20924146283483,1
BOX,low BOX: $t_b=1$ um,1.104008016032064e+16,177.20924146283483,1
BOX,low BOX: $t_b=1$ um,1.1070140280561122e+16,177.20924146283483,1
BOX,low BOX: $t_b=1$ um,1.1100200400801602e+16,177.20924146283483,1
BOX,low BOX: $t_b=1$ um,1.1130260521042084e+16,177.20924146283483,1
BOX,low BOX: $t_b=1$ um,1.1160320641282564e+16,177.20924146283483,1
BOX,low BOX: $t_b=1$ um,1.1190380761523046e+16,177.20924146283483,1
BOX,low BOX: $t_b=1$ um,1.1220440881763526e+16,177.20924146283483,1
BOX,low BOX: $t_b=1$ um,1.1250501002004008e+16,177.20924146283483,1
BOX,low BOX: $t_b=1$ um,1.1280561122244488e+16,177.20924146283483,1
BOX,low BOX: $t_b=1$ um,1.131062124248497e+16,177.20924146283483,1
BOX,low BOX: $t_b=1$ um,1.134068136272545e+16,177.20924146283483,1
BOX,low BOX: $t_b=1$ um,1.1370741482965932e+16,177.20924146283483,1
BOX,low BOX: $t_b=1$ um,1.1400801603206412e+16,177.20924146283483,1
BOX,low BOX: $t_b=1$ um,1.1430861723446894e+16,177.20924146283483,1
BOX,low BOX: $t_b=1$ um,1.1460921843687374e+16,177.20924146283483,1
BOX,low BOX: $t_b=1$ um,1.1490981963927856e+16,177.20924146283483,1
BOX,low BOX: $t_b=1$ um,1.1521042084168336e+16,177.20924146283483,1
BOX,low BOX: $t_b=1$ um,1.1551102204408818e+16,177.20924146283483,1
BOX,low BOX: $t_b=1$ um,1.1581162324649298e+16,177.20924146283483,1
BOX,low BOX: $t_b=1$ um,1.161122244488978e+16,177.20924146283483,1
BOX,low BOX: $t_b=1$ um,1.164128256513026e+16,177.20924146283483,1
BOX,low BOX: $t_b=1$ um,1.1671342685370742e+16,177.20924146283483,1
BOX,low BOX: $t_b=1$ um,1.1701402805611222e+16,177.20924146283483,1
BOX,low BOX: $t_b=1$ um,1.1731462925851704e+16,177.20924146283483,1
BOX,low BOX: $t_b=1$ um,1.1761523046092184e+16,177.20924146283483,1
BOX,low BOX: $t_b=1$ um,1.1791583166332664e+16,177.20924146283483,1
BOX,low BOX: $t_b=1$ um,1.1821643286573146e+16,177.20924146283483,1
BOX,low BOX: $t_b=1$ um,1.1851703406813626e+16,177.20924146283483,1
BOX,low BOX: $t_b=1$ um,1.1881763527054108e+16,177.20924146283483,1
BOX,low BOX: $t_b=1$ um,1.1911823647294588e+16,177.20924146283483,1
BOX,low BOX: $t_b=1$ um,1.194188376753507e+16,177.20924146283483,1
BOX,low BOX: $t_b=1$ um,1.197194388777555e+16,177.20924146283483,1
BOX,low BOX: $t_b=1$ um,1.2002004008016032e+16,177.20924146283483,1
BOX,low BOX: $t_b=1$ um,1.2032064128256512e+16,177.20924146283483,1
BOX,low BOX: $t_b=1$ um,1.2062124248496994e+16,177.20924146283483,1
BOX,low BOX: $t_b=1$ um,1.2092184368737474e+16,177.20924146283483,1
BOX,low BOX: $t_b=1$ um,1.2122244488977956e+16,177.20924146283483,1
BOX,low BOX: $t_b=1$ um,1.2152304609218436e+16,177.20924146283483,1
BOX,low BOX: $t_b=1$ um,1.2182364729458918e+16,177.20924146283483,1
BOX,low BOX: $t_b=1$ um,1.2212424849699398e+16,177.20924146283483,1
BOX,low BOX: $t_b=1$ um,1.224248496993988e+16,177.20924146283483,1
BOX,low BOX: $t_b=1$ um,1.227254509018036e+16,177.20924146283483,1
BOX,low BOX: $t_b=1$ um,1.2302605210420842e+16,177.20924146283483,1
BOX,low BOX: $t_b=1$ um,1.2332665330661322e+16,177.20924146283483,1
BOX,low BOX: $t_b=1$ um,1.2362725450901804e+16,177.20924146283483,1
BOX,low BOX: $t_b=1$ um,1.2392785571142284e+16,177.20924146283483,1
BOX,low BOX: $t_b=1$ um,1.2422845691382766e+16,177.20924146283483,1
BOX,low BOX: $t_b=1$ um,1.2452905811623246e+16,177.20924146283483,1
BOX,low BOX: $t_b=1$ um,1.2482965931863728e+16,177.20924146283483,1
BOX,low BOX: $t_b=1$ um,1.2513026052104208e+16,177.20924146283483,1
BOX,low BOX: $t_b=1$ um,1.2543086172344688e+16,177.20924146283483,1
BOX,low BOX: $t_b=1$ um,1.257314629258517e+16,177.20924146283483,1
BOX,low BOX: $t_b=1$ um,1.260320641282565e+16,177.20924146283483,1
BOX,low BOX: $t_b=1$ um,1.2633266533066132e+16,177.20924146283483,1
BOX,low BOX: $t_b=1$ um,1.2663326653306612e+16,177.20924146283483,1
BOX,low BOX: $t_b=1$ um,1.2693386773547094e+16,177.20924146283483,1
BOX,low BOX: $t_b=1$ um,1.2723446893787574e+16,177.20924146283483,1
BOX,low BOX: $t_b=1$ um,1.2753507014028056e+16,177.20924146283483,1
BOX,low BOX: $t_b=1$ um,1.2783567134268536e+16,177.20924146283483,1
BOX,low BOX: $t_b=1$ um,1.2813627254509018e+16,177.20924146283483,1
BOX,low BOX: $t_b=1$ um,1.2843687374749498e+16,177.20924146283483,1
BOX,low BOX: $t_b=1$ um,1.287374749498998e+16,177.20924146283483,1
BOX,low BOX: $t_b=1$ um,1.290380761523046e+16,177.20924146283483,1
BOX,low BOX: $t_b=1$ um,1.2933867735470942e+16,177.20924146283483,1
BOX,low BOX: $t_b=1$ um,1.2963927855711422e+16,177.20924146283483,1
BOX,low BOX: $t_b=1$ um,1.2993987975951904e+16,177.20924146283483,1
BOX,low BOX: $t_b=1$ um,1.3024048096192384e+16,177.20924146283483,1
BOX,low BOX: $t_b=1$ um,1.3054108216432866e+16,177.20924146283483,1
BOX,low BOX: $t_b=1$ um,1.3084168336673346e+16,177.20924146283483,1
BOX,low BOX: $t_b=1$ um,1.3114228456913828e+16,177.20924146283483,1
BOX,low BOX: $t_b=1$ um,1.3144288577154308e+16,177.20924146283483,1
BOX,low BOX: $t_b=1$ um,1.317434869739479e+16,177.20924146283483,1
BOX,low BOX: $t_b=1$ um,1.320440881763527e+16,177.20924146283483,1
BOX,low BOX: $t_b=1$ um,1.3234468937875752e+16,177.20924146283483,1
BOX,low BOX: $t_b=1$ um,1.3264529058116232e+16,177.20924146283483,1
BOX,low BOX: $t_b=1$ um,1.3294589178356714e+16,177.20924146283483,1
BOX,low BOX: $t_b=1$ um,1.3324649298597194e+16,177.20924146283483,1
BOX,low BOX: $t_b=1$ um,1.3354709418837674e+16,177.20924146283483,1
BOX,low BOX: $t_b=1$ um,1.3384769539078156e+16,177.20924146283483,1
BOX,low BOX: $t_b=1$ um,1.3414829659318636e+16,177.20924146283483,1
BOX,low BOX: $t_b=1$ um,1.3444889779559118e+16,177.20924146283483,1
BOX,low BOX: $t_b=1$ um,1.3474949899799598e+16,177.20924146283483,1
BOX,low BOX: $t_b=1$ um,1.350501002004008e+16,177.20924146283483,1
BOX,low BOX: $t_b=1$ um,1.353507014028056e+16,177.20924146283483,1
BOX,low BOX: $t_b=1$ um,1.3565130260521042e+16,177.20924146283483,1
BOX,low BOX: $t_b=1$ um,1.3595190380761522e+16,177.20924146283483,1
BOX,low BOX: $t_b=1$ um,1.3625250501002004e+16,177.20924146283483,1
BOX,low BOX: $t_b=1$ um,1.3655310621242484e+16,177.20924146283483,1
BOX,low BOX: $t_b=1$ um,1.3685370741482966e+16,177.20924146283483,1
BOX,low BOX: $t_b=1$ um,1.3715430861723446e+16,177.20924146283483,1
BOX,low BOX: $t_b=1$ um,1.3745490981963928e+16,177.20924146283483,1
BOX,low BOX: $t_b=1$ um,1.3775551102204408e+16,177.20924146283483,1
BOX,low BOX: $t_b=1$ um,1.380561122244489e+16,177.20924146283483,1
BOX,low BOX: $t_b=1$ um,1.383567134268537e+16,177.20924146283483,1
BOX,low BOX: $t_b=1$ um,1.3865731462925852e+16,177.20924146283483,1
BOX,low BOX: $t_b=1$ um,1.3895791583166332e+16,177.20924146283483,1
BOX,low BOX: $t_b=1$ um,1.3925851703406814e+16,177.20924146283483,1
BOX,low BOX: $t_b=1$ um,1.3955911823647294e+16,177.20924146283483,1
BOX,low BOX: $t_b=1$ um,1.3985971943887776e+16,177.20924146283483,1
BOX,low BOX: $t_b=1$ um,1.4016032064128256e+16,177.20924146283483,1
BOX,low BOX: $t_b=1$ um,1.4046092184368738e+16,177.20924146283483,1
BOX,low BOX: $t_b=1$ um,1.4076152304609218e+16,177.20924146283483,1
BOX,low BOX: $t_b=1$ um,1.4106212424849698e+16,177.20924146283483,1
BOX,low BOX: $t_b=1$ um,1.413627254509018e+16,177.20924146283483,1
BOX,low BOX: $t_b=1$ um,1.416633266533066e+16,177.20924146283483,1
BOX,low BOX: $t_b=1$ um,1.4196392785571142e+16,177.20924146283483,1
BOX,low BOX: $t_b=1$ um,1.4226452905811622e+16,177.20924146283483,1
BOX,low BOX: $t_b=1$ um,1.4256513026052104e+16,177.20924146283483,1
BOX,low BOX: $t_b=1$ um,1.4286573146292584e+16,177.20924146283483,1
BOX,low BOX: $t_b=1$ um,1.4316633266533066e+16,177.20924146283483,1
BOX,low BOX: $t_b=1$ um,1.4346693386773546e+16,177.20924146283483,1
BOX,low BOX: $t_b=1$ um,1.4376753507014028e+16,177.20924146283483,1
BOX,low BOX: $t_b=1$ um,1.4406813627254508e+16,177.20924146283483,1
BOX,low BOX: $t_b=1$ um,1.443687374749499e+16,177.20924146283483,1
BOX,low BOX: $t_b=1$ um,1.446693386773547e+16,177.20924146283483,1
BOX,low BOX: $t_b=1$ um,1.4496993987975952e+16,177.20924146283483,1
BOX,low BOX: $t_b=1$ um,1.4527054108216432e+16,177.20924146283483,1
BOX,low BOX: $t_b=1$ um,1.4557114228456914e+16,177.20924146283483,1
BOX,low BOX: $t_b=1$ um,1.4587174348697394e+16,177.20924146283483,1
BOX,low BOX: $t_b=1$ um,1.4617234468937876e+16,177.20924146283483,1
BOX,low BOX: $t_b=1$ um,1.4647294589178356e+16,177.20924146283483,1
BOX,low BOX: $t_b=1$ um,1.4677354709418838e+16,177.20924146283483,1
BOX,low BOX: $t_b=1$ um,1.4707414829659318e+16,177.20924146283483,1
BOX,low BOX: $t_b=1$ um,1.47374749498998e+16,177.20924146283483,1
BOX,low BOX: $t_b=1$ um,1.476753507014028e+16,177.20924146283483,1
BOX,low BOX: $t_b=1$ um,1.4797595190380762e+16,177.20924146283483,1
BOX,low BOX: $t_b=1$ um,1.4827655310621242e+16,177.20924146283483,1
BOX,low BOX: $t_b=1$ um,1.4857715430861722e+16,177.20924146283483,1
BOX,low BOX: $t_b=1$ um,1.4887775551102204e+16,177.20924146283483,1
BOX,low BOX: $t_b=1$ um,1.4917835671342684e+16,177.20924146283483,1
BOX,low BOX: $t_b=1$ um,1.4947895791583166e+16,177.20924146283483,1
BOX,low BOX: $t_b=1$ um,1.4977955911823646e+16,177.20924146283483,1
BOX,low BOX: $t_b=1$ um,1.5008016032064128e+16,177.20924146283483,1
BOX,low BOX: $t_b=1$ um,1.5038076152304608e+16,177.20924146283483,1
BOX,low BOX: $t_b=1$ um,1.506813627254509e+16,177.20924146283483,1
BOX,low BOX: $t_b=1$ um,1.509819639278557e+16,177.20924146283483,1
BOX,low BOX: $t_b=1$ um,1.5128256513026052e+16,177.20924146283483,1
BOX,low BOX: $t_b=1$ um,1.5158316633266532e+16,177.20924146283483,1
BOX,low BOX: $t_b=1$ um,1.5188376753507014e+16,177.20924146283483,1
BOX,low BOX: $t_b=1$ um,1.5218436873747494e+16,177.20924146283483,1
BOX,low BOX: $t_b=1$ um,1.5248496993987976e+16,177.20924146283483,1
BOX,low BOX: $t_b=1$ um,1.5278557114228456e+16,177.20924146283483,1
BOX,low BOX: $t_b=1$ um,1.5308617234468938e+16,177.20924146283483,1
BOX,low BOX: $t_b=1$ um,1.5338677354709418e+16,177.20924146283483,1
BOX,low BOX: $t_b=1$ um,1.53687374749499e+16,177.20924146283483,1
BOX,low BOX: $t_b=1$ um,1.539879759519038e+16,177.20924146283483,1
BOX,low BOX: $t_b=1$ um,1.5428857715430862e+16,177.20924146283483,1
BOX,low BOX: $t_b=1$ um,1.5458917835671342e+16,177.20924146283483,1
BOX,low BOX: $t_b=1$ um,1.5488977955911824e+16,177.20924146283483,1
BOX,low BOX: $t_b=1$ um,1.5519038076152304e+16,177.20924146283483,1
BOX,low BOX: $t_b=1$ um,1.5549098196392786e+16,177.20924146283483,1
BOX,low BOX: $t_b=1$ um,1.5579158316633266e+16,177.20924146283483,1
BOX,low BOX: $t_b=1$ um,1.5609218436873748e+16,177.20924146283483,1
BOX,low BOX: $t_b=1$ um,1.5639278557114228e+16,177.20924146283483,1
BOX,low BOX: $t_b=1$ um,1.5669338677354708e+16,177.20924146283483,1
BOX,low BOX: $t_b=1$ um,1.569939879759519e+16,177.20924146283483,1
BOX,low BOX: $t_b=1$ um,1.572945891783567e+16,177.20924146283483,1
BOX,low BOX: $t_b=1$ um,1.5759519038076152e+16,177.20924146283483,1
BOX,low BOX: $t_b=1$ um,1.5789579158316632e+16,177.20924146283483,1
BOX,low BOX: $t_b=1$ um,1.5819639278557114e+16,177.20924146283483,1
BOX,low BOX: $t_b=1$ um,1.5849699398797594e+16,177.20924146283483,1
BOX,low BOX: $t_b=1$ um,1.5879759519038076e+16,177.20924146283483,1
BOX,low BOX: $t_b=1$ um,1.5909819639278556e+16,177.20924146283483,1
BOX,low BOX: $t_b=1$ um,1.5939879759519038e+16,177.20924146283483,1
BOX,low BOX: $t_b=1$ um,1.5969939879759518e+16,177.20924146283483,1
BOX,low BOX: $t_b=1$ um,1.6e+16,121.55119969073161,0
BOX,medium BOX: $t_b=2$ um,1000000000000000.0,247.30724438609846,1
BOX,medium BOX: $t_b=2$ um,1030060120240481.0,247.79105005614434,1
BOX,medium BOX: $t_b=2$ um,1060120240480961.9,248.27485564940605,1
BOX,medium BOX: $t_b=2$ um,1090180360721442.9,248.75866115862053,1
BOX,medium BOX: $t_b=2$ um,1120240480961923.9,249.24246657589265,1
BOX,medium BOX: $t_b=2$ um,1150300601202404.8,249.72627189265498,1
BOX,medium BOX: $t_b=2$ um,1180360721442885.8,250.21007709962515,1
BOX,medium BOX: $t_b=2$ um,1210420841683366.8,250.69388218676278,1
BOX,medium BOX: $t_b=2$ um,1240480961923847.8,251.17768714322347,1
BOX,medium BOX: $t_b=2$ um,1270541082164328.8,251.6614919573113,1
BOX,medium BOX: $t_b=2$ um,1300601202404809.5,252.14529661643007,1
BOX,medium BOX: $t_b=2$ um,1330661322645290.5,252.62910110703197,1
BOX,medium BOX: $t_b=2$ um,1360721442885771.5,253.11290541456458,1
BOX,medium BOX: $t_b=2$ um,1390781563126252.5,253.5967095234163,1
BOX,medium BOX: $t_b=2$ um,1420841683366733.5,254.08051341685922,1
BOX,medium BOX: $t_b=2$ um,1450901803607214.5,254.5643170769906,1
BOX,medium BOX: $t_b=2$ um,1480961923847695.5,255.0481204846714,1
BOX,medium BOX: $t_b=2$ um,1511022044088176.2,255.53192361946407,1
BOX,medium BOX: $t_b=2$ um,1541082164328657.2,256.0157264595672,1
BOX,medium BOX: $t_b=2$ um,1571142284569138.2,256.4995289817483,1
BOX,medium BOX: $t_b=2$ um,1601202404809619.2,256.9833311612746,1
BOX,medium BOX: $t_b=2$ um,1631262525050100.0,257.4671329718411,1
BOX,medium BOX: $t_b=2$ um,1661322645290581.0,257.9509343854977,1
BOX,medium BOX: $t_b=2$ um,1691382765531062.0,258.434735372572,1
BOX,medium BOX: $t_b=2$ um,1721442885771543.0,258.9185359015918,1
BOX,medium BOX: $t_b=2$ um,1751503006012024.0,259.4023359392039,1
BOX,medium BOX: $t_b=2$ um,1781563126252505.0,259.88613545009156,1
BOX,medium BOX: $t_b=2$ um,1811623246492986.0,260.3699343968881,1
BOX,medium BOX: $t_b=2$ um,1841683366733467.0,260.8537327400899,1
BOX,medium BOX: $t_b=2$ um,1871743486973948.0,261.3375304379655,1
BOX,medium BOX: $t_b=2$ um,1901803607214429.0,261.8213274464625,1
BOX,medium BOX: $t_b=2$ um,1931863727454909.8,262.30512371911254,1
BOX,medium BOX: $t_b=2$ um,1961923847695390.8,262.78891920693275,1
BOX,medium BOX: $t_b=2$ um,1991983967935871.8,263.2727138583254,1
BOX,medium BOX: $t_b=2$ um,2022044088176352.5,263.75650761897447,1
BOX,medium BOX: $t_b=2$ um,2052104208416833.5,264.2403004317393,1
BOX,medium BOX: $t_b=2$ um,2082164328657314.5,264.7240922365462,1
BOX,medium BOX: $t_b=2$ um,2112224448897795.5,265.2078829702768,1
BOX,medium BOX: $t_b=2$ um,2142284569138276.5,265.6916725666536,1
BOX,medium BOX: $t_b=2$ um,2172344689378757.5,266.17546095612306,1
BOX,medium BOX: $t_b=2$ um,2202404809619238.5,266.53740558804026,1
BOX,medium BOX: $t_b=2$ um,2232464929859719.5,266.53740558804026,1
BOX,medium BOX: $t_b=2$ um,2262525050100200.0,266.53740558804026,1
BOX,medium BOX: $t_b=2$ um,2292585170340681.0,266.53740558804026,1
BOX,medium BOX: $t_b=2$ um,2322645290581162.0,266.53740558804026,1
BOX,medium BOX: $t_b=2$ um,2352705410821643.0,266.53740558804026,1
BOX,medium BOX: $t_b=2$ um,2382765531062124.0,266.53740558804026,1
BOX,medium BOX: $t_b=2$ um,2412825651302605.0,266.53740558804026,1
BOX,medium BOX: $t_b=2$ um,2442885771543086.0,266.53740558804026,1
BOX,medium BOX: $t_b=2$ um,2472945891783567.0,266.53740558804026,1
BOX,medium BOX: $t_b=2$ um,2503006012024048.0,266.53740558804026,1
BOX,medium BOX: $t_b=2$ um,2533066132264529.0,266.53740558804026,1
BOX,medium BOX: $t_b=2$ um,2563126252505010.0,266.53740558804026,1
BOX,medium BOX: $t_b=2$ um,2593186372745491.0,266.53740558804026,1
BOX,medium BOX: $t_b=2$ um,2623246492985972.0,266.53740558804026,1
BOX,medium BOX: $t_b=2$ um,2653306613226453.0,266.53740558804026,1
BOX,medium BOX: $t_b=2$ um,2683366733466934.0,266.53740558804026,1
BOX,medium BOX: $t_b=2$ um,2713426853707415.0,266.53740558804026,1
BOX,medium BOX: $t_b=2$ um,2743486973947896.0,266.53740558804026,1
BOX,medium BOX: $t_b=2$ um,2773547094188377.0,266.53740558804026,1
BOX,medium BOX: $t_b=2$ um,2803607214428858.0,266.53740558804026,1
BOX,medium BOX: $t_b=2$ um,2833667334669338.5,266.53740558804026,1
BOX,medium BOX: $t_b=2$ um,2863727454909819.5,266.53740558804026,1
BOX,medium BOX: $t_b=2$ um,2893787575150300.5,266.53740558804026,1
BOX,medium BOX: $t_b=2$ um,2923847695390781.5,266.53740558804026,1
BOX,medium BOX: $t_b=2$ um,2953907815631262.5,266.53740558804026,1
BOX,medium BOX: $t_b=2$ um,2983967935871743.5,266.53740558804026,1
BOX,medium BOX: $t_b=2$ um,3014028056112224.5,266.53740558804026,1
BOX,medium BOX: $t_b=2$ um,3044088176352705.0,266.53740558804026,1
BOX,medium BOX: $t_b=2$ um,3074148296593186.0,266.53740558804026,1
BOX,medium BOX: $t_b=2$ um,3104208416833667.0,266.53740558804026,1
BOX,medium BOX: $t_b=2$ um,3134268537074148.0,266.53740558804026,1
BOX,medium BOX: $t_b=2$ um,3164328657314629.0,266.53740558804026,1
BOX,medium BOX: $t_b=2$ um,3194388777555110.0,266.53740558804026,1
BOX,medium BOX: $t_b=2$ um,3224448897795591.0,266.53740558804026,1
BOX,medium BOX: $t_b=2$ um,3254509018036072.0,266.53740558804026,1
BOX,medium BOX: $t_b=2$ um,3284569138276553.0,266.53740558804026,1
BOX,medium BOX: $t_b=2$ um,3314629258517034.0,266.53740558804026,1
BOX,medium BOX: $t_b=2$ um,3344689378757515.0,266.53740558804026,1
BOX,medium BOX: $t_b=2$ um,3374749498997996.0,266.53740558804026,1
BOX,medium BOX: $t_b=2$ um,3404809619238477.0,266.53740558804026,1
BOX,medium BOX: $t_b=2$ um,3434869739478958.0,266.53740558804026,1
BOX,medium BOX: $t_b=2$ um,3464929859719439.0,266.53740558804026,1
BOX,medium BOX: $t_b=2$ um,3494989979959920.0,266.53740558804026,1
BOX,medium BOX: $t_b=2$ um,3525050100200400.5,266.53740558804026,1
BOX,medium BOX: $t_b=2$ um,3555110220440881.5,266.53740558804026,1
BOX,medium BOX: $t_b=2$ um,3585170340681362.5,266.53740558804026,1
BOX,medium BOX: $t_b=2$ um,3615230460921843.5,266.53740558804026,1
BOX,medium BOX: $t_b=2$ um,3645290581162324.5,266.53740558804026,1
BOX,medium BOX: $t_b=2$ um,3675350701402805.5,266.53740558804026,1
BOX,medium BOX: $t_b=2$ um,3705410821643286.5,266.53740558804026,1
BOX,medium BOX: $t_b=2$ um,3735470941883767.5,266.53740558804026,1
BOX,medium BOX: $t_b=2$ um,3765531062124248.5,266.53740558804026,1
BOX,medium BOX: $t_b=2$ um,3795591182364729.5,266.53740558804026,1
BOX,medium BOX: $t_b=2$ um,3825651302605210.5,266.53740558804026,1
BOX,medium BOX: $t_b=2$ um,3855711422845691.5,266.53740558804026,1
BOX,medium BOX: $t_b=2$ um,3885771543086172.0,266.53740558804026,1
BOX,medium BOX: $t_b=2$ um,3915831663326653.0,266.53740558804026,1
BOX,medium BOX: $t_b=2$ um,3945891783567134.0,266.53740558804026,1
BOX,medium BOX: $t_b=2$ um,3975951903807615.0,266.53740558804026,1
BOX,medium BOX: $t_b=2$ um,4006012024048096.0,266.53740558804026,1
BOX,medium BOX: $t_b=2$ um,4036072144288577.0,266.53740558804026,1
BOX,medium BOX: $t_b=2$ um,4066132264529058.0,266.53740558804026,1
BOX,medium BOX: $t_b=2$ um,4096192384769539.0,266.53740558804026,1
BOX,medium BOX: $t_b=2$ um,4126252505010020.0,266.53740558804026,1
BOX,medium BOX: $t_b=2$ um,4156312625250501.0,266.53740558804026,1
BOX,medium BOX: $t_b=2$ um,4186372745490982.0,266.53740558804026,1
BOX,medium BOX: $t_b=2$ um,4216432865731463.0,266.53740558804026,1
BOX,medium BOX: $t_b=2$ um,4246492985971944.0,266.53740558804026,1
BOX,medium BOX: $t_b=2$ um,4276553106212424.5,266.53740558804026,1
BOX,medium BOX: $t_b=2$ um,4306613226452905.5,266.53740558804026,1
BOX,medium BOX: $t_b=2$ um,4336673346693386.5,266.53740558804026,1
BOX,medium BOX: $t_b=2$ um,4366733466933867.5,266.53740558804026,1
BOX,medium BOX: $t_b=2$ um,4396793587174348.5,266.53740558804026,1
BOX,medium BOX: $t_b=2$ um,4426853707414829.5,266.53740558804026,1
BOX,medium BOX: $t_b=2$ um,4456913827655310.5,266.53740558804026,1
BOX,medium BOX: $t_b=2$ um,4486973947895791.5,266.53740558804026,1
BOX,medium BOX: $t_b=2$ um,4517034068136272.0,266.53740558804026,1
BOX,medium BOX: $t_b=2$ um,4547094188376754.0,266.53740558804026,1
BOX,medium BOX: $t_b=2$ um,4577154308617234.0,266.53740558804026,1
BOX,medium BOX: $t_b=2$ um,4607214428857716.0,266.53740558804026,1
BOX,medium BOX: $t_b=2$ um,4637274549098196.0,266.53740558804026,1
BOX,medium BOX: $t_b=2$ um,4667334669338677.0,266.53740558804026,1
BOX,medium BOX: $t_b=2$ um,4697394789579158.0,266.53740558804026,1
BOX,medium BOX: $t_b=2$ um,4727454909819639.0,266.53740558804026,1
BOX,medium BOX: $t_b=2$ um,4757515030060120.0,266.53740558804026,1
BOX,medium BOX: $t_b=2$ um,4787575150300601.0,266.53740558804026,1
BOX,medium BOX: $t_b=2$ um,4817635270541082.0,266.53740558804026,1
BOX,medium BOX: $t_b=2$ um,4847695390781563.0,266.53740558804026,1
BOX,medium BOX: $t_b=2$ um,4877755511022044.0,266.53740558804026,1
BOX,medium BOX: $t_b=2$ um,4907815631262525.0,266.53740558804026,1
BOX,medium BOX: $t_b=2$ um,4937875751503006.0,266.53740558804026,1
BOX,medium BOX: $t_b=2$ um,4967935871743487.0,266.53740558804026,1
BOX,medium BOX: $t_b=2$ um,4997995991983968.0,266.53740558804026,1
BOX,medium BOX: $t_b=2$ um,5028056112224449.0,266.53740558804026,1
BOX,medium BOX: $t_b=2$ um,5058116232464930.0,266.53740558804026,1
BOX,medium BOX: $t_b=2$ um,5088176352705410.0,266.53740558804026,1
BOX,medium BOX: $t_b=2$ um,5118236472945892.0,266.53740558804026,1
BOX,medium BOX: $t_b=2$ um,5148296593186372.0,266.53740558804026,1
BOX,medium BOX: $t_b=2$ um,5178356713426854.0,266.53740558804026,1
BOX,medium BOX: $t_b=2$ um,5208416833667334.0,266.53740558804026,1
BOX,medium BOX: $t_b=2$ um,5238476953907816.0,266.53740558804026,1
BOX,medium BOX: $t_b=2$ um,5268537074148296.0,266.53740558804026,1
BOX,medium BOX: $t_b=2$ um,5298597194388778.0,266.53740558804026,1
BOX,medium BOX: $t_b=2$ um,5328657314629258.0,266.53740558804026,1
BOX,medium BOX: $t_b=2$ um,5358717434869740.0,266.53740558804026,1
BOX,medium BOX: $t_b=2$ um,5388777555110220.0,266.53740558804026,1
BOX,medium BOX: $t_b=2$ um,5418837675350702.0,266.53740558804026,1
BOX,medium BOX: $t_b=2$ um,5448897795591182.0,266.53740558804026,1
BOX,medium BOX: $t_b=2$ um,5478957915831663.0,266.53740558804026,1
BOX,medium BOX: $t_b=2$ um,5509018036072144.0,266.53740558804026,1
BOX,medium BOX: $t_b=2$ um,5539078156312625.0,266.53740558804026,1
BOX,medium BOX: $t_b=2$ um,5569138276553106.0,266.53740558804026,1
BOX,medium BOX: $t_b=2$ um,5599198396793587.0,266.53740558804026,1
BOX,medium BOX: $t_b=2$ um,5629258517034068.0,266.53740558804026,1
BOX,medium BOX: $t_b=2$ um,5659318637274549.0,266.53740558804026,1
BOX,medium BOX: $t_b=2$ um,5689378757515030.0,266.53740558804026,1
BOX,medium BOX: $t_b=2$ um,5719438877755511.0,266.53740558804026,1
BOX,medium BOX: $t_b=2$ um,5749498997995992.0,266.53740558804026,1
BOX,medium BOX: $t_b=2$ um,5779559118236473.0,266.53740558804026,1
BOX,medium BOX: $t_b=2$ um,5809619238476954.0,266.53740558804026,1
BOX,medium BOX: $t_b=2$ um,5839679358717435.0,266.53740558804026,1
BOX,medium BOX: $t_b=2$ um,5869739478957916.0,266.53740558804026,1
BOX,medium BOX: $t_b=2$ um,5899799599198397.0,266.53740558804026,1
BOX,medium BOX: $t_b=2$ um,5929859719438878.0,266.53740558804026,1
BOX,medium BOX: $t_b=2$ um,5959919839679359.0,266.53740558804026,1
BOX,medium BOX: $t_b=2$ um,5989979959919840.0,266.53740558804026,1
BOX,medium BOX: $t_b=2$ um,6020040080160320.0,266.53740558804026,1
BOX,medium BOX: $t_b=2$ um,6050100200400801.0,266.53740558804026,1
BOX,medium BOX: $t_b=2$ um,6080160320641282.0,266.53740558804026,1
BOX,medium BOX: $t_b=2$ um,6110220440881763.0,266.53740558804026,1
BOX,medium BOX: $t_b=2$ um,6140280561122244.0,266.53740558804026,1
BOX,medium BOX: $t_b=2$ um,6170340681362725.0,266.53740558804026,1
BOX,medium BOX: $t_b=2$ um,6200400801603206.0,266.53740558804026,1
BOX,medium BOX: $t_b=2$ um,6230460921843687.0,266.53740558804026,1
BOX,medium BOX: $t_b=2$ um,6260521042084168.0,266.53740558804026,1
BOX,medium BOX: $t_b=2$ um,6290581162324649.0,266.53740558804026,1
BOX,medium BOX: $t_b=2$ um,6320641282565130.0,266.53740558804026,1
BOX,medium BOX: $t_b=2$ um,6350701402805611.0,266.53740558804026,1
BOX,medium BOX: $t_b=2$ um,6380761523046092.0,266.53740558804026,1
BOX,medium BOX: $t_b=2$ um,6410821643286573.0,266.53740558804026,1
BOX,medium BOX: $t_b=2$ um,6440881763527054.0,266.53740558804026,1
BOX,medium BOX: $t_b=2$ um,6470941883767535.0,266.53740558804026,1
BOX,medium BOX: $t_b=2$ um,6501002004008016.0,266.53740558804026,1
BOX,medium BOX: $t_b=2$ um,6531062124248497.0,266.53740558804026,1
BOX,medium BOX: $t_b=2$ um,6561122244488978.0,266.53740558804026,1
BOX,medium BOX: $t_b=2$ um,6591182364729459.0,266.53740558804026,1
BOX,medium BOX: $t_b=2$ um,6621242484969940.0,266.53740558804026,1
BOX,medium BOX: $t_b=2$ um,6651302605210421.0,266.53740558804026,1
BOX,medium BOX: $t_b=2$ um,6681362725450902.0,266.53740558804026,1
BOX,medium BOX: $t_b=2$ um,6711422845691383.0,266.53740558804026,1
BOX,medium BOX: $t_b=2$ um,6741482965931864.0,266.53740558804026,1
BOX,medium BOX: $t_b=2$ um,6771543086172344.0,266.53740558804026,1
BOX,medium BOX: $t_b=2$ um,6801603206412825.0,266.53740558804026,1
BOX,medium BOX: $t_b=2$ um,6831663326653306.0,266.53740558804026,1
BOX,medium BOX: $t_b=2$ um,6861723446893787.0,266.53740558804026,1
BOX,medium BOX: $t_b=2$ um,6891783567134268.0,266.53740558804026,1
BOX,medium BOX: $t_b=2$ um,6921843687374749.0,266.53740558804026,1
BOX,medium BOX: $t_b=2$ um,6951903807615230.0,266.53740558804026,1
BOX,medium BOX: $t_b=2$ um,6981963927855711.0,266.53740558804026,1
BOX,medium BOX: $t_b=2$ um,7012024048096192.0,266.53740558804026,1
BOX,medium BOX: $t_b=2$ um,7042084168336673.0,266.53740558804026,1
BOX,medium BOX: $t_b=2$ um,7072144288577154.0,266.53740558804026,1
BOX,medium BOX: $t_b=2$ um,7102204408817635.0,266.53740558804026,1
BOX,medium BOX: $t_b=2$ um,7132264529058116.0,266.53740558804026,1
BOX,medium BOX: $t_b=2$ um,7162324649298597.0,266.53740558804026,1
BOX,medium BOX: $t_b=2$ um,7192384769539078.0,266.53740558804026,1
BOX,medium BOX: $t_b=2$ um,7222444889779559.0,266.53740558804026,1
BOX,medium BOX: $t_b=2$ um,7252505010020040.0,266.53740558804026,1
BOX,medium BOX: $t_b=2$ um,7282565130260521.0,266.53740558804026,1
BOX,medium BOX: $t_b=2$ um,7312625250501002.0,266.53740558804026,1
BOX,medium BOX: $t_b=2$ um,7342685370741483.0,266.53740558804026,1
BOX,medium BOX: $t_b=2$ um,7372745490981964.0,266.53740558804026,1
BOX,medium BOX: $t_b=2$ um,7402805611222445.0,266.53740558804026,1
BOX,medium BOX: $t_b=2$ um,7432865731462926.0,266.53740558804026,1
BOX,medium BOX: $t_b=2$ um,7462925851703407.0,266.53740558804026,1
BOX,medium BOX: $t_b=2$ um,7492985971943888.0,266.53740558804026,1
BOX,medium BOX: $t_b=2$ um,7523046092184369.0,266.53740558804026,1
BOX,medium BOX: $t_b=2$ um,7553106212424849.0,266.53740558804026,1
BOX,medium BOX: $t_b=2$ um,7583166332665330.0,266.53740558804026,1
BOX,medium BOX: $t_b=2$ um,7613226452905811.0,266.53740558804026,1
BOX,medium BOX: $t_b=2$ um,7643286573146292.0,266.53740558804026,1
BOX,medium BOX: $t_b=2$ um,7673346693386773.0,266.53740558804026,1
BOX,medium BOX: $t_b=2$ um,7703406813627254.0,266.53740558804026,1
BOX,medium BOX: $t_b=2$ um,7733466933867735.0,266.53740558804026,1
BOX,medium BOX: $t_b=2$ um,7763527054108216.0,266.53740558804026,1
BOX,medium BOX: $t_b=2$ um,7793587174348697.0,266.53740558804026,1
BOX,medium BOX: $t_b=2$ um,7823647294589178.0,266.53740558804026,1
BOX,medium BOX: $t_b=2$ um,7853707414829659.0,266.53740558804026,1
BOX,medium BOX: $t_b=2$ um,7883767535070140.0,266.53740558804026,1
BOX,medium BOX: $t_b=2$ um,7913827655310621.0,266.53740558804026,1
BOX,medium BOX: $t_b=2$ um,7943887775551102.0,266.53740558804026,1
BOX,medium BOX: $t_b=2$ um,7973947895791583.0,266.53740558804026,1
BOX,medium BOX: $t_b=2$ um,8004008016032064.0,266.53740558804026,1
BOX,medium BOX: $t_b=2$ um,8034068136272545.0,266.53740558804026,1
BOX,medium BOX: $t_b=2$ um,8064128256513026.0,266.53740558804026,1
BOX,medium BOX: $t_b=2$ um,8094188376753507.0,266.53740558804026,1
BOX,medium BOX: $t_b=2$ um,8124248496993988.0,266.53740558804026,1
BOX,medium BOX: $t_b=2$ um,8154308617234469.0,266.53740558804026,1
BOX,medium BOX: $t_b=2$ um,8184368737474950.0,266.53740558804026,1
BOX,medium BOX: $t_b=2$ um,8214428857715431.0,266.53740558804026,1
BOX,medium BOX: $t_b=2$ um,8244488977955912.0,266.53740558804026,1
BOX,medium BOX: $t_b=2$ um,8274549098196393.0,266.53740558804026,1
BOX,medium BOX: $t_b=2$ um,8304609218436874.0,266.53740558804026,1
BOX,medium BOX: $t_b=2$ um,8334669338677354.0,266.53740558804026,1
BOX,medium BOX: $t_b=2$ um,8364729458917835.0,266.53740558804026,1
BOX,medium BOX: $t_b=2$ um,8394789579158316.0,266.53740558804026,1
BOX,medium BOX: $t_b=2$ um,8424849699398797.0,266.53740558804026,1
BOX,medium BOX: $t_b=2$ um,8454909819639278.0,266.53740558804026,1
BOX,medium BOX: $t_b=2$ um,8484969939879759.0,266.53740558804026,1
BOX,medium BOX: $t_b=2$ um,8515030060120240.0,266.53740558804026,1
BOX,medium BOX: $t_b=2$ um,8545090180360721.0,266.53740558804026,1
BOX,medium BOX: $t_b=2$ um,8575150300601202.0,266.53740558804026,1
BOX,medium BOX: $t_b=2$ um,8605210420841683.0,266.53740558804026,1
BOX,medium BOX: $t_b=2$ um,8635270541082164.0,266.53740558804026,1
BOX,medium BOX: $t_b=2$ um,8665330661322645.0,266.53740558804026,1
BOX,medium BOX: $t_b=2$ um,8695390781563126.0,266.53740558804026,1
BOX,medium BOX: $t_b=2$ um,8725450901803607.0,266.53740558804026,1
BOX,medium BOX: $t_b=2$ um,8755511022044088.0,266.53740558804026,1
BOX,medium BOX: $t_b=2$ um,8785571142284569.0,266.53740558804026,1
BOX,medium BOX: $t_b=2$ um,8815631262525050.0,266.53740558804026,1
BOX,medium BOX: $t_b=2$ um,8845691382765531.0,266.53740558804026,1
BOX,medium BOX: $t_b=2$ um,8875751503006012.0,266.53740558804026,1
BOX,medium BOX: $t_b=2$ um,8905811623246493.0,266.53740558804026,1
BOX,medium BOX: $t_b=2$ um,8935871743486974.0,266.53740558804026,1
BOX,medium BOX: $t_b=2$ um,8965931863727455.0,266.53740558804026,1
BOX,medium BOX: $t_b=2$ um,8995991983967936.0,266.53740558804026,1
BOX,medium BOX: $t_b=2$ um,9026052104208416.0,266.53740558804026,1
BOX,medium BOX: $t_b=2$ um,9056112224448898.0,266.53740558804026,1
BOX,medium BOX: $t_b=2$ um,9086172344689378.0,266.53740558804026,1
BOX,medium BOX: $t_b=2$ um,9116232464929860.0,266.53740558804026,1
BOX,medium BOX: $t_b=2$ um,9146292585170340.0,266.53740558804026,1
BOX,medium BOX: $t_b=2$ um,9176352705410820.0,266.53740558804026,1
BOX,medium BOX: $t_b=2$ um,9206412825651302.0,266.53740558804026,1
BOX,medium BOX: $t_b=2$ um,9236472945891784.0,266.53740558804026,1
BOX,medium BOX: $t_b=2$ um,9266533066132264.0,266.53740558804026,1
BOX,medium BOX: $t_b=2$ um,9296593186372744.0,266.53740558804026,1
BOX,medium BOX: $t_b=2$ um,9326653306613226.0,266.53740558804026,1
BOX,medium BOX: $t_b=2$ um,9356713426853708.0,266.53740558804026,1
BOX,medium BOX: $t_b=2$ um,9386773547094188.0,266.53740558804026,1
BOX,medium BOX: $t_b=2$ um,9416833667334668.0,266.53740558804026,1
BOX,medium BOX: $t_b=2$ um,9446893787575150.0,266.53740558804026,1
BOX,medium BOX: $t_b=2$ um,9476953907815632.0,266.53740558804026,1
BOX,medium BOX: $t_b=2$ um,9507014028056112.0,266.53740558804026,1
BOX,medium BOX: $t_b=2$ um,9537074148296592.0,266.53740558804026,1
BOX,medium BOX: $t_b=2$ um,9567134268537074.0,266.53740558804026,1
BOX,medium BOX: $t_b=2$ um,9597194388777556.0,266.53740558804026,1
BOX,medium BOX: $t_b=2$ um,9627254509018036.0,266.53740558804026,1
BOX,medium BOX: $t_b=2$ um,9657314629258516.0,266.53740558804026,1
BOX,medium BOX: $t_b=2$ um,9687374749498998.0,266.53740558804026,1
BOX,medium BOX: $t_b=2$ um,9717434869739480.0,266.53740558804026,1
BOX,medium BOX: $t_b=2$ um,9747494989979960.0,266.53740558804026,1
BOX,medium BOX: $t_b=2$ um,9777555110220440.0,266.53740558804026,1
BOX,medium BOX: $t_b=2$ um,9807615230460922.0,266.53740558804026,1
BOX,medium BOX: $t_b=2$ um,9837675350701404.0,266.53740558804026,1
BOX,medium BOX: $t_b=2$ um,9867735470941884.0,266.53740558804026,1
BOX,medium BOX: $t_b=2$ um,9897795591182364.0,266.53740558804026,1
BOX,medium BOX: $t_b=2$ um,9927855711422844.0,266.53740558804026,1
BOX,medium BOX: $t_b=2$ um,9957915831663326.0,266.53740558804026,1
BOX,medium BOX: $t_b=2$ um,9987975951903808.0,266.53740558804026,1
BOX,medium BOX: $t_b=2$ um,1.0018036072144288e+16,266.53740558804026,1
BOX,medium BOX: $t_b=2$ um,1.004809619238477e+16,266.53740558804026,1
BOX,medium BOX: $t_b=2$ um,1.007815631262525e+16,266.53740558804026,1
BOX,medium BOX: $t_b=2$ um,1.0108216432865732e+16,266.53740558804026,1
BOX,medium BOX: $t_b=2$ um,1.0138276553106212e+16,266.53740558804026,1
BOX,medium BOX: $t_b=2$ um,1.0168336673346694e+16,266.53740558804026,1
BOX,medium BOX: $t_b=2$ um,1.0198396793587174e+16,266.53740558804026,1
BOX,medium BOX: $t_b=2$ um,1.0228456913827656e+16,266.53740558804026,1
BOX,medium BOX: $t_b=2$ um,1.0258517034068136e+16,266.53740558804026,1
BOX,medium BOX: $t_b=2$ um,1.0288577154308616e+16,266.53740558804026,1
BOX,medium BOX: $t_b=2$ um,1.0318637274549098e+16,266.53740558804026,1
BOX,medium BOX: $t_b=2$ um,1.0348697394789578e+16,266.53740558804026,1
BOX,medium BOX: $t_b=2$ um,1.037875751503006e+16,266.53740558804026,1
BOX,medium BOX: $t_b=2$ um,1.040881763527054e+16,266.53740558804026,1
BOX,medium BOX: $t_b=2$ um,1.0438877755511022e+16,266.53740558804026,1
BOX,medium BOX: $t_b=2$ um,1.0468937875751502e+16,266.53740558804026,1
BOX,medium BOX: $t_b=2$ um,1.0498997995991984e+16,266.53740558804026,1
BOX,medium BOX: $t_b=2$ um,1.0529058116232464e+16,266.53740558804026,1
BOX,medium BOX: $t_b=2$ um,1.0559118236472946e+16,266.53740558804026,1
BOX,medium BOX: $t_b=2$ um,1.0589178356713426e+16,266.53740558804026,1
BOX,medium BOX: $t_b=2$ um,1.0619238476953908e+16,266.53740558804026,1
BOX,medium BOX: $t_b=2$ um,1.0649298597194388e+16,266.53740558804026,1
BOX,medium BOX: $t_b=2$ um,1.067935871743487e+16,266.53740558804026,1
BOX,medium BOX: $t_b=2$ um,1.070941883767535e+16,266.53740558804026,1
BOX,medium BOX: $t_b=2$ um,1.0739478957915832e+16,266.53740558804026,1
BOX,medium BOX: $t_b=2$ um,1.0769539078156312e+16,266.53740558804026,1
BOX,medium BOX: $t_b=2$ um,1.0799599198396794e+16,266.53740558804026,1
BOX,medium BOX: $t_b=2$ um,1.0829659318637274e+16,266.53740558804026,1
BOX,medium BOX: $t_b=2$ um,1.0859719438877756e+16,266.53740558804026,1
BOX,medium BOX: $t_b=2$ um,1.0889779559118236e+16,266.53740558804026,1
BOX,medium BOX: $t_b=2$ um,1.0919839679358718e+16,266.53740558804026,1
BOX,medium BOX: $t_b=2$ um,1.0949899799599198e+16,266.53740558804026,1
BOX,medium BOX: $t_b=2$ um,1.097995991983968e+16,266.53740558804026,1
BOX,medium BOX: $t_b=2$ um,1.101002004008016e+16,266.53740558804026,1
BOX,medium BOX: $t_b=2$ um,1.104008016032064e+16,266.53740558804026,1
BOX,medium BOX: $t_b=2$ um,1.1070140280561122e+16,266.53740558804026,1
BOX,medium BOX: $t_b=2$ um,1.1100200400801602e+16,266.53740558804026,1
BOX,medium BOX: $t_b=2$ um,1.1130260521042084e+16,266.53740558804026,1
BOX,medium BOX: $t_b=2$ um,1.1160320641282564e+16,266.53740558804026,1
BOX,medium BOX: $t_b=2$ um,1.1190380761523046e+16,266.53740558804026,1
BOX,medium BOX: $t_b=2$ um,1.1220440881763526e+16,266.53740558804026,1
BOX,medium BOX: $t_b=2$ um,1.1250501002004008e+16,266.53740558804026,1
BOX,medium BOX: $t_b=2$ um,1.1280561122244488e+16,266.53740558804026,1
BOX,medium BOX: $t_b=2$ um,1.131062124248497e+16,266.53740558804026,1
BOX,medium BOX: $t_b=2$ um,1.134068136272545e+16,266.53740558804026,1
BOX,medium BOX: $t_b=2$ um,1.1370741482965932e+16,266.53740558804026,1
BOX,medium BOX: $t_b=2$ um,1.1400801603206412e+16,266.53740558804026,1
BOX,medium BOX: $t_b=2$ um,1.1430861723446894e+16,266.53740558804026,1
BOX,medium BOX: $t_b=2$ um,1.1460921843687374e+16,266.53740558804026,1
BOX,medium BOX: $t_b=2$ um,1.1490981963927856e+16,266.53740558804026,1
BOX,medium BOX: $t_b=2$ um,1.1521042084168336e+16,266.53740558804026,1
BOX,medium BOX: $t_b=2$ um,1.1551102204408818e+16,266.53740558804026,1
BOX,medium BOX: $t_b=2$ um,1.1581162324649298e+16,266.53740558804026,1
BOX,medium BOX: $t_b=2$ um,1.161122244488978e+16,266.53740558804026,1
BOX,medium BOX: $t_b=2$ um,1.164128256513026e+16,266.53740558804026,1
BOX,medium BOX: $t_b=2$ um,1.1671342685370742e+16,266.53740558804026,1
BOX,medium BOX: $t_b=2$ um,1.1701402805611222e+16,266.53740558804026,1
BOX,medium BOX: $t_b=2$ um,1.1731462925851704e+16,266.53740558804026,1
BOX,medium BOX: $t_b=2$ um,1.1761523046092184e+16,266.53740558804026,1
BOX,medium BOX: $t_b=2$ um,1.1791583166332664e+16,266.53740558804026,1
BOX,medium BOX: $t_b=2$ um,1.1821643286573146e+16,266.53740558804026,1
BOX,medium BOX: $t_b=2$ um,1.1851703406813626e+16,266.53740558804026,1
BOX,medium BOX: $t_b=2$ um,1.1881763527054108e+16,266.53740558804026,1
BOX,medium BOX: $t_b=2$ um,1.1911823647294588e+16,266.53740558804026,1
BOX,medium BOX: $t_b=2$ um,1.194188376753507e+16,266.53740558804026,1
BOX,medium BOX: $t_b=2$ um,1.197194388777555e+16,266.53740558804026,1
BOX,medium BOX: $t_b=2$ um,1.2002004008016032e+16,266.53740558804026,1
BOX,medium BOX: $t_b=2$ um,1.2032064128256512e+16,266.53740558804026,1
BOX,medium BOX: $t_b=2$ um,1.2062124248496994e+16,266.53740558804026,1
BOX,medium BOX: $t_b=2$ um,1.2092184368737474e+16,266.53740558804026,1
BOX,medium BOX: $t_b=2$ um,1.2122244488977956e+16,266.53740558804026,1
BOX,medium BOX: $t_b=2$ um,1.2152304609218436e+16,266.53740558804026,1
BOX,medium BOX: $t_b=2$ um,1.2182364729458918e+16,266.53740558804026,1
BOX,medium BOX: $t_b=2$ um,1.2212424849699398e+16,266.53740558804026,1
BOX,medium BOX: $t_b=2$ um,1.224248496993988e+16,266.53740558804026,1
BOX,medium BOX: $t_b=2$ um,1.227254509018036e+16,266.53740558804026,1
BOX,medium BOX: $t_b=2$ um,1.2302605210420842e+16,266.53740558804026,1
BOX,medium BOX: $t_b=2$ um,1.2332665330661322e+16,266.53740558804026,1
BOX,medium BOX: $t_b=2$ um,1.2362725450901804e+16,266.53740558804026,1
BOX,medium BOX: $t_b=2$ um,1.2392785571142284e+16,266.53740558804026,1
BOX,medium BOX: $t_b=2$ um,1.2422845691382766e+16,266.53740558804026,1
BOX,medium BOX: $t_b=2$ um,1.2452905811623246e+16,266.53740558804026,1
BOX,medium BOX: $t_b=2$ um,1.2482965931863728e+16,266.53740558804026,1
BOX,medium BOX: $t_b=2$ um,1.2513026052104208e+16,266.53740558804026,1
BOX,medium BOX: $t_b=2$ um,1.2543086172344688e+16,266.53740558804026,1
BOX,medium BOX: $t_b=2$ um,1.257314629258517e+16,266.53740558804026,1
BOX,medium BOX: $t_b=2$ um,1.260320641282565e+16,266.53740558804026,1
BOX,medium BOX: $t_b=2$ um,1.2633266533066132e+16,266.53740558804026,1
BOX,medium BOX: $t_b=2$ um,1.2663326653306612e+16,266.53740558804026,1
BOX,medium BOX: $t_b=2$ um,1.2693386773547094e+16,266.53740558804026,1
BOX,medium BOX: $t_b=2$ um,1.2723446893787574e+16,266.53740558804026,1
BOX,medium BOX: $t_b=2$ um,1.2753507014028056e+16,266.53740558804026,1
BOX,medium BOX: $t_b=2$ um,1.2783567134268536e+16,266.53740558804026,1
BOX,medium BOX: $t_b=2$ um,1.2813627254509018e+16,266.53740558804026,1
BOX,medium BOX: $t_b=2$ um,1.2843687374749498e+16,266.53740558804026,1
BOX,medium BOX: $t_b=2$ um,1.287374749498998e+16,266.53740558804026,1
BOX,medium BOX: $t_b=2$ um,1.290380761523046e+16,266.53740558804026,1
BOX,medium BOX: $t_b=2$ um,1.2933867735470942e+16,266.53740558804026,1
BOX,medium BOX: $t_b=2$ um,1.2963927855711422e+16,266.53740558804026,1
BOX,medium BOX: $t_b=2$ um,1.2993987975951904e+16,266.53740558804026,1
BOX,medium BOX: $t_b=2$ um,1.3024048096192384e+16,266.53740558804026,1
BOX,medium BOX: $t_b=2$ um,1.3054108216432866e+16,266.53740558804026,1
BOX,medium BOX: $t_b=2$ um,1.3084168336673346e+16,266.53740558804026,1
BOX,medium BOX: $t_b=2$ um,1.3114228456913828e+16,266.53740558804026,1
BOX,medium BOX: $t_b=2$ um,1.3144288577154308e+16,266.53740558804026,1
BOX,medium BOX: $t_b=2$ um,1.317434869739479e+16,266.53740558804026,1
BOX,medium BOX: $t_b=2$ um,1.320440881763527e+16,266.53740558804026,1
BOX,medium BOX: $t_b=2$ um,1.3234468937875752e+16,266.53740558804026,1
BOX,medium BOX: $t_b=2$ um,1.3264529058116232e+16,266.53740558804026,1
BOX,medium BOX: $t_b=2$ um,1.3294589178356714e+16,266.53740558804026,1
BOX,medium BOX: $t_b=2$ um,1.3324649298597194e+16,266.53740558804026,1
BOX,medium BOX: $t_b=2$ um,1.3354709418837674e+16,266.53740558804026,1
BOX,medium BOX: $t_b=2$ um,1.3384769539078156e+16,266.53740558804026,1
BOX,medium BOX: $t_b=2$ um,1.3414829659318636e+16,266.53740558804026,1
BOX,medium BOX: $t_b=2$ um,1.3444889779559118e+16,266.53740558804026,1
BOX,medium BOX: $t_b=2$ um,1.3474949899799598e+16,266.53740558804026,1
BOX,medium BOX: $t_b=2$ um,1.350501002004008e+16,266.53740558804026,1
BOX,medium BOX: $t_b=2$ um,1.353507014028056e+16,266.53740558804026,1
BOX,medium BOX: $t_b=2$ um,1.3565130260521042e+16,266.53740558804026,1
BOX,medium BOX: $t_b=2$ um,1.3595190380761522e+16,266.53740558804026,1
BOX,medium BOX: $t_b=2$ um,1.3625250501002004e+16,266.53740558804026,1
BOX,medium BOX: $t_b=2$ um,1.3655310621242484e+16,266.53740558804026,1
BOX,medium BOX: $t_b=2$ um,1.3685370741482966e+16,136.2435413852384,0
BOX,medium BOX: $t_b=2$ um,1.3715430861723446e+16,136.02587595604993,0
BOX,medium BOX: $t_b=2$ um,1.3745490981963928e+16,135.8090202110986,0
BOX,medium BOX: $t_b=2$ um,1.3775551102204408e+16,135.5929694274226,0
BOX,medium BOX: $t_b=2$ um,1.380561122244489e+16,135.37771891954822,0
BOX,medium BOX: $t_b=2$ um,1.383567134268537e+16,135.16326403911341,0
BOX,medium BOX: $t_b=2$ um,1.3865731462925852e+16,134.94960017449654,0
BOX,medium BOX: $t_b=2$ um,1.3895791583166332e+16,134.73672275044913,0
BOX,medium BOX: $t_b=2$ um,1.3925851703406814e+16,134.52462722773336,0
BOX,medium BOX: $t_b=2$ um,1.3955911823647294e+16,134.31330910276367,0
BOX,medium BOX: $t_b=2$ um,1.3985971943887776e+16,134.1027639072529,0
BOX,medium BOX: $t_b=2$ um,1.4016032064128256e+16,133.89298720786266,0
BOX,medium BOX: $t_b=2$ um,1.4046092184368738e+16,133.6839746058576,0
BOX,medium BOX: $t_b=2$ um,1.4076152304609218e+16,133.47572173676417,0
BOX,medium BOX: $t_b=2$ um,1.4106212424849698e+16,133.2682242700332,0
BOX,medium BOX: $t_b=2$ um,1.413627254509018e+16,133.06147790870673,0
BOX,medium BOX: $t_b=2$ um,1.416633266533066e+16,132.85547838908843,0
BOX,medium BOX: $t_b=2$ um,1.4196392785571142e+16,132.65022148041842,0
BOX,medium BOX: $t_b=2$ um,1.4226452905811622e+16,132.4457029845513,0
BOX,medium BOX: $t_b=2$ um,1.4256513026052104e+16,132.24191873563868,0
BOX,medium BOX: $t_b=2$ um,1.4286573146292584e+16,132.0388645998149,0
BOX,medium BOX: $t_b=2$ um,1.4316633266533066e+16,131.83653647488669,0
BOX,medium BOX: $t_b=2$ um,1.4346693386773546e+16,131.6349302900265,0
BOX,medium BOX: $t_b=2$ um,1.4376753507014028e+16,131.43404200546914,0
BOX,medium BOX: $t_b=2$ um,1.4406813627254508e+16,131.23386761221244,0
BOX,medium BOX: $t_b=2$ um,1.443687374749499e+16,131.0344031317209,0
BOX,medium BOX: $t_b=2$ um,1.446693386773547e+16,130.83564461563302,0
BOX,medium BOX: $t_b=2$ um,1.4496993987975952e+16,130.6375881454722,0
BOX,medium BOX: $t_b=2$ um,1.4527054108216432e+16,130.4402298323606,0
BOX,medium BOX: $t_b=2$ um,1.4557114228456914e+16,130.2435658167366,0
BOX,medium BOX: $t_b=2$ um,1.4587174348697394e+16,130.04759226807548,0
BOX,medium BOX: $t_b=2$ um,1.4617234468937876e+16,129.85230538461306,0
BOX,medium BOX: $t_b=2$ um,1.4647294589178356e+16,129.65770139307295,0
BOX,medium BOX: $t_b=2$ um,1.4677354709418838e+16,129.46377654839662,0
BOX,medium BOX: $t_b=2$ um,1.4707414829659318e+16,129.27052713347658,0
BOX,medium BOX: $t_b=2$ um,1.47374749498998e+16,129.07794945889273,0
BOX,medium BOX: $t_b=2$ um,1.476753507014028e+16,128.8860398626516,0
BOX,medium BOX: $t_b=2$ um,1.4797595190380762e+16,128.6947947099287,0
BOX,medium BOX: $t_b=2$ um,1.4827655310621242e+16,128.50421039281352,0
BOX,medium BOX: $t_b=2$ um,1.4857715430861722e+16,128.31428333005783,0
BOX,medium BOX: $t_b=2$ um,1.4887775551102204e+16,128.12500996682635,0
BOX,medium BOX: $t_b=2$ um,1.4917835671342684e+16,127.93638677445075,0
BOX,medium BOX: $t_b=2$ um,1.4947895791583166e+16,127.74841025018596,0
BOX,medium BOX: $t_b=2$ um,1.4977955911823646e+16,127.56107691696936,0
BOX,medium BOX: $t_b=2$ um,1.5008016032064128e+16,127.37438332318297,0
BOX,medium BOX: $t_b=2$ um,1.5038076152304608e+16,127.18832604241784,0
BOX,medium BOX: $t_b=2$ um,1.506813627254509e+16,127.0029016732414,0
BOX,medium BOX: $t_b=2$ um,1.509819639278557e+16,126.81810683896725,0
BOX,medium BOX: $t_b=2$ um,1.5128256513026052e+16,126.63393818742752,0
BOX,medium BOX: $t_b=2$ um,1.5158316633266532e+16,126.4503923907479,0
BOX,medium BOX: $t_b=2$ um,1.5188376753507014e+16,126.26746614512497,0
BOX,medium BOX: $t_b=2$ um,1.5218436873747494e+16,126.08515617060623,0
BOX,medium BOX: $t_b=2$ um,1.5248496993987976e+16,125.90345921087214,0
BOX,medium BOX: $t_b=2$ um,1.5278557114228456e+16,125.72237203302119,0
BOX,medium BOX: $t_b=2$ um,1.5308617234468938e+16,125.54189142735669,0
BOX,medium BOX: $t_b=2$ um,1.5338677354709418e+16,125.36201420717641,0
BOX,medium BOX: $t_b=2$ um,1.53687374749499e+16,125.18273720856416,0
BOX,medium BOX: $t_b=2$ um,1.539879759519038e+16,125.00405729018395,0
BOX,medium BOX: $t_b=2$ um,1.5428857715430862e+16,124.82597133307611,0
BOX,medium BOX: $t_b=2$ um,1.5458917835671342e+16,124.6484762404559,0
BOX,medium BOX: $t_b=2$ um,1.5488977955911824e+16,124.47156893751416,0
BOX,medium BOX: $t_b=2$ um,1.5519038076152304e+16,124.29524637122,0
BOX,medium BOX: $t_b=2$ um,1.5549098196392786e+16,124.11950551012609,0
BOX,medium BOX: $t_b=2$ um,1.5579158316633266e+16,123.94434334417544,0
BOX,medium BOX: $t_b=2$ um,1.5609218436873748e+16,123.76975688451077,0
BOX,medium BOX: $t_b=2$ um,1.5639278557114228e+16,123.5957431632857,0
BOX,medium BOX: $t_b=2$ um,1.5669338677354708e+16,123.42229923347789,0
BOX,medium BOX: $t_b=2$ um,1.569939879759519e+16,123.24942216870454,0
BOX,medium BOX: $t_b=2$ um,1.572945891783567e+16,123.07710906303943,0
BOX,medium BOX: $t_b=2$ um,1.5759519038076152e+16,122.9053570308322,0
BOX,medium BOX: $t_b=2$ um,1.5789579158316632e+16,122.73416320652954,0
BOX,medium BOX: $t_b=2$ um,1.5819639278557114e+16,122.56352474449808,0
BOX,medium BOX: $t_b=2$ um,1.5849699398797594e+16,122.39343881884946,0
BOX,medium BOX: $t_b=2$ um,1.5879759519038076e+16,122.22390262326712,0
BOX,medium BOX: $t_b=2$ um,1.5909819639278556e+16,122.05491337083474,0
BOX,medium BOX: $t_b=2$ um,1.5939879759519038e+16,121.88646829386683,0
BOX,medium BOX: $t_b=2$ um,1.5969939879759518e+16,121.71856464374095,0
BOX,medium BOX: $t_b=2$ um,1.6e+16,121.55119969073161,0
BOX,high BOX: $t_b=4$ um,1000000000000000.0,317.92789972924385,1
BOX,high BOX: $t_b=4$ um,1030060120240481.0,318.67617720921135,1
BOX,high BOX: $t_b=4$ um,1060120240480961.9,319.42445347705956,1
BOX,high BOX: $t_b=4$ um,1090180360721442.9,320.17272845607516,1
BOX,high BOX: $t_b=4$ um,1120240480961923.9,320.9210020638026,1
BOX,high BOX: $t_b=4$ um,1150300601202404.8,321.6692742117258,1
BOX,high BOX: $t_b=4$ um,1180360721442885.8,322.4175448049374,1
BOX,high BOX: $t_b=4$ um,1210420841683366.8,323.16581374179725,1
BOX,high BOX: $t_b=4$ um,1240480961923847.8,323.91408091357783,1
BOX,high BOX: $t_b=4$ um,1270541082164328.8,324.66234620409807,1
BOX,high BOX: $t_b=4$ um,1300601202404809.5,325.41060948934467,1
BOX,high BOX: $t_b=4$ um,1330661322645290.5,326.1588706370804,1
BOX,high BOX: $t_b=4$ um,1360721442885771.5,326.9071295064402,1
BOX,high BOX: $t_b=4$ um,1390781563126252.5,327.65538594751337,1
BOX,high BOX: $t_b=4$ um,1420841683366733.5,328.40363980091354,1
BOX,high BOX: $t_b=4$ um,1450901803607214.5,329.15189089733406,1
BOX,high BOX: $t_b=4$ um,1480961923847695.5,329.90013905709037,1
BOX,high BOX: $t_b=4$ um,1511022044088176.2,330.64838408964823,1
BOX,high BOX: $t_b=4$ um,1541082164328657.2,331.39662579313836,1
BOX,high BOX: $t_b=4$ um,1571142284569138.2,332.1448639538557,1
BOX,high BOX: $t_b=4$ um,1601202404809619.2,332.8930983457451,1
BOX,high BOX: $t_b=4$ um,1631262525050100.0,333.64132872987193,1
BOX,high BOX: $t_b=4$ um,1661322645290581.0,334.38955485387754,1
BOX,high BOX: $t_b=4$ um,1691382765531062.0,335.13777645142017,1
BOX,high BOX: $t_b=4$ um,1721442885771543.0,335.8859932415995,1
BOX,high BOX: $t_b=4$ um,1751503006012024.0,336.6342049283668,1
BOX,high BOX: $t_b=4$ um,1781563126252505.0,337.3824111999182,1
BOX,high BOX: $t_b=4$ um,1811623246492986.0,338.1306117280728,1
BOX,high BOX: $t_b=4$ um,1841683366733467.0,338.8788061676338,1
BOX,high BOX: $t_b=4$ um,1871743486973948.0,339.6269941557341,1
BOX,high BOX: $t_b=4$ um,1901803607214429.0,340.3751753111645,1
BOX,high BOX: $t_b=4$ um,1931863727454909.8,341.1233492336851,1
BOX,high BOX: $t_b=4$ um,1961923847695390.8,341.87151550332,1
BOX,high BOX: $t_b=4$ um,1991983967935871.8,342.619673679635,1
BOX,high BOX: $t_b=4$ um,2022044088176352.5,343.3678233009963,1
BOX,high BOX: $t_b=4$ um,2052104208416833.5,344.11596388381366,1
BOX,high BOX: $t_b=4$ um,2082164328657314.5,344.86409492176347,1
BOX,high BOX: $t_b=4$ um,2112224448897795.5,345.6122158849957,1
BOX,high BOX: $t_b=4$ um,2142284569138276.5,346.3603262193203,1
BOX,high BOX: $t_b=4$ um,2172344689378757.5,347.1084253453774,1
BOX,high BOX: $t_b=4$ um,2202404809619238.5,347.85651265778637,1
BOX,high BOX: $t_b=4$ um,2232464929859719.5,348.60458752427775,1
BOX,high BOX: $t_b=4$ um,2262525050100200.0,349.3526492848045,1
BOX,high BOX: $t_b=4$ um,2292585170340681.0,350.10069725063516,1
BOX,high BOX: $t_b=4$ um,2322645290581162.0,350.84873070342553,1
BOX,high BOX: $t_b=4$ um,2352705410821643.0,351.5967488942722,1
BOX,high BOX: $t_b=4$ um,2382765531062124.0,352.34475104274503,1
BOX,high BOX: $t_b=4$ um,2412825651302605.0,353.092736335899,1
BOX,high BOX: $t_b=4$ um,2442885771543086.0,353.8407039272662,1
BOX,high BOX: $t_b=4$ um,2472945891783567.0,354.58865293582625,1
BOX,high BOX: $t_b=4$ um,2503006012024048.0,355.33658244495615,1
BOX,high BOX: $t_b=4$ um,2533066132264529.0,356.08449150135857,1
BOX,high BOX: $t_b=4$ um,2563126252505010.0,356.8323791139687,1
BOX,high BOX: $t_b=4$ um,2593186372745491.0,357.58024425283895,1
BOX,high BOX: $t_b=4$ um,2623246492985972.0,358.32808584800193,1
BOX,high BOX: $t_b=4$ um,2653306613226453.0,359.0759027883115,1
BOX,high BOX: $t_b=4$ um,2683366733466934.0,359.82369392026027,1
BOX,high BOX: $t_b=4$ um,2713426853707415.0,360.5714580467751,1
BOX,high BOX: $t_b=4$ um,2743486973947896.0,361.3191939259894,1
BOX,high BOX: $t_b=4$ um,2773547094188377.0,362.06690026999235,1
BOX,high BOX: $t_b=4$ um,2803607214428858.0,362.81457574355346,1
BOX,high BOX: $t_b=4$ um,2833667334669338.5,363.5622189628249,1
BOX,high BOX: $t_b=4$ um,2863727454909819.5,364.3098284940188,1
BOX,high BOX: $t_b=4$ um,2893787575150300.5,365.05740285205985,1
BOX,high BOX: $t_b=4$ um,2923847695390781.5,365.8049404992143,1
BOX,high BOX: $t_b=4$ um,2953907815631262.5,366.5524398436931,1
BOX,high BOX: $t_b=4$ um,2983967935871743.5,367.29989923823024,1
BOX,high BOX: $t_b=4$ um,3014028056112224.5,368.0473169786359,1
BOX,high BOX: $t_b=4$ um,3044088176352705.0,368.79469130232275,1
BOX,high BOX: $t_b=4$ um,3074148296593186.0,369.54202038680745,1
BOX,high BOX: $t_b=4$ um,3104208416833667.0,370.2893023481847,1
BOX,high BOX: $t_b=4$ um,3134268537074148.0,371.0365352395754,1
BOX,high BOX: $t_b=4$ um,3164328657314629.0,371.7837170495468,1
BOX,high BOX: $t_b=4$ um,3194388777555110.0,372.53084570050646,1
BOX,high BOX: $t_b=4$ um,3224448897795591.0,373.27791904706754,1
BOX,high BOX: $t_b=4$ um,3254509018036072.0,374.02493487438636,1
BOX,high BOX: $t_b=4$ um,3284569138276553.0,374.77189089647175,1
BOX,high BOX: $t_b=4$ um,3314629258517034.0,375.5187847544655,1
BOX,high BOX: $t_b=4$ um,3344689378757515.0,376.2656140148939,1
BOX,high BOX: $t_b=4$ um,3374749498997996.0,377.0123761678892,1
BOX,high BOX: $t_b=4$ um,3404809619238477.0,377.75906862538193,1
BOX,high BOX: $t_b=4$ um,3434869739478958.0,378.50568871926237,1
BOX,high BOX: $t_b=4$ um,3464929859719439.0,379.25223369951226,1
BOX,high BOX: $t_b=4$ um,3494989979959920.0,379.99870073230386,1
BOX,high BOX: $t_b=4$ um,3525050100200400.5,380.7450868980691,1
BOX,high BOX: $t_b=4$ um,3555110220440881.5,381.491389189536,1
BOX,high BOX: $t_b=4$ um,3585170340681362.5,382.23760450973253,1
BOX,high BOX: $t_b=4$ um,3615230460921843.5,382.9837296699582,1
BOX,high BOX: $t_b=4$ um,3645290581162324.5,383.72976138772196,1
BOX,high BOX: $t_b=4$ um,3675350701402805.5,384.475696284646,1
BOX,high BOX: $t_b=4$ um,3705410821643286.5,385.2215308843357,1
BOX,high BOX: $t_b=4$ um,3735470941883767.5,385.9672616102147,1
BOX,high BOX: $t_b=4$ um,3765531062124248.5,386.71288478332366,1
BOX,high BOX: $t_b=4$ um,3795591182364729.5,387.45839662008484,1
BOX,high BOX: $t_b=4$ um,3825651302605210.5,388.20379323002805,1
BOX,high BOX: $t_b=4$ um,3855711422845691.5,388.9490706134809,1
BOX,high BOX: $t_b=4$ um,3885771543086172.0,389.69422465922116,1
BOX,high BOX: $t_b=4$ um,3915831663326653.0,390.4392511420896,1
BOX,high BOX: $t_b=4$ um,3945891783567134.0,391.18414572056525,1
BOX,high BOX: $t_b=4$ um,3975951903807615.0,391.9289039343004,1
BOX,high BOX: $t_b=4$ um,4006012024048096.0,392.6735212016145,1
BOX,high BOX: $t_b=4$ um,4036072144288577.0,393.41799281694773,1
BOX,high BOX: $t_b=4$ um,4066132264529058.0,394.1623139482722,1
BOX,high BOX: $t_b=4$ um,4096192384769539.0,394.9064796344612,1
BOX,high BOX: $t_b=4$ um,4126252505010020.0,395.65048478261366,1
BOX,high BOX: $t_b=4$ um,4156312625250501.0,396.3943241653352,1
BOX,high BOX: $t_b=4$ um,4186372745490982.0,397.1379924179737,1
BOX,high BOX: $t_b=4$ um,4216432865731463.0,397.8814840358091,1
BOX,high BOX: $t_b=4$ um,4246492985971944.0,398.62479337119515,1
BOX,high BOX: $t_b=4$ um,4276553106212424.5,399.36791463065447,1
BOX,high BOX: $t_b=4$ um,4306613226452905.5,400.1108418719234,1
BOX,high BOX: $t_b=4$ um,4336673346693386.5,400.8535690009475,1
BOX,high BOX: $t_b=4$ um,4366733466933867.5,401.59608976882566,1
BOX,high BOX: $t_b=4$ um,4396793587174348.5,402.33839776870195,1
BOX,high BOX: $t_b=4$ um,4426853707414829.5,403.0804864326036,1
BOX,high BOX: $t_b=4$ um,4456913827655310.5,403.82234902822535,1
BOX,high BOX: $t_b=4$ um,4486973947895791.5,404.5639786556565,1
BOX,high BOX: $t_b=4$ um,4517034068136272.0,405.30536824405203,1
BOX,high BOX: $t_b=4$ um,4547094188376754.0,406.04651054824416,1
BOX,high BOX: $t_b=4$ um,4577154308617234.0,406.7873981452944,1
BOX,high BOX: $t_b=4$ um,4607214428857716.0,407.52802343098364,1
BOX,high BOX: $t_b=4$ um,4637274549098196.0,408.26837861624017,1
BOX,high BOX: $t_b=4$ um,4667334669338677.0,409.0084557235019,1
BOX,high BOX: $t_b=4$ um,4697394789579158.0,409.7482465830133,1
BOX,high BOX: $t_b=4$ um,4727454909819639.0,410.487742829054,1
BOX,high BOX: $t_b=4$ um,4757515030060120.0,411.2269358960973,1
BOX,high BOX: $t_b=4$ um,4787575150300601.0,411.9658170148978,1
BOX,high BOX: $t_b=4$ um,4817635270541082.0,412.70437720850526,1
BOX,high BOX: $t_b=4$ um,4847695390781563.0,413.4426072882022,1
BOX,high BOX: $t_b=4$ um,4877755511022044.0,414.1804978493652,1
BOX,high BOX: $t_b=4$ um,4907815631262525.0,414.9180392672458,1
BOX,high BOX: $t_b=4$ um,4937875751503006.0,415.6552216926682,1
BOX,high BOX: $t_b=4$ um,4967935871743487.0,416.39203504764515,1
BOX,high BOX: $t_b=4$ um,4997995991983968.0,417.1284690209045,1
BOX,high BOX: $t_b=4$ um,5028056112224449.0,417.86451306332765,1
BOX,high BOX: $t_b=4$ um,5058116232464930.0,418.600156383296,1
BOX,high BOX: $t_b=4$ um,5088176352705410.0,419.33538794194203,1
BOX,high BOX: $t_b=4$ um,5118236472945892.0,420.07019644830314,1
BOX,high BOX: $t_b=4$ um,5148296593186372.0,420.80457035437496,1
BOX,high BOX: $t_b=4$ um,5178356713426854.0,421.5384978500605,1
BOX,high BOX: $t_b=4$ um,5208416833667334.0,422.27196685801255,1
BOX,high BOX: $t_b=4$ um,5238476953907816.0,423.00496502836603,1
BOX,high BOX: $t_b=4$ um,5268537074148296.0,423.7374797333558,1
BOX,high BOX: $t_b=4$ um,5298597194388778.0,424.46949806181783,1
BOX,high BOX: $t_b=4$ um,5328657314629258.0,425.20100681356803,1
BOX,high BOX: $t_b=4$ um,5358717434869740.0,425.93199249365665,1
BOX,high BOX: $t_b=4$ um,5388777555110220.0,426.6624413064928,1
BOX,high BOX: $t_b=4$ um,5418837675350702.0,427.39233914983555,1
BOX,high BOX: $t_b=4$ um,5448897795591182.0,428.12167160864624,1
BOX,high BOX: $t_b=4$ um,5478957915831663.0,428.8504239487987,1
BOX,high BOX: $t_b=4$ um,5509018036072144.0,429.5785811106409,1
BOX,high BOX: $t_b=4$ um,5539078156312625.0,430.3061277024041,1
BOX,high BOX: $t_b=4$ um,5569138276553106.0,431.0330479934539,1
BOX,high BOX: $t_b=4$ um,5599198396793587.0,431.7593259073774,1
BOX,high BOX: $t_b=4$ um,5629258517034068.0,432.484945014901,1
BOX,high BOX: $t_b=4$ um,5659318637274549.0,433.2098885266325,1
BOX,high BOX: $t_b=4$ um,5689378757515030.0,433.93413928562205,1
BOX,high BOX: $t_b=4$ um,5719438877755511.0,434.6576797597337,1
BOX,high BOX: $t_b=4$ um,5749498997995992.0,435.3804920338229,1
BOX,high BOX: $t_b=4$ um,5779559118236473.0,436.10255780171127,1
BOX,high BOX: $t_b=4$ um,5809619238476954.0,436.8238583579513,1
BOX,high BOX: $t_b=4$ um,5839679358717435.0,437.54437458937394,1
BOX,high BOX: $t_b=4$ um,5869739478957916.0,438.2640869664109,1
BOX,high BOX: $t_b=4$ um,5899799599198397.0,438.9829755341822,1
BOX,high BOX: $t_b=4$ um,5929859719438878.0,439.7010199033409,1
BOX,high BOX: $t_b=4$ um,5959919839679359.0,440.4181992406659,1
BOX,high BOX: $t_b=4$ um,5989979959919840.0,441.13449225939286,1
BOX,high BOX: $t_b=4$ um,6020040080160320.0,441.84987720927273,1
BOX,high BOX: $t_b=4$ um,6050100200400801.0,442.5643318663483,1
BOX,high BOX: $t_b=4$ um,6080160320641282.0,443.2778335224364,1
BOX,high BOX: $t_b=4$ um,6110220440881763.0,443.9903589743061,1
BOX,high BOX: $t_b=4$ um,6140280561122244.0,444.7018845125381,1
BOX,high BOX: $t_b=4$ um,6170340681362725.0,445.1937338384512,1
BOX,high BOX: $t_b=4$ um,6200400801603206.0,445.1937338384512,1
BOX,high BOX: $t_b=4$ um,6230460921843687.0,445.1937338384512,1
BOX,high BOX: $t_b=4$ um,6260521042084168.0,445.1937338384512,1
BOX,high BOX: $t_b=4$ um,6290581162324649.0,445.1937338384512,1
BOX,high BOX: $t_b=4$ um,6320641282565130.0,445.1937338384512,1
BOX,high BOX: $t_b=4$ um,6350701402805611.0,445.1937338384512,1
BOX,high BOX: $t_b=4$ um,6380761523046092.0,445.1937338384512,1
BOX,high BOX: $t_b=4$ um,6410821643286573.0,445.1937338384512,1
BOX,high BOX: $t_b=4$ um,6440881763527054.0,445.1937338384512,1
BOX,high BOX: $t_b=4$ um,6470941883767535.0,445.1937338384512,1
BOX,high BOX: $t_b=4$ um,6501002004008016.0,445.1937338384512,1
BOX,high BOX: $t_b=4$ um,6531062124248497.0,445.1937338384512,1
BOX,high BOX: $t_b=4$ um,6561122244488978.0,445.1937338384512,1
BOX,high BOX: $t_b=4$ um,6591182364729459.0,445.1937338384512,1
BOX,high BOX: $t_b=4$ um,6621242484969940.0,445.1937338384512,1
BOX,high BOX: $t_b=4$ um,6651302605210421.0,445.1937338384512,1
BOX,high BOX: $t_b=4$ um,6681362725450902.0,445.1937338384512,1
BOX,high BOX: $t_b=4$ um,6711422845691383.0,445.1937338384512,1
BOX,high BOX: $t_b=4$ um,6741482965931864.0,445.1937338384512,1
BOX,high BOX: $t_b=4$ um,6771543086172344.0,445.1937338384512,1
BOX,high BOX: $t_b=4$ um,6801603206412825.0,445.1937338384512,1
BOX,high BOX: $t_b=4$ um,6831663326653306.0,445.1937338384512,1
BOX,high BOX: $t_b=4$ um,6861723446893787.0,445.1937338384512,1
BOX,high BOX: $t_b=4$ um,6891783567134268.0,445.1937338384512,1
BOX,high BOX: $t_b=4$ um,6921843687374749.0,445.1937338384512,1
BOX,high BOX: $t_b=4$ um,6951903807615230.0,445.1937338384512,1
BOX,high BOX: $t_b=4$ um,6981963927855711.0,445.1937338384512,1
BOX,high BOX: $t_b=4$ um,7012024048096192.0,445.1937338384512,1
BOX,high BOX: $t_b=4$ um,7042084168336673.0,445.1937338384512,1
BOX,high BOX: $t_b=4$ um,7072144288577154.0,445.1937338384512,1
BOX,high BOX: $t_b=4$ um,7102204408817635.0,445.1937338384512,1
BOX,high BOX: $t_b=4$ um,7132264529058116.0,445.1937338384512,1
BOX,high BOX: $t_b=4$ um,7162324649298597.0,445.1937338384512,1
BOX,high BOX: $t_b=4$ um,7192384769539078.0,445.1937338384512,1
BOX,high BOX: $t_b=4$ um,7222444889779559.0,445.1937338384512,1
BOX,high BOX: $t_b=4$ um,7252505010020040.0,445.1937338384512,1
BOX,high BOX: $t_b=4$ um,7282565130260521.0,445.1937338384512,1
BOX,high BOX: $t_b=4$ um,7312625250501002.0,445.1937338384512,1
BOX,high BOX: $t_b=4$ um,7342685370741483.0,445.1937338384512,1
BOX,high BOX: $t_b=4$ um,7372745490981964.0,445.1937338384512,1
BOX,high BOX: $t_b=4$ um,7402805611222445.0,445.1937338384512,1
BOX,high BOX: $t_b=4$ um,7432865731462926.0,445.1937338384512,1
BOX,high BOX: $t_b=4$ um,7462925851703407.0,445.1937338384512,1
BOX,high BOX: $t_b=4$ um,7492985971943888.0,445.1937338384512,1
BOX,high BOX: $t_b=4$ um,7523046092184369.0,445.1937338384512,1
BOX,high BOX: $t_b=4$ um,7553106212424849.0,445.1937338384512,1
BOX,high BOX: $t_b=4$ um,7583166332665330.0,445.1937338384512,1
BOX,high BOX: $t_b=4$ um,7613226452905811.0,445.1937338384512,1
BOX,high BOX: $t_b=4$ um,7643286573146292.0,445.1937338384512,1
BOX,high BOX: $t_b=4$ um,7673346693386773.0,445.1937338384512,1
BOX,high BOX: $t_b=4$ um,7703406813627254.0,445.1937338384512,1
BOX,high BOX: $t_b=4$ um,7733466933867735.0,445.1937338384512,1
BOX,high BOX: $t_b=4$ um,7763527054108216.0,445.1937338384512,1
BOX,high BOX: $t_b=4$ um,7793587174348697.0,445.1937338384512,1
BOX,high BOX: $t_b=4$ um,7823647294589178.0,445.1937338384512,1
BOX,high BOX: $t_b=4$ um,7853707414829659.0,445.1937338384512,1
BOX,high BOX: $t_b=4$ um,7883767535070140.0,445.1937338384512,1
BOX,high BOX: $t_b=4$ um,7913827655310621.0,445.1937338384512,1
BOX,high BOX: $t_b=4$ um,7943887775551102.0,445.1937338384512,1
BOX,high BOX: $t_b=4$ um,7973947895791583.0,445.1937338384512,1
BOX,high BOX: $t_b=4$ um,8004008016032064.0,445.1937338384512,1
BOX,high BOX: $t_b=4$ um,8034068136272545.0,445.1937338384512,1
BOX,high BOX: $t_b=4$ um,8064128256513026.0,445.1937338384512,1
BOX,high BOX: $t_b=4$ um,8094188376753507.0,445.1937338384512,1
BOX,high BOX: $t_b=4$ um,8124248496993988.0,445.1937338384512,1
BOX,high BOX: $t_b=4$ um,8154308617234469.0,445.1937338384512,1
BOX,high BOX: $t_b=4$ um,8184368737474950.0,445.1937338384512,1
BOX,high BOX: $t_b=4$ um,8214428857715431.0,445.1937338384512,1
BOX,high BOX: $t_b=4$ um,8244488977955912.0,445.1937338384512,1
BOX,high BOX: $t_b=4$ um,8274549098196393.0,445.1937338384512,1
BOX,high BOX: $t_b=4$ um,8304609218436874.0,445.1937338384512,1
BOX,high BOX: $t_b=4$ um,8334669338677354.0,445.1937338384512,1
BOX,high BOX: $t_b=4$ um,8364729458917835.0,445.1937338384512,1
BOX,high BOX: $t_b=4$ um,8394789579158316.0,445.1937338384512,1
BOX,high BOX: $t_b=4$ um,8424849699398797.0,445.1937338384512,1
BOX,high BOX: $t_b=4$ um,8454909819639278.0,445.1937338384512,1
BOX,high BOX: $t_b=4$ um,8484969939879759.0,445.1937338384512,1
BOX,high BOX: $t_b=4$ um,8515030060120240.0,445.1937338384512,1
BOX,high BOX: $t_b=4$ um,8545090180360721.0,445.1937338384512,1
BOX,high BOX: $t_b=4$ um,8575150300601202.0,445.1937338384512,1
BOX,high BOX: $t_b=4$ um,8605210420841683.0,445.1937338384512,1
BOX,high BOX: $t_b=4$ um,8635270541082164.0,445.1937338384512,1
BOX,high BOX: $t_b=4$ um,8665330661322645.0,445.1937338384512,1
BOX,high BOX: $t_b=4$ um,8695390781563126.0,445.1937338384512,1
BOX,high BOX: $t_b=4$ um,8725450901803607.0,445.1937338384512,1
BOX,high BOX: $t_b=4$ um,8755511022044088.0,445.1937338384512,1
BOX,high BOX: $t_b=4$ um,8785571142284569.0,445.1937338384512,1
BOX,high BOX: $t_b=4$ um,8815631262525050.0,445.1937338384512,1
BOX,high BOX: $t_b=4$ um,8845691382765531.0,445.1937338384512,1
BOX,high BOX: $t_b=4$ um,8875751503006012.0,445.1937338384512,1
BOX,high BOX: $t_b=4$ um,8905811623246493.0,445.1937338384512,1
BOX,high BOX: $t_b=4$ um,8935871743486974.0,445.1937338384512,1
BOX,high BOX: $t_b=4$ um,8965931863727455.0,445.1937338384512,1
BOX,high BOX: $t_b=4$ um,8995991983967936.0,445.1937338384512,1
BOX,high BOX: $t_b=4$ um,9026052104208416.0,445.1937338384512,1
BOX,high BOX: $t_b=4$ um,9056112224448898.0,445.1937338384512,1
BOX,high BOX: $t_b=4$ um,9086172344689378.0,445.1937338384512,1
BOX,high BOX: $t_b=4$ um,9116232464929860.0,445.1937338384512,1
BOX,high BOX: $t_b=4$ um,9146292585170340.0,445.1937338384512,1
BOX,high BOX: $t_b=4$ um,9176352705410820.0,445.1937338384512,1
BOX,high BOX: $t_b=4$ um,9206412825651302.0,445.1937338384512,1
BOX,high BOX: $t_b=4$ um,9236472945891784.0,445.1937338384512,1
BOX,high BOX: $t_b=4$ um,9266533066132264.0,445.1937338384512,1
BOX,high BOX: $t_b=4$ um,9296593186372744.0,445.1937338384512,1
BOX,high BOX: $t_b=4$ um,9326653306613226.0,445.1937338384512,1
BOX,high BOX: $t_b=4$ um,9356713426853708.0,445.1937338384512,1
BOX,high BOX: $t_b=4$ um,9386773547094188.0,445.1937338384512,1
BOX,high BOX: $t_b=4$ um,9416833667334668.0,445.1937338384512,1
BOX,high BOX: $t_b=4$ um,9446893787575150.0,445.1937338384512,1
BOX,high BOX: $t_b=4$ um,9476953907815632.0,445.1937338384512,1
BOX,high BOX: $t_b=4$ um,9507014028056112.0,445.1937338384512,1
BOX,high BOX: $t_b=4$ um,9537074148296592.0,445.1937338384512,1
BOX,high BOX: $t_b=4$ um,9567134268537074.0,445.1937338384512,1
BOX,high BOX: $t_b=4$ um,9597194388777556.0,445.1937338384512,1
BOX,high BOX: $t_b=4$ um,9627254509018036.0,445.1937338384512,1
BOX,high BOX: $t_b=4$ um,9657314629258516.0,445.1937338384512,1
BOX,high BOX: $t_b=4$ um,9687374749498998.0,445.1937338384512,1
BOX,high BOX: $t_b=4$ um,9717434869739480.0,445.1937338384512,1
BOX,high BOX: $t_b=4$ um,9747494989979960.0,445.1937338384512,1
BOX,high BOX: $t_b=4$ um,9777555110220440.0,445.1937338384512,1
BOX,high BOX: $t_b=4$ um,9807615230460922.0,445.1937338384512,1
BOX,high BOX: $t_b=4$ um,9837675350701404.0,445.1937338384512,1
BOX,high BOX: $t_b=4$ um,9867735470941884.0,445.1937338384512,1
BOX,high BOX: $t_b=4$ um,9897795591182364.0,445.1937338384512,1
BOX,high BOX: $t_b=4$ um,9927855711422844.0,445.1937338384512,1
BOX,high BOX: $t_b=4$ um,9957915831663326.0,445.1937338384512,1
BOX,high BOX: $t_b=4$ um,9987975951903808.0,445.1937338384512,1
BOX,high BOX: $t_b=4$ um,1.0018036072144288e+16,445.1937338384512,1
BOX,high BOX: $t_b=4$ um,1.004809619238477e+16,445.1937338384512,1
BOX,high BOX: $t_b=4$ um,1.007815631262525e+16,445.1937338384512,1
BOX,high BOX: $t_b=4$ um,1.0108216432865732e+16,445.1937338384512,1
BOX,high BOX: $t_b=4$ um,1.0138276553106212e+16,445.1937338384512,1
BOX,high BOX: $t_b=4$ um,1.0168336673346694e+16,445.1937338384512,1
BOX,high BOX: $t_b=4$ um,1.0198396793587174e+16,445.1937338384512,1
BOX,high BOX: $t_b=4$ um,1.0228456913827656e+16,445.1937338384512,1
BOX,high BOX: $t_b=4$ um,1.0258517034068136e+16,445.1937338384512,1
BOX,high BOX: $t_b=4$ um,1.0288577154308616e+16,445.1937338384512,1
BOX,high BOX: $t_b=4$ um,1.0318637274549098e+16,445.1937338384512,1
BOX,high BOX: $t_b=4$ um,1.0348697394789578e+16,445.1937338384512,1
BOX,high BOX: $t_b=4$ um,1.037875751503006e+16,445.1937338384512,1
BOX,high BOX: $t_b=4$ um,1.040881763527054e+16,445.1937338384512,1
BOX,high BOX: $t_b=4$ um,1.0438877755511022e+16,445.1937338384512,1
BOX,high BOX: $t_b=4$ um,1.0468937875751502e+16,445.1937338384512,1
BOX,high BOX: $t_b=4$ um,1.0498997995991984e+16,445.1937338384512,1
BOX,high BOX: $t_b=4$ um,1.0529058116232464e+16,445.1937338384512,1
BOX,high BOX: $t_b=4$ um,1.0559118236472946e+16,445.1937338384512,1
BOX,high BOX: $t_b=4$ um,1.0589178356713426e+16,445.1937338384512,1
BOX,high BOX: $t_b=4$ um,1.0619238476953908e+16,445.1937338384512,1
BOX,high BOX: $t_b=4$ um,1.0649298597194388e+16,443.93229280351915,1
BOX,high BOX: $t_b=4$ um,1.067935871743487e+16,431.9398774443458,1
BOX,high BOX: $t_b=4$ um,1.070941883767535e+16,415.0671854290858,1
BOX,high BOX: $t_b=4$ um,1.0739478957915832e+16,391.06870403030354,1
BOX,high BOX: $t_b=4$ um,1.0769539078156312e+16,360.4485375841183,1
BOX,high BOX: $t_b=4$ um,1.0799599198396794e+16,327.2164175614203,1
BOX,high BOX: $t_b=4$ um,1.0829659318637274e+16,293.60938314202144,1
BOX,high BOX: $t_b=4$ um,1.0859719438877756e+16,161.15599234098167,0
BOX,high BOX: $t_b=4$ um,1.0889779559118236e+16,160.83406515468943,0
BOX,high BOX: $t_b=4$ um,1.0919839679358718e+16,160.5136345158764,0
BOX,high BOX: $t_b=4$ um,1.0949899799599198e+16,160.19468952104276,0
BOX,high BOX: $t_b=4$ um,1.097995991983968e+16,159.8772193747303,0
BOX,high BOX: $t_b=4$ um,1.101002004008016e+16,159.56121338816982,0
BOX,high BOX: $t_b=4$ um,1.104008016032064e+16,159.2466609779492,0
BOX,high BOX: $t_b=4$ um,1.1070140280561122e+16,158.93355166470144,0
BOX,high BOX: $t_b=4$ um,1.1100200400801602e+16,158.62187507181233,0
BOX,high BOX: $t_b=4$ um,1.1130260521042084e+16,158.3116209241477,0
BOX,high BOX: $t_b=4$ um,1.1160320641282564e+16,158.00277904679945,0
BOX,high BOX: $t_b=4$ um,1.1190380761523046e+16,157.69533936385054,0
BOX,high BOX: $t_b=4$ um,1.1220440881763526e+16,157.38929189715836,0
BOX,high BOX: $t_b=4$ um,1.1250501002004008e+16,157.0846267651557,0
BOX,high BOX: $t_b=4$ um,1.1280561122244488e+16,156.78133418167016,0
BOX,high BOX: $t_b=4$ um,1.131062124248497e+16,156.4794044547605,0
BOX,high BOX: $t_b=4$ um,1.134068136272545e+16,156.17882798557022,0
BOX,high BOX: $t_b=4$ um,1.1370741482965932e+16,155.87959526719814,0
BOX,high BOX: $t_b=4$ um,1.1400801603206412e+16,155.58169688358532,0
BOX,high BOX: $t_b=4$ um,1.1430861723446894e+16,155.28512350841837,0
BOX,high BOX: $t_b=4$ um,1.1460921843687374e+16,154.98986590404883,0
BOX,high BOX: $t_b=4$ um,1.1490981963927856e+16,154.69591492042798,0
BOX,high BOX: $t_b=4$ um,1.1521042084168336e+16,154.40326149405738,0
BOX,high BOX: $t_b=4$ um,1.1551102204408818e+16,154.11189664695445,0
BOX,high BOX: $t_b=4$ um,1.1581162324649298e+16,153.82181148563302,0
BOX,high BOX: $t_b=4$ um,1.161122244488978e+16,153.5329972000986,0
BOX,high BOX: $t_b=4$ um,1.164128256513026e+16,153.24544506285795,0
BOX,high BOX: $t_b=4$ um,1.1671342685370742e+16,152.9591464279429,0
BOX,high BOX: $t_b=4$ um,1.1701402805611222e+16,152.67409272994826,0
BOX,high BOX: $t_b=4$ um,1.1731462925851704e+16,152.39027548308314,0
BOX,high BOX: $t_b=4$ um,1.1761523046092184e+16,152.10768628023607,0
BOX,high BOX: $t_b=4$ um,1.1791583166332664e+16,151.82631679205312,0
BOX,high BOX: $t_b=4$ um,1.1821643286573146e+16,151.54615876602915,0
BOX,high BOX: $t_b=4$ um,1.1851703406813626e+16,151.2672040256123,0
BOX,high BOX: $t_b=4$ um,1.1881763527054108e+16,150.98944446932,0
BOX,high BOX: $t_b=4$ um,1.1911823647294588e+16,150.71287206986887,0
BOX,high BOX: $t_b=4$ um,1.194188376753507e+16,150.43747887331526,0
BOX,high BOX: $t_b=4$ um,1.197194388777555e+16,150.16325699820925,0
BOX,high BOX: $t_b=4$ um,1.2002004008016032e+16,149.89019863475946,0
BOX,high BOX: $t_b=4$ um,1.2032064128256512e+16,149.61829604400967,0
BOX,high BOX: $t_b=4$ um,1.2062124248496994e+16,149.3475415570272,0
BOX,high BOX: $t_b=4$ um,1.2092184368737474e+16,149.0779275741022,0
BOX,high BOX: $t_b=4$ um,1.2122244488977956e+16,148.80944656395806,0
BOX,high BOX: $t_b=4$ um,1.2152304609218436e+16,148.54209106297284,0
BOX,high BOX: $t_b=4$ um,1.2182364729458918e+16,148.27585367441122,0
BOX,high BOX: $t_b=4$ um,1.2212424849699398e+16,148.01072706766703,0
BOX,high BOX: $t_b=4$ um,1.224248496993988e+16,147.74670397751623,0
BOX,high BOX: $t_b=4$ um,1.227254509018036e+16,147.4837772033799,0
BOX,high BOX: $t_b=4$ um,1.2302605210420842e+16,147.22193960859747,0
BOX,high BOX: $t_b=4$ um,1.2332665330661322e+16,146.96118411970969,0
BOX,high BOX: $t_b=4$ um,1.2362725450901804e+16,146.70150372575128,0
BOX,high BOX: $t_b=4$ um,1.2392785571142284e+16,146.44289147755342,0
BOX,high BOX: $t_b=4$ um,1.2422845691382766e+16,146.18534048705516,0
BOX,high BOX: $t_b=4$ um,1.2452905811623246e+16,145.92884392662438,0
BOX,high BOX: $t_b=4$ um,1.2482965931863728e+16,145.67339502838814,0
BOX,high BOX: $t_b=4$ um,1.2513026052104208e+16,145.41898708357138,0
BOX,high BOX: $t_b=4$ um,1.2543086172344688e+16,145.16561344184487,0
BOX,high BOX: $t_b=4$ um,1.257314629258517e+16,144.91326751068186,0
BOX,high BOX: $t_b=4$ um,1.260320641282565e+16,144.66194275472304,0
BOX,high BOX: $t_b=4$ um,1.2633266533066132e+16,144.41163269515016,0
BOX,high BOX: $t_b=4$ um,1.2663326653306612e+16,144.16233090906778,0
BOX,high BOX: $t_b=4$ um,1.2693386773547094e+16,143.91403102889322,0
BOX,high BOX: $t_b=4$ um,1.2723446893787574e+16,143.66672674175473,0
BOX,high BOX: $t_b=4$ um,1.2753507014028056e+16,143.42041178889716,0
BOX,high BOX: $t_b=4$ um,1.2783567134268536e+16,143.17507996509605,0
BOX,high BOX: $t_b=4$ um,1.2813627254509018e+16,142.9307251180785,0
BOX,high BOX: $t_b=4$ um,1.2843687374749498e+16,142.6873411479527,0
BOX,high BOX: $t_b=4$ um,1.287374749498998e+16,142.44492200664382,0
BOX,high BOX: $t_b=4$ um,1.290380761523046e+16,142.203461697338,0
BOX,high BOX: $t_b=4$ um,1.2933867735470942e+16,141.96295427393312,0
BOX,high BOX: $t_b=4$ um,1.2963927855711422e+16,141.72339384049693,0
BOX,high BOX: $t_b=4$ um,1.2993987975951904e+16,141.48477455073206,0
BOX,high BOX: $t_b=4$ um,1.3024048096192384e+16,141.24709060744775,0
BOX,high BOX: $t_b=4$ um,1.3054108216432866e+16,141.0103362620388,0
BOX,high BOX: $t_b=4$ um,1.3084168336673346e+16,140.77450581397088,0
BOX,high BOX: $t_b=4$ um,1.3114228456913828e+16,140.53959361027228,0
BOX,high BOX: $t_b=4$ um,1.3144288577154308e+16,140.30559404503262,0
BOX,high BOX: $t_b=4$ um,1.317434869739479e+16,140.07250155890765,0
BOX,high BOX: $t_b=4$ um,1.320440881763527e+16,139.8403106386302,0
BOX,high BOX: $t_b=4$ um,1.3234468937875752e+16,139.60901581652763,0
BOX,high BOX: $t_b=4$ um,1.3264529058116232e+16,139.37861167004536,0
BOX,high BOX: $t_b=4$ um,1.3294589178356714e+16,139.1490928212762,0
BOX,high BOX: $t_b=4$ um,1.3324649298597194e+16,138.92045393649565,0
BOX,high BOX: $t_b=4$ um,1.3354709418837674e+16,138.69268972570333,0
BOX,high BOX: $t_b=4$ um,1.3384769539078156e+16,138.46579494216982,0
BOX,high BOX: $t_b=4$ um,1.3414829659318636e+16,138.23976438198926,0
BOX,high BOX: $t_b=4$ um,1.3444889779559118e+16,138.01459288363773,0
BOX,high BOX: $t_b=4$ um,1.3474949899799598e+16,137.79027532753688,0
BOX,high BOX: $t_b=4$ um,1.350501002004008e+16,137.56680663562315,0
BOX,high BOX: $t_b=4$ um,1.353507014028056e+16,137.34418177092212,0
BOX,high BOX: $t_b=4$ um,1.3565130260521042e+16,137.1223957371285,0
BOX,high BOX: $t_b=4$ um,1.3595190380761522e+16,136.90144357819096,0
BOX,high BOX: $t_b=4$ um,1.3625250501002004e+16,136.68132037790224,0
BOX,high BOX: $t_b=4$ um,1.3655310621242484e+16,136.46202125949435,0
BOX,high BOX: $t_b=4$ um,1.3685370741482966e+16,136.2435413852384,0
BOX,high BOX: $t_b=4$ um,1.3715430861723446e+16,136.02587595604993,0
BOX,high BOX: $t_b=4$ um,1.3745490981963928e+16,135.8090202110986,0
BOX,high BOX: $t_b=4$ um,1.3775551102204408e+16,135.5929694274226,0
BOX,high BOX: $t_b=4$ um,1.380561122244489e+16,135.37771891954822,0
BOX,high BOX: $t_b=4$ um,1.383567134268537e+16,135.16326403911341,0
BOX,high BOX: $t_b=4$ um,1.3865731462925852e+16,134.94960017449654,0
BOX,high BOX: $t_b=4$ um,1.3895791583166332e+16,134.73672275044913,0
BOX,high BOX: $t_b=4$ um,1.3925851703406814e+16,134.52462722773336,0
BOX,high BOX: $t_b=4$ um,1.3955911823647294e+16,134.31330910276367,0
BOX,high BOX: $t_b=4$ um,1.3985971943887776e+16,134.1027639072529,0
BOX,high BOX: $t_b=4$ um,1.4016032064128256e+16,133.89298720786266,0
BOX,high BOX: $t_b=4$ um,1.4046092184368738e+16,133.6839746058576,0
BOX,high BOX: $t_b=4$ um,1.4076152304609218e+16,133.47572173676417,0
BOX,high BOX: $t_b=4$ um,1.4106212424849698e+16,133.2682242700332,0
BOX,high BOX: $t_b=4$ um,1.413627254509018e+16,133.06147790870673,0
BOX,high BOX: $t_b=4$ um,1.416633266533066e+16,132.85547838908843,0
BOX,high BOX: $t_b=4$ um,1.4196392785571142e+16,132.65022148041842,0
BOX,high BOX: $t_b=4$ um,1.4226452905811622e+16,132.4457029845513,0
BOX,high BOX: $t_b=4$ um,1.4256513026052104e+16,132.24191873563868,0
BOX,high BOX: $t_b=4$ um,1.4286573146292584e+16,132.0388645998149,0
BOX,high BOX: $t_b=4$ um,1.4316633266533066e+16,131.83653647488669,0
BOX,high BOX: $t_b=4$ um,1.4346693386773546e+16,131.6349302900265,0
BOX,high BOX: $t_b=4$ um,1.4376753507014028e+16,131.43404200546914,0
BOX,high BOX: $t_b=4$ um,1.4406813627254508e+16,131.23386761221244,0
BOX,high BOX: $t_b=4$ um,1.443687374749499e+16,131.0344031317209,0
BOX,high BOX: $t_b=4$ um,1.446693386773547e+16,130.83564461563302,0
BOX,high BOX: $t_b=4$ um,1.4496993987975952e+16,130.6375881454722,0
BOX,high BOX: $t_b=4$ um,1.4527054108216432e+16,130.4402298323606,0
BOX,high BOX: $t_b=4$ um,1.4557114228456914e+16,130.2435658167366,0
BOX,high BOX: $t_b=4$ um,1.4587174348697394e+16,130.04759226807548,0
BOX,high BOX: $t_b=4$ um,1.4617234468937876e+16,129.85230538461306,0
BOX,high BOX: $t_b=4$ um,1.4647294589178356e+16,129.65770139307295,0
BOX,high BOX: $t_b=4$ um,1.4677354709418838e+16,129.46377654839662,0
BOX,high BOX: $t_b=4$ um,1.4707414829659318e+16,129.27052713347658,0
BOX,high BOX: $t_b=4$ um,1.47374749498998e+16,129.07794945889273,0
BOX,high BOX: $t_b=4$ um,1.476753507014028e+16,128.8860398626516,0
BOX,high BOX: $t_b=4$ um,1.4797595190380762e+16,128.6947947099287,0
BOX,high BOX: $t_b=4$ um,1.4827655310621242e+16,128.50421039281352,0
BOX,high BOX: $t_b=4$ um,1.4857715430861722e+16,128.31428333005783,0
BOX,high BOX: $t_b=4$ um,1.4887775551102204e+16,128.12500996682635,0
BOX,high BOX: $t_b=4$ um,1.4917835671342684e+16,127.93638677445075,0
BOX,high BOX: $t_b=4$ um,1.4947895791583166e+16,127.74841025018596,0
BOX,high BOX: $t_b=4$ um,1.4977955911823646e+16,127.56107691696936,0
BOX,high BOX: $t_b=4$ um,1.5008016032064128e+16,127.37438332318297,0
BOX,high BOX: $t_b=4$ um,1.5038076152304608e+16,127.18832604241784,0
BOX,high BOX: $t_b=4$ um,1.506813627254509e+16,127.0029016732414,0
BOX,high BOX: $t_b=4$ um,1.509819639278557e+16,126.81810683896725,0
BOX,high BOX: $t_b=4$ um,1.5128256513026052e+16,126.63393818742752,0
BOX,high BOX: $t_b=4$ um,1.5158316633266532e+16,126.4503923907479,0
BOX,high BOX: $t_b=4$ um,1.5188376753507014e+16,126.26746614512497,0
BOX,high BOX: $t_b=4$ um,1.5218436873747494e+16,126.08515617060623,0
BOX,high BOX: $t_b=4$ um,1.5248496993987976e+16,125.90345921087214,0
BOX,high BOX: $t_b=4$ um,1.5278557114228456e+16,125.72237203302119,0
BOX,high BOX: $t_b=4$ um,1.5308617234468938e+16,125.54189142735669,0
BOX,high BOX: $t_b=4$ um,1.5338677354709418e+16,125.36201420717641,0
BOX,high BOX: $t_b=4$ um,1.53687374749499e+16,125.18273720856416,0
BOX,high BOX: $t_b=4$ um,1.539879759519038e+16,125.00405729018395,0
BOX,high BOX: $t_b=4$ um,1.5428857715430862e+16,124.82597133307611,0
BOX,high BOX: $t_b=4$ um,1.5458917835671342e+16,124.6484762404559,0
BOX,high BOX: $t_b=4$ um,1.5488977955911824e+16,124.47156893751416,0
BOX,high BOX: $t_b=4$ um,1.5519038076152304e+16,124.29524637122,0
BOX,high BOX: $t_b=4$ um,1.5549098196392786e+16,124.11950551012609,0
BOX,high BOX: $t_b=4$ um,1.5579158316633266e+16,123.94434334417544,0
BOX,high BOX: $t_b=4$ um,1.5609218436873748e+16,123.76975688451077,0
BOX,high BOX: $t_b=4$ um,1.5639278557114228e+16,123.5957431632857,0
BOX,high BOX: $t_b=4$ um,1.5669338677354708e+16,123.42229923347789,0
BOX,high BOX: $t_b=4$ um,1.569939879759519e+16,123.24942216870454,0
BOX,high BOX: $t_b=4$ um,1.572945891783567e+16,123.07710906303943,0
BOX,high BOX: $t_b=4$ um,1.5759519038076152e+16,122.9053570308322,0
BOX,high BOX: $t_b=4$ um,1.5789579158316632e+16,122.73416320652954,0
BOX,high BOX: $t_b=4$ um,1.5819639278557114e+16,122.56352474449808,0
BOX,high BOX: $t_b=4$ um,1.5849699398797594e+16,122.39343881884946,0
BOX,high BOX: $t_b=4$ um,1.5879759519038076e+16,122.22390262326712,0
BOX,high BOX: $t_b=4$ um,1.5909819639278556e+16,122.05491337083474,0
BOX,high BOX: $t_b=4$ um,1.5939879759519038e+16,121.88646829386683,0
BOX,high BOX: $t_b=4$ um,1.5969939879759518e+16,121.71856464374095,0
BOX,high BOX: $t_b=4$ um,1.6e+16,121.55119969073161,0
Si,thin Si: $t_s=3$ um,1000000000000000.0,187.638753066751,1
Si,thin Si: $t_s=3$ um,1030060120240481.0,188.03272734319987,1
Si,thin Si: $t_s=3$ um,1060120240480961.9,188.42670158492288,1
Si,thin Si: $t_s=3$ um,1090180360721442.9,188.82067578737065,1
Si,thin Si: $t_s=3$ um,1120240480961923.9,189.2146499455276,1
Si,thin Si: $t_s=3$ um,1150300601202404.8,189.60862405387718,1
Si,thin Si: $t_s=3$ um,1180360721442885.8,190.00259810636481,1
Si,thin Si: $t_s=3$ um,1210420841683366.8,190.3965720963602,1
Si,thin Si: $t_s=3$ um,1240480961923847.8,190.79054601661628,1
Si,thin Si: $t_s=3$ um,1270541082164328.8,191.18451985922795,1
Si,thin Si: $t_s=3$ um,1300601202404809.5,191.57849361558777,1
Si,thin Si: $t_s=3$ um,1330661322645290.5,191.97246727634024,1
Si,thin Si: $t_s=3$ um,1360721442885771.5,192.36644083133444,1
Si,thin Si: $t_s=3$ um,1390781563126252.5,192.76041426957372,1
Si,thin Si: $t_s=3$ um,1420841683366733.5,193.15438757916436,1
Si,thin Si: $t_s=3$ um,1450901803607214.5,193.54836074726165,1
Si,thin Si: $t_s=3$ um,1480961923847695.5,193.942333760014,1
Si,thin Si: $t_s=3$ um,1511022044088176.2,194.33630660250472,1
Si,thin Si: $t_s=3$ um,1541082164328657.2,194.73027925869192,1
Si,thin Si: $t_s=3$ um,1571142284569138.2,195.124251711346,1
Si,thin Si: $t_s=3$ um,1601202404809619.2,195.51822394198467,1
Si,thin Si: $t_s=3$ um,1631262525050100.0,195.91219593080615,1
Si,thin Si: $t_s=3$ um,1661322645290581.0,196.30616765661944,1
Si,thin Si: $t_s=3$ um,1691382765531062.0,196.70013909677277,1
Si,thin Si: $t_s=3$ um,1721442885771543.0,197.0941102270791,1
Si,thin Si: $t_s=3$ um,1751503006012024.0,197.48808102173956,1
Si,thin Si: $t_s=3$ um,1781563126252505.0,197.8820514532639,1
Si,thin Si: $t_s=3$ um,1811623246492986.0,198.27602149238894,1
Si,thin Si: $t_s=3$ um,1841683366733467.0,198.66999110799412,1
Si,thin Si: $t_s=3$ um,1871743486973948.0,199.0639602670143,1
Si,thin Si: $t_s=3$ um,1901803607214429.0,199.4579289343501,1
Si,thin Si: $t_s=3$ um,1931863727454909.8,199.85189707277544,1
Si,thin Si: $t_s=3$ um,1961923847695390.8,200.2458646428423,1
Si,thin Si: $t_s=3$ um,1991983967935871.8,200.6398316027827,1
Si,thin Si: $t_s=3$ um,2022044088176352.5,201.0337979084079,1
Si,thin Si: $t_s=3$ um,2052104208416833.5,201.42776351300455,1
Si,thin Si: $t_s=3$ um,2082164328657314.5,201.82172836722805,1
Si,thin Si: $t_s=3$ um,2112224448897795.5,202.21569241899294,1
Si,thin Si: $t_s=3$ um,2142284569138276.5,202.6096556133603,1
Si,thin Si: $t_s=3$ um,2172344689378757.5,203.00361789242186,1
Si,thin Si: $t_s=3$ um,2202404809619238.5,203.39757919518146,1
Si,thin Si: $t_s=3$ um,2232464929859719.5,203.7915394574331,1
Si,thin Si: $t_s=3$ um,2262525050100200.0,204.18549861163567,1
Si,thin Si: $t_s=3$ um,2292585170340681.0,204.5794565867849,1
Si,thin Si: $t_s=3$ um,2322645290581162.0,204.9734133082818,1
Si,thin Si: $t_s=3$ um,2352705410821643.0,205.3673686977976,1
Si,thin Si: $t_s=3$ um,2382765531062124.0,205.76132267313588,1
Si,thin Si: $t_s=3$ um,2412825651302605.0,206.15527514809088,1
Si,thin Si: $t_s=3$ um,2442885771543086.0,206.54922603230253,1
Si,thin Si: $t_s=3$ um,2472945891783567.0,206.94317523110823,1
Si,thin Si: $t_s=3$ um,2503006012024048.0,207.33712264539068,1
Si,thin Si: $t_s=3$ um,2533066132264529.0,207.73106817142252,1
Si,thin Si: $t_s=3$ um,2563126252505010.0,208.1250117007076,1
Si,thin Si: $t_s=3$ um,2593186372745491.0,208.51895311981778,1
Si,thin Si: $t_s=3$ um,2623246492985972.0,208.9128923102271,1
Si,thin Si: $t_s=3$ um,2653306613226453.0,209.30682914814156,1
Si,thin Si: $t_s=3$ um,2683366733466934.0,209.7007635043254,1
Si,thin Si: $t_s=3$ um,2713426853707415.0,210.09469524392344,1
Si,thin Si: $t_s=3$ um,2743486973947896.0,210.48862422627997,1
Si,thin Si: $t_s=3$ um,2773547094188377.0,210.88255030475318,1
Si,thin Si: $t_s=3$ um,2803607214428858.0,211.27647332652626,1
Si,thin Si: $t_s=3$ um,2833667334669338.5,211.67039313241395,1
Si,thin Si: $t_s=3$ um,2863727454909819.5,212.06430955666588,1
Si,thin Si: $t_s=3$ um,2893787575150300.5,212.45822242676508,1
Si,thin Si: $t_s=3$ um,2923847695390781.5,212.85213156322263,1
Si,thin Si: $t_s=3$ um,2953907815631262.5,213.2460367793688,1
Si,thin Si: $t_s=3$ um,2983967935871743.5,213.63993788113888,1
Si,thin Si: $t_s=3$ um,3014028056112224.5,214.03383466685588,1
Si,thin Si: $t_s=3$ um,3044088176352705.0,214.4277269270084,1
Si,thin Si: $t_s=3$ um,3074148296593186.0,214.8216144440242,1
Si,thin Si: $t_s=3$ um,3104208416833667.0,215.21549699203982,1
Si,thin Si: $t_s=3$ um,3134268537074148.0,215.6093743366652,1
Si,thin Si: $t_s=3$ um,3164328657314629.0,216.00324623474458,1
Si,thin Si: $t_s=3$ um,3194388777555110.0,216.39711243411224,1
Si,thin Si: $t_s=3$ um,3224448897795591.0,216.7909726733444,1
Si,thin Si: $t_s=3$ um,3254509018036072.0,217.18482668150594,1
Si,thin Si: $t_s=3$ um,3284569138276553.0,217.57867417789282,1
Si,thin Si: $t_s=3$ um,3314629258517034.0,217.97251487177,1
Si,thin Si: $t_s=3$ um,3344689378757515.0,218.36634846210416,1
Si,thin Si: $t_s=3$ um,3374749498997996.0,218.76017463729238,1
Si,thin Si: $t_s=3$ um,3404809619238477.0,219.15399307488528,1
Si,thin Si: $t_s=3$ um,3434869739478958.0,219.547803441306,1
Si,thin Si: $t_s=3$ um,3464929859719439.0,219.9416053915637,1
Si,thin Si: $t_s=3$ um,3494989979959920.0,220.3353985689627,1
Si,thin Si: $t_s=3$ um,3525050100200400.5,220.72918260480608,1
Si,thin Si: $t_s=3$ um,3555110220440881.5,221.1229571180949,1
Si,thin Si: $t_s=3$ um,3585170340681362.5,221.5167217152216,1
Si,thin Si: $t_s=3$ um,3615230460921843.5,221.910475989659,1
Si,thin Si: $t_s=3$ um,3645290581162324.5,222.30421952164363,1
Si,thin Si: $t_s=3$ um,3675350701402805.5,222.6979518778539,1
Si,thin Si: $t_s=3$ um,3705410821643286.5,223.09167261108354,1
Si,thin Si: $t_s=3$ um,3735470941883767.5,223.48538125990876,1
Si,thin Si: $t_s=3$ um,3765531062124248.5,223.879077348351,1
Si,thin Si: $t_s=3$ um,3795591182364729.5,224.27276038553347,1
Si,thin Si: $t_s=3$ um,3825651302605210.5,224.66642986533293,1
Si,thin Si: $t_s=3$ um,3855711422845691.5,225.06008526602534,1
Si,thin Si: $t_s=3$ um,3885771543086172.0,225.4537260499263,1
Si,thin Si: $t_s=3$ um,3915831663326653.0,225.8473516630256,1
Si,thin Si: $t_s=3$ um,3945891783567134.0,226.24096153461625,1
Si,thin Si: $t_s=3$ um,3975951903807615.0,226.63455507691776,1
Si,thin Si: $t_s=3$ um,4006012024048096.0,227.02813168469362,1
Si,thin Si: $t_s=3$ um,4036072144288577.0,227.4216907348626,1
Si,thin Si: $t_s=3$ um,4066132264529058.0,227.81523158610472,1
Si,thin Si: $t_s=3$ um,4096192384769539.0,228.20875357846074,1
Si,thin Si: $t_s=3$ um,4126252505010020.0,228.60225603292565,1
Si,thin Si: $t_s=3$ um,4156312625250501.0,228.99573825103647,1
Si,thin Si: $t_s=3$ um,4186372745490982.0,229.38919951445328,1
Si,thin Si: $t_s=3$ um,4216432865731463.0,229.78263908453457,1
Si,thin Si: $t_s=3$ um,4246492985971944.0,230.17605620190605,1
Si,thin Si: $t_s=3$ um,4276553106212424.5,230.56945008602273,1
Si,thin Si: $t_s=3$ um,4306613226452905.5,230.96281993472547,1
Si,thin Si: $t_s=3$ um,4336673346693386.5,231.35616492379006,1
Si,thin Si: $t_s=3$ um,4366733466933867.5,231.7494842064704,1
Si,thin Si: $t_s=3$ um,4396793587174348.5,232.1427769130347,1
Si,thin Si: $t_s=3$ um,4426853707414829.5,232.53604215029517,1
Si,thin Si: $t_s=3$ um,4456913827655310.5,232.92927900113065,1
Si,thin Si: $t_s=3$ um,4486973947895791.5,233.32248652400253,1
Si,thin Si: $t_s=3$ um,4517034068136272.0,233.71566375246397,1
Si,thin Si: $t_s=3$ um,4547094188376754.0,234.1088096946616,1
Si,thin Si: $t_s=3$ um,4577154308617234.0,234.50192333283042,1
Si,thin Si: $t_s=3$ um,4607214428857716.0,234.8950036227815,1
Si,thin Si: $t_s=3$ um,4637274549098196.0,235.28804949338226,1
Si,thin Si: $t_s=3$ um,4667334669338677.0,235.68105984602957,1
Si,thin Si: $t_s=3$ um,4697394789579158.0,236.07403355411518,1
Si,thin Si: $t_s=3$ um,4727454909819639.0,236.46696946248375,1
Si,thin Si: $t_s=3$ um,4757515030060120.0,236.85986638688328,1
Si,thin Si: $t_s=3$ um,4787575150300601.0,237.25272311340748,1
Si,thin Si: $t_s=3$ um,4817635270541082.0,237.6455383979308,1
Si,thin Si: $t_s=3$ um,4847695390781563.0,238.03831096553503,1
Si,thin Si: $t_s=3$ um,4877755511022044.0,238.43103950992807,1
Si,thin Si: $t_s=3$ um,4907815631262525.0,238.8237226928547,1
Si,thin Si: $t_s=3$ um,4937875751503006.0,239.21635914349866,1
Si,thin Si: $t_s=3$ um,4967935871743487.0,239.60894745787675,1
Si,thin Si: $t_s=3$ um,4997995991983968.0,240.00148619822428,1
Si,thin Si: $t_s=3$ um,5028056112224449.0,240.39397389237166,1
Si,thin Si: $t_s=3$ um,5058116232464930.0,240.78640903311265,1
Si,thin Si: $t_s=3$ um,5088176352705410.0,241.17879007756352,1
Si,thin Si: $t_s=3$ um,5118236472945892.0,241.5711154465132,1
Si,thin Si: $t_s=3$ um,5148296593186372.0,241.96338352376418,1
Si,thin Si: $t_s=3$ um,5178356713426854.0,242.13633814072926,1
Si,thin Si: $t_s=3$ um,5208416833667334.0,242.13633814072926,1
Si,thin Si: $t_s=3$ um,5238476953907816.0,242.13633814072926,1
Si,thin Si: $t_s=3$ um,5268537074148296.0,242.13633814072926,1
Si,thin Si: $t_s=3$ um,5298597194388778.0,242.13633814072926,1
Si,thin Si: $t_s=3$ um,5328657314629258.0,242.13633814072926,1
Si,thin Si: $t_s=3$ um,5358717434869740.0,242.13633814072926,1
Si,thin Si: $t_s=3$ um,5388777555110220.0,242.13633814072926,1
Si,thin Si: $t_s=3$ um,5418837675350702.0,242.13633814072926,1
Si,thin Si: $t_s=3$ um,5448897795591182.0,242.13633814072926,1
Si,thin Si: $t_s=3$ um,5478957915831663.0,242.13633814072926,1
Si,thin Si: $t_s=3$ um,5509018036072144.0,242.13633814072926,1
Si,thin Si: $t_s=3$ um,5539078156312625.0,242.13633814072926,1
Si,thin Si: $t_s=3$ um,5569138276553106.0,242.13633814072926,1
Si,thin Si: $t_s=3$ um,5599198396793587.0,242.13633814072926,1
Si,thin Si: $t_s=3$ um,5629258517034068.0,242.13633814072926,1
Si,thin Si: $t_s=3$ um,5659318637274549.0,242.13633814072926,1
Si,thin Si: $t_s=3$ um,5689378757515030.0,242.13633814072926,1
Si,thin Si: $t_s=3$ um,5719438877755511.0,242.13633814072926,1
Si,thin Si: $t_s=3$ um,5749498997995992.0,242.13633814072926,1
Si,thin Si: $t_s=3$ um,5779559118236473.0,242.13633814072926,1
Si,thin Si: $t_s=3$ um,5809619238476954.0,242.13633814072926,1
Si,thin Si: $t_s=3$ um,5839679358717435.0,242.13633814072926,1
Si,thin Si: $t_s=3$ um,5869739478957916.0,242.13633814072926,1
Si,thin Si: $t_s=3$ um,5899799599198397.0,242.13633814072926,1
Si,thin Si: $t_s=3$ um,5929859719438878.0,242.13633814072926,1
Si,thin Si: $t_s=3$ um,5959919839679359.0,242.13633814072926,1
Si,thin Si: $t_s=3$ um,5989979959919840.0,242.13633814072926,1
Si,thin Si: $t_s=3$ um,6020040080160320.0,242.13633814072926,1
Si,thin Si: $t_s=3$ um,6050100200400801.0,242.13633814072926,1
Si,thin Si: $t_s=3$ um,6080160320641282.0,242.13633814072926,1
Si,thin Si: $t_s=3$ um,6110220440881763.0,242.13633814072926,1
Si,thin Si: $t_s=3$ um,6140280561122244.0,242.13633814072926,1
Si,thin Si: $t_s=3$ um,6170340681362725.0,242.13633814072926,1
Si,thin Si: $t_s=3$ um,6200400801603206.0,242.13633814072926,1
Si,thin Si: $t_s=3$ um,6230460921843687.0,242.13633814072926,1
Si,thin Si: $t_s=3$ um,6260521042084168.0,242.13633814072926,1
Si,thin Si: $t_s=3$ um,6290581162324649.0,242.13633814072926,1
Si,thin Si: $t_s=3$ um,6320641282565130.0,242.13633814072926,1
Si,thin Si: $t_s=3$ um,6350701402805611.0,242.13633814072926,1
Si,thin Si: $t_s=3$ um,6380761523046092.0,242.13633814072926,1
Si,thin Si: $t_s=3$ um,6410821643286573.0,242.13633814072926,1
Si,thin Si: $t_s=3$ um,6440881763527054.0,242.13633814072926,1
Si,thin Si: $t_s=3$ um,6470941883767535.0,242.13633814072926,1
Si,thin Si: $t_s=3$ um,6501002004008016.0,242.13633814072926,1
Si,thin Si: $t_s=3$ um,6531062124248497.0,242.13633814072926,1
Si,thin Si: $t_s=3$ um,6561122244488978.0,242.13633814072926,1
Si,thin Si: $t_s=3$ um,6591182364729459.0,242.13633814072926,1
Si,thin Si: $t_s=3$ um,6621242484969940.0,242.13633814072926,1
Si,thin Si: $t_s=3$ um,6651302605210421.0,242.13633814072926,1
Si,thin Si: $t_s=3$ um,6681362725450902.0,242.13633814072926,1
Si,thin Si: $t_s=3$ um,6711422845691383.0,242.13633814072926,1
Si,thin Si: $t_s=3$ um,6741482965931864.0,242.13633814072926,1
Si,thin Si: $t_s=3$ um,6771543086172344.0,242.13633814072926,1
Si,thin Si: $t_s=3$ um,6801603206412825.0,242.13633814072926,1
Si,thin Si: $t_s=3$ um,6831663326653306.0,242.13633814072926,1
Si,thin Si: $t_s=3$ um,6861723446893787.0,242.13633814072926,1
Si,thin Si: $t_s=3$ um,6891783567134268.0,242.13633814072926,1
Si,thin Si: $t_s=3$ um,6921843687374749.0,242.13633814072926,1
Si,thin Si: $t_s=3$ um,6951903807615230.0,242.13633814072926,1
Si,thin Si: $t_s=3$ um,6981963927855711.0,242.13633814072926,1
Si,thin Si: $t_s=3$ um,7012024048096192.0,242.13633814072926,1
Si,thin Si: $t_s=3$ um,7042084168336673.0,242.13633814072926,1
Si,thin Si: $t_s=3$ um,7072144288577154.0,242.13633814072926,1
Si,thin Si: $t_s=3$ um,7102204408817635.0,242.13633814072926,1
Si,thin Si: $t_s=3$ um,7132264529058116.0,242.13633814072926,1
Si,thin Si: $t_s=3$ um,7162324649298597.0,242.13633814072926,1
Si,thin Si: $t_s=3$ um,7192384769539078.0,242.13633814072926,1
Si,thin Si: $t_s=3$ um,7222444889779559.0,242.13633814072926,1
Si,thin Si: $t_s=3$ um,7252505010020040.0,242.13633814072926,1
Si,thin Si: $t_s=3$ um,7282565130260521.0,242.13633814072926,1
Si,thin Si: $t_s=3$ um,7312625250501002.0,242.13633814072926,1
Si,thin Si: $t_s=3$ um,7342685370741483.0,242.13633814072926,1
Si,thin Si: $t_s=3$ um,7372745490981964.0,242.13633814072926,1
Si,thin Si: $t_s=3$ um,7402805611222445.0,242.13633814072926,1
Si,thin Si: $t_s=3$ um,7432865731462926.0,242.13633814072926,1
Si,thin Si: $t_s=3$ um,7462925851703407.0,242.13633814072926,1
Si,thin Si: $t_s=3$ um,7492985971943888.0,242.13633814072926,1
Si,thin Si: $t_s=3$ um,7523046092184369.0,242.13633814072926,1
Si,thin Si: $t_s=3$ um,7553106212424849.0,242.13633814072926,1
Si,thin Si: $t_s=3$ um,7583166332665330.0,242.13633814072926,1
Si,thin Si: $t_s=3$ um,7613226452905811.0,242.13633814072926,1
Si,thin Si: $t_s=3$ um,7643286573146292.0,242.13633814072926,1
Si,thin Si: $t_s=3$ um,7673346693386773.0,242.13633814072926,1
Si,thin Si: $t_s=3$ um,7703406813627254.0,242.13633814072926,1
Si,thin Si: $t_s=3$ um,7733466933867735.0,242.13633814072926,1
Si,thin Si: $t_s=3$ um,7763527054108216.0,242.13633814072926,1
Si,thin Si: $t_s=3$ um,7793587174348697.0,242.13633814072926,1
Si,thin Si: $t_s=3$ um,7823647294589178.0,242.13633814072926,1
Si,thin Si: $t_s=3$ um,7853707414829659.0,242.13633814072926,1
Si,thin Si: $t_s=3$ um,7883767535070140.0,242.13633814072926,1
Si,thin Si: $t_s=3$ um,7913827655310621.0,242.13633814072926,1
Si,thin Si: $t_s=3$ um,7943887775551102.0,242.13633814072926,1
Si,thin Si: $t_s=3$ um,7973947895791583.0,242.13633814072926,1
Si,thin Si: $t_s=3$ um,8004008016032064.0,242.13633814072926,1
Si,thin Si: $t_s=3$ um,8034068136272545.0,242.13633814072926,1
Si,thin Si: $t_s=3$ um,8064128256513026.0,242.13633814072926,1
Si,thin Si: $t_s=3$ um,8094188376753507.0,242.13633814072926,1
Si,thin Si: $t_s=3$ um,8124248496993988.0,242.13633814072926,1
Si,thin Si: $t_s=3$ um,8154308617234469.0,242.13633814072926,1
Si,thin Si: $t_s=3$ um,8184368737474950.0,242.13633814072926,1
Si,thin Si: $t_s=3$ um,8214428857715431.0,242.13633814072926,1
Si,thin Si: $t_s=3$ um,8244488977955912.0,242.13633814072926,1
Si,thin Si: $t_s=3$ um,8274549098196393.0,242.13633814072926,1
Si,thin Si: $t_s=3$ um,8304609218436874.0,242.13633814072926,1
Si,thin Si: $t_s=3$ um,8334669338677354.0,242.13633814072926,1
Si,thin Si: $t_s=3$ um,8364729458917835.0,242.13633814072926,1
Si,thin Si: $t_s=3$ um,8394789579158316.0,242.13633814072926,1
Si,thin Si: $t_s=3$ um,8424849699398797.0,242.13633814072926,1
Si,thin Si: $t_s=3$ um,8454909819639278.0,242.13633814072926,1
Si,thin Si: $t_s=3$ um,8484969939879759.0,242.13633814072926,1
Si,thin Si: $t_s=3$ um,8515030060120240.0,242.13633814072926,1
Si,thin Si: $t_s=3$ um,8545090180360721.0,242.13633814072926,1
Si,thin Si: $t_s=3$ um,8575150300601202.0,242.13633814072926,1
Si,thin Si: $t_s=3$ um,8605210420841683.0,242.13633814072926,1
Si,thin Si: $t_s=3$ um,8635270541082164.0,242.13633814072926,1
Si,thin Si: $t_s=3$ um,8665330661322645.0,242.13633814072926,1
Si,thin Si: $t_s=3$ um,8695390781563126.0,242.13633814072926,1
Si,thin Si: $t_s=3$ um,8725450901803607.0,242.13633814072926,1
Si,thin Si: $t_s=3$ um,8755511022044088.0,242.13633814072926,1
Si,thin Si: $t_s=3$ um,8785571142284569.0,242.13633814072926,1
Si,thin Si: $t_s=3$ um,8815631262525050.0,242.13633814072926,1
Si,thin Si: $t_s=3$ um,8845691382765531.0,242.13633814072926,1
Si,thin Si: $t_s=3$ um,8875751503006012.0,242.13633814072926,1
Si,thin Si: $t_s=3$ um,8905811623246493.0,242.13633814072926,1
Si,thin Si: $t_s=3$ um,8935871743486974.0,242.13633814072926,1
Si,thin Si: $t_s=3$ um,8965931863727455.0,242.13633814072926,1
Si,thin Si: $t_s=3$ um,8995991983967936.0,242.13633814072926,1
Si,thin Si: $t_s=3$ um,9026052104208416.0,242.13633814072926,1
Si,thin Si: $t_s=3$ um,9056112224448898.0,242.13633814072926,1
Si,thin Si: $t_s=3$ um,9086172344689378.0,242.13633814072926,1
Si,thin Si: $t_s=3$ um,9116232464929860.0,242.13633814072926,1
Si,thin Si: $t_s=3$ um,9146292585170340.0,242.13633814072926,1
Si,thin Si: $t_s=3$ um,9176352705410820.0,242.13633814072926,1
Si,thin Si: $t_s=3$ um,9206412825651302.0,242.13633814072926,1
Si,thin Si: $t_s=3$ um,9236472945891784.0,242.13633814072926,1
Si,thin Si: $t_s=3$ um,9266533066132264.0,242.13633814072926,1
Si,thin Si: $t_s=3$ um,9296593186372744.0,242.13633814072926,1
Si,thin Si: $t_s=3$ um,9326653306613226.0,242.13633814072926,1
Si,thin Si: $t_s=3$ um,9356713426853708.0,242.13633814072926,1
Si,thin Si: $t_s=3$ um,9386773547094188.0,242.13633814072926,1
Si,thin Si: $t_s=3$ um,9416833667334668.0,242.13633814072926,1
Si,thin Si: $t_s=3$ um,9446893787575150.0,242.13633814072926,1
Si,thin Si: $t_s=3$ um,9476953907815632.0,242.13633814072926,1
Si,thin Si: $t_s=3$ um,9507014028056112.0,242.13633814072926,1
Si,thin Si: $t_s=3$ um,9537074148296592.0,242.13633814072926,1
Si,thin Si: $t_s=3$ um,9567134268537074.0,242.13633814072926,1
Si,thin Si: $t_s=3$ um,9597194388777556.0,242.13633814072926,1
Si,thin Si: $t_s=3$ um,9627254509018036.0,242.13633814072926,1
Si,thin Si: $t_s=3$ um,9657314629258516.0,242.13633814072926,1
Si,thin Si: $t_s=3$ um,9687374749498998.0,242.13633814072926,1
Si,thin Si: $t_s=3$ um,9717434869739480.0,242.13633814072926,1
Si,thin Si: $t_s=3$ um,9747494989979960.0,242.13633814072926,1
Si,thin Si: $t_s=3$ um,9777555110220440.0,242.13633814072926,1
Si,thin Si: $t_s=3$ um,9807615230460922.0,242.13633814072926,1
Si,thin Si: $t_s=3$ um,9837675350701404.0,242.13633814072926,1
Si,thin Si: $t_s=3$ um,9867735470941884.0,242.13633814072926,1
Si,thin Si: $t_s=3$ um,9897795591182364.0,242.13633814072926,1
Si,thin Si: $t_s=3$ um,9927855711422844.0,242.13633814072926,1
Si,thin Si: $t_s=3$ um,9957915831663326.0,242.13633814072926,1
Si,thin Si: $t_s=3$ um,9987975951903808.0,242.13633814072926,1
Si,thin Si: $t_s=3$ um,1.0018036072144288e+16,242.13633814072926,1
Si,thin Si: $t_s=3$ um,1.004809619238477e+16,242.13633814072926,1
Si,thin Si: $t_s=3$ um,1.007815631262525e+16,242.13633814072926,1
Si,thin Si: $t_s=3$ um,1.0108216432865732e+16,242.13633814072926,1
Si,thin Si: $t_s=3$ um,1.0138276553106212e+16,242.13633814072926,1
Si,thin Si: $t_s=3$ um,1.0168336673346694e+16,242.13633814072926,1
Si,thin Si: $t_s=3$ um,1.0198396793587174e+16,242.13633814072926,1
Si,thin Si: $t_s=3$ um,1.0228456913827656e+16,242.13633814072926,1
Si,thin Si: $t_s=3$ um,1.0258517034068136e+16,242.13633814072926,1
Si,thin Si: $t_s=3$ um,1.0288577154308616e+16,242.13633814072926,1
Si,thin Si: $t_s=3$ um,1.0318637274549098e+16,242.13633814072926,1
Si,thin Si: $t_s=3$ um,1.0348697394789578e+16,242.13633814072926,1
Si,thin Si: $t_s=3$ um,1.037875751503006e+16,242.13633814072926,1
Si,thin Si: $t_s=3$ um,1.040881763527054e+16,242.13633814072926,1
Si,thin Si: $t_s=3$ um,1.0438877755511022e+16,242.13633814072926,1
Si,thin Si: $t_s=3$ um,1.0468937875751502e+16,242.13633814072926,1
Si,thin Si: $t_s=3$ um,1.0498997995991984e+16,242.13633814072926,1
Si,thin Si: $t_s=3$ um,1.0529058116232464e+16,242.13633814072926,1
Si,thin Si: $t_s=3$ um,1.0559118236472946e+16,242.13633814072926,1
Si,thin Si: $t_s=3$ um,1.0589178356713426e+16,242.13633814072926,1
Si,thin Si: $t_s=3$ um,1.0619238476953908e+16,242.13633814072926,1
Si,thin Si: $t_s=3$ um,1.0649298597194388e+16,242.13633814072926,1
Si,thin Si: $t_s=3$ um,1.067935871743487e+16,242.13633814072926,1
Si,thin Si: $t_s=3$ um,1.070941883767535e+16,242.13633814072926,1
Si,thin Si: $t_s=3$ um,1.0739478957915832e+16,242.13633814072926,1
Si,thin Si: $t_s=3$ um,1.0769539078156312e+16,242.13633814072926,1
Si,thin Si: $t_s=3$ um,1.0799599198396794e+16,242.13633814072926,1
Si,thin Si: $t_s=3$ um,1.0829659318637274e+16,242.13633814072926,1
Si,thin Si: $t_s=3$ um,1.0859719438877756e+16,242.13633814072926,1
Si,thin Si: $t_s=3$ um,1.0889779559118236e+16,242.13633814072926,1
Si,thin Si: $t_s=3$ um,1.0919839679358718e+16,242.13633814072926,1
Si,thin Si: $t_s=3$ um,1.0949899799599198e+16,242.13633814072926,1
Si,thin Si: $t_s=3$ um,1.097995991983968e+16,242.13633814072926,1
Si,thin Si: $t_s=3$ um,1.101002004008016e+16,242.13633814072926,1
Si,thin Si: $t_s=3$ um,1.104008016032064e+16,242.13633814072926,1
Si,thin Si: $t_s=3$ um,1.1070140280561122e+16,242.13633814072926,1
Si,thin Si: $t_s=3$ um,1.1100200400801602e+16,242.13633814072926,1
Si,thin Si: $t_s=3$ um,1.1130260521042084e+16,242.13633814072926,1
Si,thin Si: $t_s=3$ um,1.1160320641282564e+16,242.13633814072926,1
Si,thin Si: $t_s=3$ um,1.1190380761523046e+16,242.13633814072926,1
Si,thin Si: $t_s=3$ um,1.1220440881763526e+16,242.13633814072926,1
Si,thin Si: $t_s=3$ um,1.1250501002004008e+16,242.13633814072926,1
Si,thin Si: $t_s=3$ um,1.1280561122244488e+16,242.13633814072926,1
Si,thin Si: $t_s=3$ um,1.131062124248497e+16,242.13633814072926,1
Si,thin Si: $t_s=3$ um,1.134068136272545e+16,242.13633814072926,1
Si,thin Si: $t_s=3$ um,1.1370741482965932e+16,242.13633814072926,1
Si,thin Si: $t_s=3$ um,1.1400801603206412e+16,242.13633814072926,1
Si,thin Si: $t_s=3$ um,1.1430861723446894e+16,242.13633814072926,1
Si,thin Si: $t_s=3$ um,1.1460921843687374e+16,242.13633814072926,1
Si,thin Si: $t_s=3$ um,1.1490981963927856e+16,242.13633814072926,1
Si,thin Si: $t_s=3$ um,1.1521042084168336e+16,242.13633814072926,1
Si,thin Si: $t_s=3$ um,1.1551102204408818e+16,242.13633814072926,1
Si,thin Si: $t_s=3$ um,1.1581162324649298e+16,242.13633814072926,1
Si,thin Si: $t_s=3$ um,1.161122244488978e+16,242.13633814072926,1
Si,thin Si: $t_s=3$ um,1.164128256513026e+16,242.13633814072926,1
Si,thin Si: $t_s=3$ um,1.1671342685370742e+16,242.13633814072926,1
Si,thin Si: $t_s=3$ um,1.1701402805611222e+16,242.13633814072926,1
Si,thin Si: $t_s=3$ um,1.1731462925851704e+16,242.13633814072926,1
Si,thin Si: $t_s=3$ um,1.1761523046092184e+16,242.13633814072926,1
Si,thin Si: $t_s=3$ um,1.1791583166332664e+16,242.13633814072926,1
Si,thin Si: $t_s=3$ um,1.1821643286573146e+16,242.13633814072926,1
Si,thin Si: $t_s=3$ um,1.1851703406813626e+16,242.13633814072926,1
Si,thin Si: $t_s=3$ um,1.1881763527054108e+16,242.13633814072926,1
Si,thin Si: $t_s=3$ um,1.1911823647294588e+16,242.13633814072926,1
Si,thin Si: $t_s=3$ um,1.194188376753507e+16,242.13633814072926,1
Si,thin Si: $t_s=3$ um,1.197194388777555e+16,242.13633814072926,1
Si,thin Si: $t_s=3$ um,1.2002004008016032e+16,242.13633814072926,1
Si,thin Si: $t_s=3$ um,1.2032064128256512e+16,242.13633814072926,1
Si,thin Si: $t_s=3$ um,1.2062124248496994e+16,242.13633814072926,1
Si,thin Si: $t_s=3$ um,1.2092184368737474e+16,242.13633814072926,1
Si,thin Si: $t_s=3$ um,1.2122244488977956e+16,242.13633814072926,1
Si,thin Si: $t_s=3$ um,1.2152304609218436e+16,242.13633814072926,1
Si,thin Si: $t_s=3$ um,1.2182364729458918e+16,242.13633814072926,1
Si,thin Si: $t_s=3$ um,1.2212424849699398e+16,242.13633814072926,1
Si,thin Si: $t_s=3$ um,1.224248496993988e+16,242.13633814072926,1
Si,thin Si: $t_s=3$ um,1.227254509018036e+16,242.13633814072926,1
Si,thin Si: $t_s=3$ um,1.2302605210420842e+16,242.13633814072926,1
Si,thin Si: $t_s=3$ um,1.2332665330661322e+16,242.13633814072926,1
Si,thin Si: $t_s=3$ um,1.2362725450901804e+16,242.13633814072926,1
Si,thin Si: $t_s=3$ um,1.2392785571142284e+16,242.13633814072926,1
Si,thin Si: $t_s=3$ um,1.2422845691382766e+16,242.13633814072926,1
Si,thin Si: $t_s=3$ um,1.2452905811623246e+16,242.13633814072926,1
Si,thin Si: $t_s=3$ um,1.2482965931863728e+16,242.13633814072926,1
Si,thin Si: $t_s=3$ um,1.2513026052104208e+16,242.13633814072926,1
Si,thin Si: $t_s=3$ um,1.2543086172344688e+16,242.13633814072926,1
Si,thin Si: $t_s=3$ um,1.257314629258517e+16,242.13633814072926,1
Si,thin Si: $t_s=3$ um,1.260320641282565e+16,242.13633814072926,1
Si,thin Si: $t_s=3$ um,1.2633266533066132e+16,242.13633814072926,1
Si,thin Si: $t_s=3$ um,1.2663326653306612e+16,242.13633814072926,1
Si,thin Si: $t_s=3$ um,1.2693386773547094e+16,242.13633814072926,1
Si,thin Si: $t_s=3$ um,1.2723446893787574e+16,242.13633814072926,1
Si,thin Si: $t_s=3$ um,1.2753507014028056e+16,242.13633814072926,1
Si,thin Si: $t_s=3$ um,1.2783567134268536e+16,242.13633814072926,1
Si,thin Si: $t_s=3$ um,1.2813627254509018e+16,242.13633814072926,1
Si,thin Si: $t_s=3$ um,1.2843687374749498e+16,242.13633814072926,1
Si,thin Si: $t_s=3$ um,1.287374749498998e+16,242.13633814072926,1
Si,thin Si: $t_s=3$ um,1.290380761523046e+16,242.13633814072926,1
Si,thin Si: $t_s=3$ um,1.2933867735470942e+16,242.13633814072926,1
Si,thin Si: $t_s=3$ um,1.2963927855711422e+16,242.13633814072926,1
Si,thin Si: $t_s=3$ um,1.2993987975951904e+16,97.54915471082192,0
Si,thin Si: $t_s=3$ um,1.3024048096192384e+16,97.38280020511942,0
Si,thin Si: $t_s=3$ um,1.3054108216432866e+16,97.21710614354853,0
Si,thin Si: $t_s=3$ um,1.3084168336673346e+16,97.05206841510284,0
Si,thin Si: $t_s=3$ um,1.3114228456913828e+16,96.88768294359168,0
Si,thin Si: $t_s=3$ um,1.3144288577154308e+16,96.7239456872677,0
Si,thin Si: $t_s=3$ um,1.317434869739479e+16,96.56085263845888,0
Si,thin Si: $t_s=3$ um,1.320440881763527e+16,96.39839982320554,0
Si,thin Si: $t_s=3$ um,1.3234468937875752e+16,96.23658330090184,0
Si,thin Si: $t_s=3$ um,1.3264529058116232e+16,96.07539916394211,0
Si,thin Si: $t_s=3$ um,1.3294589178356714e+16,95.91484353737145,0
Si,thin Si: $t_s=3$ um,1.3324649298597194e+16,95.75491257854105,0
Si,thin Si: $t_s=3$ um,1.3354709418837674e+16,95.59560247676764,0
Si,thin Si: $t_s=3$ um,1.3384769539078156e+16,95.43690945299754,0
Si,thin Si: $t_s=3$ um,1.3414829659318636e+16,95.2788297594748,0
Si,thin Si: $t_s=3$ um,1.3444889779559118e+16,95.12135967941362,0
Si,thin Si: $t_s=3$ um,1.3474949899799598e+16,94.9644955266748,0
Si,thin Si: $t_s=3$ um,1.350501002004008e+16,94.8082336454465,0
Si,thin Si: $t_s=3$ um,1.353507014028056e+16,94.65257040992883,0
Si,thin Si: $t_s=3$ um,1.3565130260521042e+16,94.49750222402237,0
Si,thin Si: $t_s=3$ um,1.3595190380761522e+16,94.34302552102078,0
Si,thin Si: $t_s=3$ um,1.3625250501002004e+16,94.18913676330709,0
Si,thin Si: $t_s=3$ um,1.3655310621242484e+16,94.03583244205386,0
Si,thin Si: $t_s=3$ um,1.3685370741482966e+16,93.88310907692707,0
Si,thin Si: $t_s=3$ um,1.3715430861723446e+16,93.73096321579364,0
Si,thin Si: $t_s=3$ um,1.3745490981963928e+16,93.57939143443257,0
Si,thin Si: $t_s=3$ um,1.3775551102204408e+16,93.4283903362498,0
Si,thin Si: $t_s=3$ um,1.380561122244489e+16,93.27795655199641,0
Si,thin Si: $t_s=3$ um,1.383567134268537e+16,93.12808673949033,0
Si,thin Si: $t_s=3$ um,1.3865731462925852e+16,92.9787775833416,0
Si,thin Si: $t_s=3$ um,1.3895791583166332e+16,92.8300257946808,0
Si,thin Si: $t_s=3$ um,1.3925851703406814e+16,92.68182811089095,0
Si,thin Si: $t_s=3$ um,1.3955911823647294e+16,92.53418129534268,0
Si,thin Si: $t_s=3$ um,1.3985971943887776e+16,92.38708213713254,0
Si,thin Si: $t_s=3$ um,1.4016032064128256e+16,92.24052745082452,0
Si,thin Si: $t_s=3$ um,1.4046092184368738e+16,92.0945140761948,0
Si,thin Si: $t_s=3$ um,1.4076152304609218e+16,91.94903887797943,0
Si,thin Si: $t_s=3$ um,1.4106212424849698e+16,91.80409874562527,0
Si,thin Si: $t_s=3$ um,1.413627254509018e+16,91.65969059304366,0
Si,thin Si: $t_s=3$ um,1.416633266533066e+16,91.51581135836737,0
Si,thin Si: $t_s=3$ um,1.4196392785571142e+16,91.37245800371011,0
Si,thin Si: $t_s=3$ um,1.4226452905811622e+16,91.2296275149293,0
Si,thin Si: $t_s=3$ um,1.4256513026052104e+16,91.08731690139145,0
Si,thin Si: $t_s=3$ um,1.4286573146292584e+16,90.9455231957403,0
Si,thin Si: $t_s=3$ um,1.4316633266533066e+16,90.80424345366785,0
Si,thin Si: $t_s=3$ um,1.4346693386773546e+16,90.66347475368816,0
Si,thin Si: $t_s=3$ um,1.4376753507014028e+16,90.52321419691359,0
Si,thin Si: $t_s=3$ um,1.4406813627254508e+16,90.3834589068339,0
Si,thin Si: $t_s=3$ um,1.443687374749499e+16,90.24420602909797,0
Si,thin Si: $t_s=3$ um,1.446693386773547e+16,90.10545273129792,0
Si,thin Si: $t_s=3$ um,1.4496993987975952e+16,89.96719620275589,0
Si,thin Si: $t_s=3$ um,1.4527054108216432e+16,89.82943365431336,0
Si,thin Si: $t_s=3$ um,1.4557114228456914e+16,89.69216231812284,0
Si,thin Si: $t_s=3$ um,1.4587174348697394e+16,89.55537944744201,0
Si,thin Si: $t_s=3$ um,1.4617234468937876e+16,89.4190823164303,0
Si,thin Si: $t_s=3$ um,1.4647294589178356e+16,89.28326821994797,0
Si,thin Si: $t_s=3$ um,1.4677354709418838e+16,89.14793447335711,0
Si,thin Si: $t_s=3$ um,1.4707414829659318e+16,89.01307841232548,0
Si,thin Si: $t_s=3$ um,1.47374749498998e+16,88.8786973926322,0
Si,thin Si: $t_s=3$ um,1.476753507014028e+16,88.74478878997591,0
Si,thin Si: $t_s=3$ um,1.4797595190380762e+16,88.61134999978506,0
Si,thin Si: $t_s=3$ um,1.4827655310621242e+16,88.47837843703044,0
Si,thin Si: $t_s=3$ um,1.4857715430861722e+16,88.34587153603978,0
Si,thin Si: $t_s=3$ um,1.4887775551102204e+16,88.21382675031445,0
Si,thin Si: $t_s=3$ um,1.4917835671342684e+16,88.08224155234853,0
Si,thin Si: $t_s=3$ um,1.4947895791583166e+16,87.95111343344952,0
Si,thin Si: $t_s=3$ um,1.4977955911823646e+16,87.82043990356138,0
Si,thin Si: $t_s=3$ um,1.5008016032064128e+16,87.69021849108962,0
Si,thin Si: $t_s=3$ um,1.5038076152304608e+16,87.56044674272809,0
Si,thin Si: $t_s=3$ um,1.506813627254509e+16,87.43112222328801,0
Si,thin Si: $t_s=3$ um,1.509819639278557e+16,87.30224251552889,0
Si,thin Si: $t_s=3$ um,1.5128256513026052e+16,87.17380521999108,0
Si,thin Si: $t_s=3$ um,1.5158316633266532e+16,87.04580795483069,0
Si,thin Si: $t_s=3$ um,1.5188376753507014e+16,86.91824835565593,0
Si,thin Si: $t_s=3$ um,1.5218436873747494e+16,86.79112407536547,0
Si,thin Si: $t_s=3$ um,1.5248496993987976e+16,86.66443278398862,0
Si,thin Si: $t_s=3$ um,1.5278557114228456e+16,86.53817216852727,0
Si,thin Si: $t_s=3$ um,1.5308617234468938e+16,86.41233993279958,0
Si,thin Si: $t_s=3$ um,1.5338677354709418e+16,86.28693379728541,0
Si,thin Si: $t_s=3$ um,1.53687374749499e+16,86.16195149897344,0
Si,thin Si: $t_s=3$ um,1.539879759519038e+16,86.03739079121011,0
Si,thin Si: $t_s=3$ um,1.5428857715430862e+16,85.91324944355009,0
Si,thin Si: $t_s=3$ um,1.5458917835671342e+16,85.78952524160836,0
Si,thin Si: $t_s=3$ um,1.5488977955911824e+16,85.6662159869142,0
Si,thin Si: $t_s=3$ um,1.5519038076152304e+16,85.54331949676641,0
Si,thin Si: $t_s=3$ um,1.5549098196392786e+16,85.4208336040904,0
Si,thin Si: $t_s=3$ um,1.5579158316633266e+16,85.29875615729682,0
Si,thin Si: $t_s=3$ um,1.5609218436873748e+16,85.17708502014145,0
Si,thin Si: $t_s=3$ um,1.5639278557114228e+16,85.05581807158707,0
Si,thin Si: $t_s=3$ um,1.5669338677354708e+16,84.93495320566646,0
Si,thin Si: $t_s=3$ um,1.569939879759519e+16,84.81448833134706,0
Si,thin Si: $t_s=3$ um,1.572945891783567e+16,84.69442137239712,0
Si,thin Si: $t_s=3$ um,1.5759519038076152e+16,84.57475026725318,0
Si,thin Si: $t_s=3$ um,1.5789579158316632e+16,84.45547296888911,0
Si,thin Si: $t_s=3$ um,1.5819639278557114e+16,84.33658744468646,0
Si,thin Si: $t_s=3$ um,1.5849699398797594e+16,84.21809167630629,0
Si,thin Si: $t_s=3$ um,1.5879759519038076e+16,84.0999836595623,0
Si,thin Si: $t_s=3$ um,1.5909819639278556e+16,83.98226140429539,0
Si,thin Si: $t_s=3$ um,1.5939879759519038e+16,83.86492293424956,0
Si,thin Si: $t_s=3$ um,1.5969939879759518e+16,83.74796628694905,0
Si,thin Si: $t_s=3$ um,1.6e+16,83.63138951357692,0
Si,medium Si: $t_s=5$ um,1000000000000000.0,247.30724438609846,1
Si,medium Si: $t_s=5$ um,1030060120240481.0,247.79105005614434,1
Si,medium Si: $t_s=5$ um,1060120240480961.9,248.27485564940605,1
Si,medium Si: $t_s=5$ um,1090180360721442.9,248.75866115862053,1
Si,medium Si: $t_s=5$ um,1120240480961923.9,249.24246657589265,1
Si,medium Si: $t_s=5$ um,1150300601202404.8,249.72627189265498,1
Si,medium Si: $t_s=5$ um,1180360721442885.8,250.21007709962515,1
Si,medium Si: $t_s=5$ um,1210420841683366.8,250.69388218676278,1
Si,medium Si: $t_s=5$ um,1240480961923847.8,251.17768714322347,1
Si,medium Si: $t_s=5$ um,1270541082164328.8,251.6614919573113,1
Si,medium Si: $t_s=5$ um,1300601202404809.5,252.14529661643007,1
Si,medium Si: $t_s=5$ um,1330661322645290.5,252.62910110703197,1
Si,medium Si: $t_s=5$ um,1360721442885771.5,253.11290541456458,1
Si,medium Si: $t_s=5$ um,1390781563126252.5,253.5967095234163,1
Si,medium Si: $t_s=5$ um,1420841683366733.5,254.08051341685922,1
Si,medium Si: $t_s=5$ um,1450901803607214.5,254.5643170769906,1
Si,medium Si: $t_s=5$ um,1480961923847695.5,255.0481204846714,1
Si,medium Si: $t_s=5$ um,1511022044088176.2,255.53192361946407,1
Si,medium Si: $t_s=5$ um,1541082164328657.2,256.0157264595672,1
Si,medium Si: $t_s=5$ um,1571142284569138.2,256.4995289817483,1
Si,medium Si: $t_s=5$ um,1601202404809619.2,256.9833311612746,1
Si,medium Si: $t_s=5$ um,1631262525050100.0,257.4671329718411,1
Si,medium Si: $t_s=5$ um,1661322645290581.0,257.9509343854977,1
Si,medium Si: $t_s=5$ um,1691382765531062.0,258.434735372572,1
Si,medium Si: $t_s=5$ um,1721442885771543.0,258.9185359015918,1
Si,medium Si: $t_s=5$ um,1751503006012024.0,259.4023359392039,1
Si,medium Si: $t_s=5$ um,1781563126252505.0,259.88613545009156,1
Si,medium Si: $t_s=5$ um,1811623246492986.0,260.3699343968881,1
Si,medium Si: $t_s=5$ um,1841683366733467.0,260.8537327400899,1
Si,medium Si: $t_s=5$ um,1871743486973948.0,261.3375304379655,1
Si,medium Si: $t_s=5$ um,1901803607214429.0,261.8213274464625,1
Si,medium Si: $t_s=5$ um,1931863727454909.8,262.30512371911254,1
Si,medium Si: $t_s=5$ um,1961923847695390.8,262.78891920693275,1
Si,medium Si: $t_s=5$ um,1991983967935871.8,263.2727138583254,1
Si,medium Si: $t_s=5$ um,2022044088176352.5,263.75650761897447,1
Si,medium Si: $t_s=5$ um,2052104208416833.5,264.2403004317393,1
Si,medium Si: $t_s=5$ um,2082164328657314.5,264.7240922365462,1
Si,medium Si: $t_s=5$ um,2112224448897795.5,265.2078829702768,1
Si,medium Si: $t_s=5$ um,2142284569138276.5,265.6916725666536,1
Si,medium Si: $t_s=5$ um,2172344689378757.5,266.17546095612306,1
Si,medium Si: $t_s=5$ um,2202404809619238.5,266.53740558804026,1
Si,medium Si: $t_s=5$ um,2232464929859719.5,266.53740558804026,1
Si,medium Si: $t_s=5$ um,2262525050100200.0,266.53740558804026,1
Si,medium Si: $t_s=5$ um,2292585170340681.0,266.53740558804026,1
Si,medium Si: $t_s=5$ um,2322645290581162.0,266.53740558804026,1
Si,medium Si: $t_s=5$ um,2352705410821643.0,266.53740558804026,1
Si,medium Si: $t_s=5$ um,2382765531062124.0,266.53740558804026,1
Si,medium Si: $t_s=5$ um,2412825651302605.0,266.53740558804026,1
Si,medium Si: $t_s=5$ um,2442885771543086.0,266.53740558804026,1
Si,medium Si: $t_s=5$ um,2472945891783567.0,266.53740558804026,1
Si,medium Si: $t_s=5$ um,2503006012024048.0,266.53740558804026,1
Si,medium Si: $t_s=5$ um,2533066132264529.0,266.53740558804026,1
Si,medium Si: $t_s=5$ um,2563126252505010.0,266.53740558804026,1
Si,medium Si: $t_s=5$ um,2593186372745491.0,266.53740558804026,1
Si,medium Si: $t_s=5$ um,2623246492985972.0,266.53740558804026,1
Si,medium Si: $t_s=5$ um,2653306613226453.0,266.53740558804026,1
Si,medium Si: $t_s=5$ um,2683366733466934.0,266.53740558804026,1
Si,medium Si: $t_s=5$ um,2713426853707415.0,266.53740558804026,1
Si,medium Si: $t_s=5$ um,2743486973947896.0,266.53740558804026,1
Si,medium Si: $t_s=5$ um,2773547094188377.0,266.53740558804026,1
Si,medium Si: $t_s=5$ um,2803607214428858.0,266.53740558804026,1
Si,medium Si: $t_s=5$ um,2833667334669338.5,266.53740558804026,1
Si,medium Si: $t_s=5$ um,2863727454909819.5,266.53740558804026,1
Si,medium Si: $t_s=5$ um,2893787575150300.5,266.53740558804026,1
Si,medium Si: $t_s=5$ um,2923847695390781.5,266.53740558804026,1
Si,medium Si: $t_s=5$ um,2953907815631262.5,266.53740558804026,1
Si,medium Si: $t_s=5$ um,2983967935871743.5,266.53740558804026,1
Si,medium Si: $t_s=5$ um,3014028056112224.5,266.53740558804026,1
Si,medium Si: $t_s=5$ um,3044088176352705.0,266.53740558804026,1
Si,medium Si: $t_s=5$ um,3074148296593186.0,266.53740558804026,1
Si,medium Si: $t_s=5$ um,3104208416833667.0,266.53740558804026,1
Si,medium Si: $t_s=5$ um,3134268537074148.0,266.53740558804026,1
Si,medium Si: $t_s=5$ um,3164328657314629.0,266.53740558804026,1
Si,medium Si: $t_s=5$ um,3194388777555110.0,266.53740558804026,1
Si,medium Si: $t_s=5$ um,3224448897795591.0,266.53740558804026,1
Si,medium Si: $t_s=5$ um,3254509018036072.0,266.53740558804026,1
Si,medium Si: $t_s=5$ um,3284569138276553.0,266.53740558804026,1
Si,medium Si: $t_s=5$ um,3314629258517034.0,266.53740558804026,1
Si,medium Si: $t_s=5$ um,3344689378757515.0,266.53740558804026,1
Si,medium Si: $t_s=5$ um,3374749498997996.0,266.53740558804026,1
Si,medium Si: $t_s=5$ um,3404809619238477.0,266.53740558804026,1
Si,medium Si: $t_s=5$ um,3434869739478958.0,266.53740558804026,1
Si,medium Si: $t_s=5$ um,3464929859719439.0,266.53740558804026,1
Si,medium Si: $t_s=5$ um,3494989979959920.0,266.53740558804026,1
Si,medium Si: $t_s=5$ um,3525050100200400.5,266.53740558804026,1
Si,medium Si: $t_s=5$ um,3555110220440881.5,266.53740558804026,1
Si,medium Si: $t_s=5$ um,3585170340681362.5,266.53740558804026,1
Si,medium Si: $t_s=5$ um,3615230460921843.5,266.53740558804026,1
Si,medium Si: $t_s=5$ um,3645290581162324.5,266.53740558804026,1
Si,medium Si: $t_s=5$ um,3675350701402805.5,266.53740558804026,1
Si,medium Si: $t_s=5$ um,3705410821643286.5,266.53740558804026,1
Si,medium Si: $t_s=5$ um,3735470941883767.5,266.53740558804026,1
Si,medium Si: $t_s=5$ um,3765531062124248.5,266.53740558804026,1
Si,medium Si: $t_s=5$ um,3795591182364729.5,266.53740558804026,1
Si,medium Si: $t_s=5$ um,3825651302605210.5,266.53740558804026,1
Si,medium Si: $t_s=5$ um,3855711422845691.5,266.53740558804026,1
Si,medium Si: $t_s=5$ um,3885771543086172.0,266.53740558804026,1
Si,medium Si: $t_s=5$ um,3915831663326653.0,266.53740558804026,1
Si,medium Si: $t_s=5$ um,3945891783567134.0,266.53740558804026,1
Si,medium Si: $t_s=5$ um,3975951903807615.0,266.53740558804026,1
Si,medium Si: $t_s=5$ um,4006012024048096.0,266.53740558804026,1
Si,medium Si: $t_s=5$ um,4036072144288577.0,266.53740558804026,1
Si,medium Si: $t_s=5$ um,4066132264529058.0,266.53740558804026,1
Si,medium Si: $t_s=5$ um,4096192384769539.0,266.53740558804026,1
Si,medium Si: $t_s=5$ um,4126252505010020.0,266.53740558804026,1
Si,medium Si: $t_s=5$ um,4156312625250501.0,266.53740558804026,1
Si,medium Si: $t_s=5$ um,4186372745490982.0,266.53740558804026,1
Si,medium Si: $t_s=5$ um,4216432865731463.0,266.53740558804026,1
Si,medium Si: $t_s=5$ um,4246492985971944.0,266.53740558804026,1
Si,medium Si: $t_s=5$ um,4276553106212424.5,266.53740558804026,1
Si,medium Si: $t_s=5$ um,4306613226452905.5,266.53740558804026,1
Si,medium Si: $t_s=5$ um,4336673346693386.5,266.53740558804026,1
Si,medium Si: $t_s=5$ um,4366733466933867.5,266.53740558804026,1
Si,medium Si: $t_s=5$ um,4396793587174348.5,266.53740558804026,1
Si,medium Si: $t_s=5$ um,4426853707414829.5,266.53740558804026,1
Si,medium Si: $t_s=5$ um,4456913827655310.5,266.53740558804026,1
Si,medium Si: $t_s=5$ um,4486973947895791.5,266.53740558804026,1
Si,medium Si: $t_s=5$ um,4517034068136272.0,266.53740558804026,1
Si,medium Si: $t_s=5$ um,4547094188376754.0,266.53740558804026,1
Si,medium Si: $t_s=5$ um,4577154308617234.0,266.53740558804026,1
Si,medium Si: $t_s=5$ um,4607214428857716.0,266.53740558804026,1
Si,medium Si: $t_s=5$ um,4637274549098196.0,266.53740558804026,1
Si,medium Si: $t_s=5$ um,4667334669338677.0,266.53740558804026,1
Si,medium Si: $t_s=5$ um,4697394789579158.0,266.53740558804026,1
Si,medium Si: $t_s=5$ um,4727454909819639.0,266.53740558804026,1
Si,medium Si: $t_s=5$ um,4757515030060120.0,266.53740558804026,1
Si,medium Si: $t_s=5$ um,4787575150300601.0,266.53740558804026,1
Si,medium Si: $t_s=5$ um,4817635270541082.0,266.53740558804026,1
Si,medium Si: $t_s=5$ um,4847695390781563.0,266.53740558804026,1
Si,medium Si: $t_s=5$ um,4877755511022044.0,266.53740558804026,1
Si,medium Si: $t_s=5$ um,4907815631262525.0,266.53740558804026,1
Si,medium Si: $t_s=5$ um,4937875751503006.0,266.53740558804026,1
Si,medium Si: $t_s=5$ um,4967935871743487.0,266.53740558804026,1
Si,medium Si: $t_s=5$ um,4997995991983968.0,266.53740558804026,1
Si,medium Si: $t_s=5$ um,5028056112224449.0,266.53740558804026,1
Si,medium Si: $t_s=5$ um,5058116232464930.0,266.53740558804026,1
Si,medium Si: $t_s=5$ um,5088176352705410.0,266.53740558804026,1
Si,medium Si: $t_s=5$ um,5118236472945892.0,266.53740558804026,1
Si,medium Si: $t_s=5$ um,5148296593186372.0,266.53740558804026,1
Si,medium Si: $t_s=5$ um,5178356713426854.0,266.53740558804026,1
Si,medium Si: $t_s=5$ um,5208416833667334.0,266.53740558804026,1
Si,medium Si: $t_s=5$ um,5238476953907816.0,266.53740558804026,1
Si,medium Si: $t_s=5$ um,5268537074148296.0,266.53740558804026,1
Si,medium Si: $t_s=5$ um,5298597194388778.0,266.53740558804026,1
Si,medium Si: $t_s=5$ um,5328657314629258.0,266.53740558804026,1
Si,medium Si: $t_s=5$ um,5358717434869740.0,266.53740558804026,1
Si,medium Si: $t_s=5$ um,5388777555110220.0,266.53740558804026,1
Si,medium Si: $t_s=5$ um,5418837675350702.0,266.53740558804026,1
Si,medium Si: $t_s=5$ um,5448897795591182.0,266.53740558804026,1
Si,medium Si: $t_s=5$ um,5478957915831663.0,266.53740558804026,1
Si,medium Si: $t_s=5$ um,5509018036072144.0,266.53740558804026,1
Si,medium Si: $t_s=5$ um,5539078156312625.0,266.53740558804026,1
Si,medium Si: $t_s=5$ um,5569138276553106.0,266.53740558804026,1
Si,medium Si: $t_s=5$ um,5599198396793587.0,266.53740558804026,1
Si,medium Si: $t_s=5$ um,5629258517034068.0,266.53740558804026,1
Si,medium Si: $t_s=5$ um,5659318637274549.0,266.53740558804026,1
Si,medium Si: $t_s=5$ um,5689378757515030.0,266.53740558804026,1
Si,medium Si: $t_s=5$ um,5719438877755511.0,266.53740558804026,1
Si,medium Si: $t_s=5$ um,5749498997995992.0,266.53740558804026,1
Si,medium Si: $t_s=5$ um,5779559118236473.0,266.53740558804026,1
Si,medium Si: $t_s=5$ um,5809619238476954.0,266.53740558804026,1
Si,medium Si: $t_s=5$ um,5839679358717435.0,266.53740558804026,1
Si,medium Si: $t_s=5$ um,5869739478957916.0,266.53740558804026,1
Si,medium Si: $t_s=5$ um,5899799599198397.0,266.53740558804026,1
Si,medium Si: $t_s=5$ um,5929859719438878.0,266.53740558804026,1
Si,medium Si: $t_s=5$ um,5959919839679359.0,266.53740558804026,1
Si,medium Si: $t_s=5$ um,5989979959919840.0,266.53740558804026,1
Si,medium Si: $t_s=5$ um,6020040080160320.0,266.53740558804026,1
Si,medium Si: $t_s=5$ um,6050100200400801.0,266.53740558804026,1
Si,medium Si: $t_s=5$ um,6080160320641282.0,266.53740558804026,1
Si,medium Si: $t_s=5$ um,6110220440881763.0,266.53740558804026,1
Si,medium Si: $t_s=5$ um,6140280561122244.0,266.53740558804026,1
Si,medium Si: $t_s=5$ um,6170340681362725.0,266.53740558804026,1
Si,medium Si: $t_s=5$ um,6200400801603206.0,266.53740558804026,1
Si,medium Si: $t_s=5$ um,6230460921843687.0,266.53740558804026,1
Si,medium Si: $t_s=5$ um,6260521042084168.0,266.53740558804026,1
Si,medium Si: $t_s=5$ um,6290581162324649.0,266.53740558804026,1
Si,medium Si: $t_s=5$ um,6320641282565130.0,266.53740558804026,1
Si,medium Si: $t_s=5$ um,6350701402805611.0,266.53740558804026,1
Si,medium Si: $t_s=5$ um,6380761523046092.0,266.53740558804026,1
Si,medium Si: $t_s=5$ um,6410821643286573.0,266.53740558804026,1
Si,medium Si: $t_s=5$ um,6440881763527054.0,266.53740558804026,1
Si,medium Si: $t_s=5$ um,6470941883767535.0,266.53740558804026,1
Si,medium Si: $t_s=5$ um,6501002004008016.0,266.53740558804026,1
Si,medium Si: $t_s=5$ um,6531062124248497.0,266.53740558804026,1
Si,medium Si: $t_s=5$ um,6561122244488978.0,266.53740558804026,1
Si,medium Si: $t_s=5$ um,6591182364729459.0,266.53740558804026,1
Si,medium Si: $t_s=5$ um,6621242484969940.0,266.53740558804026,1
Si,medium Si: $t_s=5$ um,6651302605210421.0,266.53740558804026,1
Si,medium Si: $t_s=5$ um,6681362725450902.0,266.53740558804026,1
Si,medium Si: $t_s=5$ um,6711422845691383.0,266.53740558804026,1
Si,medium Si: $t_s=5$ um,6741482965931864.0,266.53740558804026,1
Si,medium Si: $t_s=5$ um,6771543086172344.0,266.53740558804026,1
Si,medium Si: $t_s=5$ um,6801603206412825.0,266.53740558804026,1
Si,medium Si: $t_s=5$ um,6831663326653306.0,266.53740558804026,1
Si,medium Si: $t_s=5$ um,6861723446893787.0,266.53740558804026,1
Si,medium Si: $t_s=5$ um,6891783567134268.0,266.53740558804026,1
Si,medium Si: $t_s=5$ um,6921843687374749.0,266.53740558804026,1
Si,medium Si: $t_s=5$ um,6951903807615230.0,266.53740558804026,1
Si,medium Si: $t_s=5$ um,6981963927855711.0,266.53740558804026,1
Si,medium Si: $t_s=5$ um,7012024048096192.0,266.53740558804026,1
Si,medium Si: $t_s=5$ um,7042084168336673.0,266.53740558804026,1
Si,medium Si: $t_s=5$ um,7072144288577154.0,266.53740558804026,1
Si,medium Si: $t_s=5$ um,7102204408817635.0,266.53740558804026,1
Si,medium Si: $t_s=5$ um,7132264529058116.0,266.53740558804026,1
Si,medium Si: $t_s=5$ um,7162324649298597.0,266.53740558804026,1
Si,medium Si: $t_s=5$ um,7192384769539078.0,266.53740558804026,1
Si,medium Si: $t_s=5$ um,7222444889779559.0,266.53740558804026,1
Si,medium Si: $t_s=5$ um,7252505010020040.0,266.53740558804026,1
Si,medium Si: $t_s=5$ um,7282565130260521.0,266.53740558804026,1
Si,medium Si: $t_s=5$ um,7312625250501002.0,266.53740558804026,1
Si,medium Si: $t_s=5$ um,7342685370741483.0,266.53740558804026,1
Si,medium Si: $t_s=5$ um,7372745490981964.0,266.53740558804026,1
Si,medium Si: $t_s=5$ um,7402805611222445.0,266.53740558804026,1
Si,medium Si: $t_s=5$ um,7432865731462926.0,266.53740558804026,1
Si,medium Si: $t_s=5$ um,7462925851703407.0,266.53740558804026,1
Si,medium Si: $t_s=5$ um,7492985971943888.0,266.53740558804026,1
Si,medium Si: $t_s=5$ um,7523046092184369.0,266.53740558804026,1
Si,medium Si: $t_s=5$ um,7553106212424849.0,266.53740558804026,1
Si,medium Si: $t_s=5$ um,7583166332665330.0,266.53740558804026,1
Si,medium Si: $t_s=5$ um,7613226452905811.0,266.53740558804026,1
Si,medium Si: $t_s=5$ um,7643286573146292.0,266.53740558804026,1
Si,medium Si: $t_s=5$ um,7673346693386773.0,266.53740558804026,1
Si,medium Si: $t_s=5$ um,7703406813627254.0,266.53740558804026,1
Si,medium Si: $t_s=5$ um,7733466933867735.0,266.53740558804026,1
Si,medium Si: $t_s=5$ um,7763527054108216.0,266.53740558804026,1
Si,medium Si: $t_s=5$ um,7793587174348697.0,266.53740558804026,1
Si,medium Si: $t_s=5$ um,7823647294589178.0,266.53740558804026,1
Si,medium Si: $t_s=5$ um,7853707414829659.0,266.53740558804026,1
Si,medium Si: $t_s=5$ um,7883767535070140.0,266.53740558804026,1
Si,medium Si: $t_s=5$ um,7913827655310621.0,266.53740558804026,1
Si,medium Si: $t_s=5$ um,7943887775551102.0,266.53740558804026,1
Si,medium Si: $t_s=5$ um,7973947895791583.0,266.53740558804026,1
Si,medium Si: $t_s=5$ um,8004008016032064.0,266.53740558804026,1
Si,medium Si: $t_s=5$ um,8034068136272545.0,266.53740558804026,1
Si,medium Si: $t_s=5$ um,8064128256513026.0,266.53740558804026,1
Si,medium Si: $t_s=5$ um,8094188376753507.0,266.53740558804026,1
Si,medium Si: $t_s=5$ um,8124248496993988.0,266.53740558804026,1
Si,medium Si: $t_s=5$ um,8154308617234469.0,266.53740558804026,1
Si,medium Si: $t_s=5$ um,8184368737474950.0,266.53740558804026,1
Si,medium Si: $t_s=5$ um,8214428857715431.0,266.53740558804026,1
Si,medium Si: $t_s=5$ um,8244488977955912.0,266.53740558804026,1
Si,medium Si: $t_s=5$ um,8274549098196393.0,266.53740558804026,1
Si,medium Si: $t_s=5$ um,8304609218436874.0,266.53740558804026,1
Si,medium Si: $t_s=5$ um,8334669338677354.0,266.53740558804026,1
Si,medium Si: $t_s=5$ um,8364729458917835.0,266.53740558804026,1
Si,medium Si: $t_s=5$ um,8394789579158316.0,266.53740558804026,1
Si,medium Si: $t_s=5$ um,8424849699398797.0,266.53740558804026,1
Si,medium Si: $t_s=5$ um,8454909819639278.0,266.53740558804026,1
Si,medium Si: $t_s=5$ um,8484969939879759.0,266.53740558804026,1
Si,medium Si: $t_s=5$ um,8515030060120240.0,266.53740558804026,1
Si,medium Si: $t_s=5$ um,8545090180360721.0,266.53740558804026,1
Si,medium Si: $t_s=5$ um,8575150300601202.0,266.53740558804026,1
Si,medium Si: $t_s=5$ um,8605210420841683.0,266.53740558804026,1
Si,medium Si: $t_s=5$ um,8635270541082164.0,266.53740558804026,1
Si,medium Si: $t_s=5$ um,8665330661322645.0,266.53740558804026,1
Si,medium Si: $t_s=5$ um,8695390781563126.0,266.53740558804026,1
Si,medium Si: $t_s=5$ um,8725450901803607.0,266.53740558804026,1
Si,medium Si: $t_s=5$ um,8755511022044088.0,266.53740558804026,1
Si,medium Si: $t_s=5$ um,8785571142284569.0,266.53740558804026,1
Si,medium Si: $t_s=5$ um,8815631262525050.0,266.53740558804026,1
Si,medium Si: $t_s=5$ um,8845691382765531.0,266.53740558804026,1
Si,medium Si: $t_s=5$ um,8875751503006012.0,266.53740558804026,1
Si,medium Si: $t_s=5$ um,8905811623246493.0,266.53740558804026,1
Si,medium Si: $t_s=5$ um,8935871743486974.0,266.53740558804026,1
Si,medium Si: $t_s=5$ um,8965931863727455.0,266.53740558804026,1
Si,medium Si: $t_s=5$ um,8995991983967936.0,266.53740558804026,1
Si,medium Si: $t_s=5$ um,9026052104208416.0,266.53740558804026,1
Si,medium Si: $t_s=5$ um,9056112224448898.0,266.53740558804026,1
Si,medium Si: $t_s=5$ um,9086172344689378.0,266.53740558804026,1
Si,medium Si: $t_s=5$ um,9116232464929860.0,266.53740558804026,1
Si,medium Si: $t_s=5$ um,9146292585170340.0,266.53740558804026,1
Si,medium Si: $t_s=5$ um,9176352705410820.0,266.53740558804026,1
Si,medium Si: $t_s=5$ um,9206412825651302.0,266.53740558804026,1
Si,medium Si: $t_s=5$ um,9236472945891784.0,266.53740558804026,1
Si,medium Si: $t_s=5$ um,9266533066132264.0,266.53740558804026,1
Si,medium Si: $t_s=5$ um,9296593186372744.0,266.53740558804026,1
Si,medium Si: $t_s=5$ um,9326653306613226.0,266.53740558804026,1
Si,medium Si: $t_s=5$ um,9356713426853708.0,266.53740558804026,1
Si,medium Si: $t_s=5$ um,9386773547094188.0,266.53740558804026,1
Si,medium Si: $t_s=5$ um,9416833667334668.0,266.53740558804026,1
Si,medium Si: $t_s=5$ um,9446893787575150.0,266.53740558804026,1
Si,medium Si: $t_s=5$ um,9476953907815632.0,266.53740558804026,1
Si,medium Si: $t_s=5$ um,9507014028056112.0,266.53740558804026,1
Si,medium Si: $t_s=5$ um,9537074148296592.0,266.53740558804026,1
Si,medium Si: $t_s=5$ um,9567134268537074.0,266.53740558804026,1
Si,medium Si: $t_s=5$ um,9597194388777556.0,266.53740558804026,1
Si,medium Si: $t_s=5$ um,9627254509018036.0,266.53740558804026,1
Si,medium Si: $t_s=5$ um,9657314629258516.0,266.53740558804026,1
Si,medium Si: $t_s=5$ um,9687374749498998.0,266.53740558804026,1
Si,medium Si: $t_s=5$ um,9717434869739480.0,266.53740558804026,1
Si,medium Si: $t_s=5$ um,9747494989979960.0,266.53740558804026,1
Si,medium Si: $t_s=5$ um,9777555110220440.0,266.53740558804026,1
Si,medium Si: $t_s=5$ um,9807615230460922.0,266.53740558804026,1
Si,medium Si: $t_s=5$ um,9837675350701404.0,266.53740558804026,1
Si,medium Si: $t_s=5$ um,9867735470941884.0,266.53740558804026,1
Si,medium Si: $t_s=5$ um,9897795591182364.0,266.53740558804026,1
Si,medium Si: $t_s=5$ um,9927855711422844.0,266.53740558804026,1
Si,medium Si: $t_s=5$ um,9957915831663326.0,266.53740558804026,1
Si,medium Si: $t_s=5$ um,9987975951903808.0,266.53740558804026,1
Si,medium Si: $t_s=5$ um,1.0018036072144288e+16,266.53740558804026,1
Si,medium Si: $t_s=5$ um,1.004809619238477e+16,266.53740558804026,1
Si,medium Si: $t_s=5$ um,1.007815631262525e+16,266.53740558804026,1
Si,medium Si: $t_s=5$ um,1.0108216432865732e+16,266.53740558804026,1
Si,medium Si: $t_s=5$ um,1.0138276553106212e+16,266.53740558804026,1
Si,medium Si: $t_s=5$ um,1.0168336673346694e+16,266.53740558804026,1
Si,medium Si: $t_s=5$ um,1.0198396793587174e+16,266.53740558804026,1
Si,medium Si: $t_s=5$ um,1.0228456913827656e+16,266.53740558804026,1
Si,medium Si: $t_s=5$ um,1.0258517034068136e+16,266.53740558804026,1
Si,medium Si: $t_s=5$ um,1.0288577154308616e+16,266.53740558804026,1
Si,medium Si: $t_s=5$ um,1.0318637274549098e+16,266.53740558804026,1
Si,medium Si: $t_s=5$ um,1.0348697394789578e+16,266.53740558804026,1
Si,medium Si: $t_s=5$ um,1.037875751503006e+16,266.53740558804026,1
Si,medium Si: $t_s=5$ um,1.040881763527054e+16,266.53740558804026,1
Si,medium Si: $t_s=5$ um,1.0438877755511022e+16,266.53740558804026,1
Si,medium Si: $t_s=5$ um,1.0468937875751502e+16,266.53740558804026,1
Si,medium Si: $t_s=5$ um,1.0498997995991984e+16,266.53740558804026,1
Si,medium Si: $t_s=5$ um,1.0529058116232464e+16,266.53740558804026,1
Si,medium Si: $t_s=5$ um,1.0559118236472946e+16,266.53740558804026,1
Si,medium Si: $t_s=5$ um,1.0589178356713426e+16,266.53740558804026,1
Si,medium Si: $t_s=5$ um,1.0619238476953908e+16,266.53740558804026,1
Si,medium Si: $t_s=5$ um,1.0649298597194388e+16,266.53740558804026,1
Si,medium Si: $t_s=5$ um,1.067935871743487e+16,266.53740558804026,1
Si,medium Si: $t_s=5$ um,1.070941883767535e+16,266.53740558804026,1
Si,medium Si: $t_s=5$ um,1.0739478957915832e+16,266.53740558804026,1
Si,medium Si: $t_s=5$ um,1.0769539078156312e+16,266.53740558804026,1
Si,medium Si: $t_s=5$ um,1.0799599198396794e+16,266.53740558804026,1
Si,medium Si: $t_s=5$ um,1.0829659318637274e+16,266.53740558804026,1
Si,medium Si: $t_s=5$ um,1.0859719438877756e+16,266.53740558804026,1
Si,medium Si: $t_s=5$ um,1.0889779559118236e+16,266.53740558804026,1
Si,medium Si: $t_s=5$ um,1.0919839679358718e+16,266.53740558804026,1
Si,medium Si: $t_s=5$ um,1.0949899799599198e+16,266.53740558804026,1
Si,medium Si: $t_s=5$ um,1.097995991983968e+16,266.53740558804026,1
Si,medium Si: $t_s=5$ um,1.101002004008016e+16,266.53740558804026,1
Si,medium Si: $t_s=5$ um,1.104008016032064e+16,266.53740558804026,1
Si,medium Si: $t_s=5$ um,1.1070140280561122e+16,266.53740558804026,1
Si,medium Si: $t_s=5$ um,1.1100200400801602e+16,266.53740558804026,1
Si,medium Si: $t_s=5$ um,1.1130260521042084e+16,266.53740558804026,1
Si,medium Si: $t_s=5$ um,1.1160320641282564e+16,266.53740558804026,1
Si,medium Si: $t_s=5$ um,1.1190380761523046e+16,266.53740558804026,1
Si,medium Si: $t_s=5$ um,1.1220440881763526e+16,266.53740558804026,1
Si,medium Si: $t_s=5$ um,1.1250501002004008e+16,266.53740558804026,1
Si,medium Si: $t_s=5$ um,1.1280561122244488e+16,266.53740558804026,1
Si,medium Si: $t_s=5$ um,1.131062124248497e+16,266.53740558804026,1
Si,medium Si: $t_s=5$ um,1.134068136272545e+16,266.53740558804026,1
Si,medium Si: $t_s=5$ um,1.1370741482965932e+16,266.53740558804026,1
Si,medium Si: $t_s=5$ um,1.1400801603206412e+16,266.53740558804026,1
Si,medium Si: $t_s=5$ um,1.1430861723446894e+16,266.53740558804026,1
Si,medium Si: $t_s=5$ um,1.1460921843687374e+16,266.53740558804026,1
Si,medium Si: $t_s=5$ um,1.1490981963927856e+16,266.53740558804026,1
Si,medium Si: $t_s=5$ um,1.1521042084168336e+16,266.53740558804026,1
Si,medium Si: $t_s=5$ um,1.1551102204408818e+16,266.53740558804026,1
Si,medium Si: $t_s=5$ um,1.1581162324649298e+16,266.53740558804026,1
Si,medium Si: $t_s=5$ um,1.161122244488978e+16,266.53740558804026,1
Si,medium Si: $t_s=5$ um,1.164128256513026e+16,266.53740558804026,1
Si,medium Si: $t_s=5$ um,1.1671342685370742e+16,266.53740558804026,1
Si,medium Si: $t_s=5$ um,1.1701402805611222e+16,266.53740558804026,1
Si,medium Si: $t_s=5$ um,1.1731462925851704e+16,266.53740558804026,1
Si,medium Si: $t_s=5$ um,1.1761523046092184e+16,266.53740558804026,1
Si,medium Si: $t_s=5$ um,1.1791583166332664e+16,266.53740558804026,1
Si,medium Si: $t_s=5$ um,1.1821643286573146e+16,266.53740558804026,1
Si,medium Si: $t_s=5$ um,1.1851703406813626e+16,266.53740558804026,1
Si,medium Si: $t_s=5$ um,1.1881763527054108e+16,266.53740558804026,1
Si,medium Si: $t_s=5$ um,1.1911823647294588e+16,266.53740558804026,1
Si,medium Si: $t_s=5$ um,1.194188376753507e+16,266.53740558804026,1
Si,medium Si: $t_s=5$ um,1.197194388777555e+16,266.53740558804026,1
Si,medium Si: $t_s=5$ um,1.2002004008016032e+16,266.53740558804026,1
Si,medium Si: $t_s=5$ um,1.2032064128256512e+16,266.53740558804026,1
Si,medium Si: $t_s=5$ um,1.2062124248496994e+16,266.53740558804026,1
Si,medium Si: $t_s=5$ um,1.2092184368737474e+16,266.53740558804026,1
Si,medium Si: $t_s=5$ um,1.2122244488977956e+16,266.53740558804026,1
Si,medium Si: $t_s=5$ um,1.2152304609218436e+16,266.53740558804026,1
Si,medium Si: $t_s=5$ um,1.2182364729458918e+16,266.53740558804026,1
Si,medium Si: $t_s=5$ um,1.2212424849699398e+16,266.53740558804026,1
Si,medium Si: $t_s=5$ um,1.224248496993988e+16,266.53740558804026,1
Si,medium Si: $t_s=5$ um,1.227254509018036e+16,266.53740558804026,1
Si,medium Si: $t_s=5$ um,1.2302605210420842e+16,266.53740558804026,1
Si,medium Si: $t_s=5$ um,1.2332665330661322e+16,266.53740558804026,1
Si,medium Si: $t_s=5$ um,1.2362725450901804e+16,266.53740558804026,1
Si,medium Si: $t_s=5$ um,1.2392785571142284e+16,266.53740558804026,1
Si,medium Si: $t_s=5$ um,1.2422845691382766e+16,266.53740558804026,1
Si,medium Si: $t_s=5$ um,1.2452905811623246e+16,266.53740558804026,1
Si,medium Si: $t_s=5$ um,1.2482965931863728e+16,266.53740558804026,1
Si,medium Si: $t_s=5$ um,1.2513026052104208e+16,266.53740558804026,1
Si,medium Si: $t_s=5$ um,1.2543086172344688e+16,266.53740558804026,1
Si,medium Si: $t_s=5$ um,1.257314629258517e+16,266.53740558804026,1
Si,medium Si: $t_s=5$ um,1.260320641282565e+16,266.53740558804026,1
Si,medium Si: $t_s=5$ um,1.2633266533066132e+16,266.53740558804026,1
Si,medium Si: $t_s=5$ um,1.2663326653306612e+16,266.53740558804026,1
Si,medium Si: $t_s=5$ um,1.2693386773547094e+16,266.53740558804026,1
Si,medium Si: $t_s=5$ um,1.2723446893787574e+16,266.53740558804026,1
Si,medium Si: $t_s=5$ um,1.2753507014028056e+16,266.53740558804026,1
Si,medium Si: $t_s=5$ um,1.2783567134268536e+16,266.53740558804026,1
Si,medium Si: $t_s=5$ um,1.2813627254509018e+16,266.53740558804026,1
Si,medium Si: $t_s=5$ um,1.2843687374749498e+16,266.53740558804026,1
Si,medium Si: $t_s=5$ um,1.287374749498998e+16,266.53740558804026,1
Si,medium Si: $t_s=5$ um,1.290380761523046e+16,266.53740558804026,1
Si,medium Si: $t_s=5$ um,1.2933867735470942e+16,266.53740558804026,1
Si,medium Si: $t_s=5$ um,1.2963927855711422e+16,266.53740558804026,1
Si,medium Si: $t_s=5$ um,1.2993987975951904e+16,266.53740558804026,1
Si,medium Si: $t_s=5$ um,1.3024048096192384e+16,266.53740558804026,1
Si,medium Si: $t_s=5$ um,1.3054108216432866e+16,266.53740558804026,1
Si,medium Si: $t_s=5$ um,1.3084168336673346e+16,266.53740558804026,1
Si,medium Si: $t_s=5$ um,1.3114228456913828e+16,266.53740558804026,1
Si,medium Si: $t_s=5$ um,1.3144288577154308e+16,266.53740558804026,1
Si,medium Si: $t_s=5$ um,1.317434869739479e+16,266.53740558804026,1
Si,medium Si: $t_s=5$ um,1.320440881763527e+16,266.53740558804026,1
Si,medium Si: $t_s=5$ um,1.3234468937875752e+16,266.53740558804026,1
Si,medium Si: $t_s=5$ um,1.3264529058116232e+16,266.53740558804026,1
Si,medium Si: $t_s=5$ um,1.3294589178356714e+16,266.53740558804026,1
Si,medium Si: $t_s=5$ um,1.3324649298597194e+16,266.53740558804026,1
Si,medium Si: $t_s=5$ um,1.3354709418837674e+16,266.53740558804026,1
Si,medium Si: $t_s=5$ um,1.3384769539078156e+16,266.53740558804026,1
Si,medium Si: $t_s=5$ um,1.3414829659318636e+16,266.53740558804026,1
Si,medium Si: $t_s=5$ um,1.3444889779559118e+16,266.53740558804026,1
Si,medium Si: $t_s=5$ um,1.3474949899799598e+16,266.53740558804026,1
Si,medium Si: $t_s=5$ um,1.350501002004008e+16,266.53740558804026,1
Si,medium Si: $t_s=5$ um,1.353507014028056e+16,266.53740558804026,1
Si,medium Si: $t_s=5$ um,1.3565130260521042e+16,266.53740558804026,1
Si,medium Si: $t_s=5$ um,1.3595190380761522e+16,266.53740558804026,1
Si,medium Si: $t_s=5$ um,1.3625250501002004e+16,266.53740558804026,1
Si,medium Si: $t_s=5$ um,1.3655310621242484e+16,266.53740558804026,1
Si,medium Si: $t_s=5$ um,1.3685370741482966e+16,136.2435413852384,0
Si,medium Si: $t_s=5$ um,1.3715430861723446e+16,136.02587595604993,0
Si,medium Si: $t_s=5$ um,1.3745490981963928e+16,135.8090202110986,0
Si,medium Si: $t_s=5$ um,1.3775551102204408e+16,135.5929694274226,0
Si,medium Si: $t_s=5$ um,1.380561122244489e+16,135.37771891954822,0
Si,medium Si: $t_s=5$ um,1.383567134268537e+16,135.16326403911341,0
Si,medium Si: $t_s=5$ um,1.3865731462925852e+16,134.94960017449654,0
Si,medium Si: $t_s=5$ um,1.3895791583166332e+16,134.73672275044913,0
Si,medium Si: $t_s=5$ um,1.3925851703406814e+16,134.52462722773336,0
Si,medium Si: $t_s=5$ um,1.3955911823647294e+16,134.31330910276367,0
Si,medium Si: $t_s=5$ um,1.3985971943887776e+16,134.1027639072529,0
Si,medium Si: $t_s=5$ um,1.4016032064128256e+16,133.89298720786266,0
Si,medium Si: $t_s=5$ um,1.4046092184368738e+16,133.6839746058576,0
Si,medium Si: $t_s=5$ um,1.4076152304609218e+16,133.47572173676417,0
Si,medium Si: $t_s=5$ um,1.4106212424849698e+16,133.2682242700332,0
Si,medium Si: $t_s=5$ um,1.413627254509018e+16,133.06147790870673,0
Si,medium Si: $t_s=5$ um,1.416633266533066e+16,132.85547838908843,0
Si,medium Si: $t_s=5$ um,1.4196392785571142e+16,132.65022148041842,0
Si,medium Si: $t_s=5$ um,1.4226452905811622e+16,132.4457029845513,0
Si,medium Si: $t_s=5$ um,1.4256513026052104e+16,132.24191873563868,0
Si,medium Si: $t_s=5$ um,1.4286573146292584e+16,132.0388645998149,0
Si,medium Si: $t_s=5$ um,1.4316633266533066e+16,131.83653647488669,0
Si,medium Si: $t_s=5$ um,1.4346693386773546e+16,131.6349302900265,0
Si,medium Si: $t_s=5$ um,1.4376753507014028e+16,131.43404200546914,0
Si,medium Si: $t_s=5$ um,1.4406813627254508e+16,131.23386761221244,0
Si,medium Si: $t_s=5$ um,1.443687374749499e+16,131.0344031317209,0
Si,medium Si: $t_s=5$ um,1.446693386773547e+16,130.83564461563302,0
Si,medium Si: $t_s=5$ um,1.4496993987975952e+16,130.6375881454722,0
Si,medium Si: $t_s=5$ um,1.4527054108216432e+16,130.4402298323606,0
Si,medium Si: $t_s=5$ um,1.4557114228456914e+16,130.2435658167366,0
Si,medium Si: $t_s=5$ um,1.4587174348697394e+16,130.04759226807548,0
Si,medium Si: $t_s=5$ um,1.4617234468937876e+16,129.85230538461306,0
Si,medium Si: $t_s=5$ um,1.4647294589178356e+16,129.65770139307295,0
Si,medium Si: $t_s=5$ um,1.4677354709418838e+16,129.46377654839662,0
Si,medium Si: $t_s=5$ um,1.4707414829659318e+16,129.27052713347658,0
Si,medium Si: $t_s=5$ um,1.47374749498998e+16,129.07794945889273,0
Si,medium Si: $t_s=5$ um,1.476753507014028e+16,128.8860398626516,0
Si,medium Si: $t_s=5$ um,1.4797595190380762e+16,128.6947947099287,0
Si,medium Si: $t_s=5$ um,1.4827655310621242e+16,128.50421039281352,0
Si,medium Si: $t_s=5$ um,1.4857715430861722e+16,128.31428333005783,0
Si,medium Si: $t_s=5$ um,1.4887775551102204e+16,128.12500996682635,0
Si,medium Si: $t_s=5$ um,1.4917835671342684e+16,127.93638677445075,0
Si,medium Si: $t_s=5$ um,1.4947895791583166e+16,127.74841025018596,0
Si,medium Si: $t_s=5$ um,1.4977955911823646e+16,127.56107691696936,0
Si,medium Si: $t_s=5$ um,1.5008016032064128e+16,127.37438332318297,0
Si,medium Si: $t_s=5$ um,1.5038076152304608e+16,127.18832604241784,0
Si,medium Si: $t_s=5$ um,1.506813627254509e+16,127.0029016732414,0
Si,medium Si: $t_s=5$ um,1.509819639278557e+16,126.81810683896725,0
Si,medium Si: $t_s=5$ um,1.5128256513026052e+16,126.63393818742752,0
Si,medium Si: $t_s=5$ um,1.5158316633266532e+16,126.4503923907479,0
Si,medium Si: $t_s=5$ um,1.5188376753507014e+16,126.26746614512497,0
Si,medium Si: $t_s=5$ um,1.5218436873747494e+16,126.08515617060623,0
Si,medium Si: $t_s=5$ um,1.5248496993987976e+16,125.90345921087214,0
Si,medium Si: $t_s=5$ um,1.5278557114228456e+16,125.72237203302119,0
Si,medium Si: $t_s=5$ um,1.5308617234468938e+16,125.54189142735669,0
Si,medium Si: $t_s=5$ um,1.5338677354709418e+16,125.36201420717641,0
Si,medium Si: $t_s=5$ um,1.53687374749499e+16,125.18273720856416,0
Si,medium Si: $t_s=5$ um,1.539879759519038e+16,125.00405729018395,0
Si,medium Si: $t_s=5$ um,1.5428857715430862e+16,124.82597133307611,0
Si,medium Si: $t_s=5$ um,1.5458917835671342e+16,124.6484762404559,0
Si,medium Si: $t_s=5$ um,1.5488977955911824e+16,124.47156893751416,0
Si,medium Si: $t_s=5$ um,1.5519038076152304e+16,124.29524637122,0
Si,medium Si: $t_s=5$ um,1.5549098196392786e+16,124.11950551012609,0
Si,medium Si: $t_s=5$ um,1.5579158316633266e+16,123.94434334417544,0
Si,medium Si: $t_s=5$ um,1.5609218436873748e+16,123.76975688451077,0
Si,medium Si: $t_s=5$ um,1.5639278557114228e+16,123.5957431632857,0
Si,medium Si: $t_s=5$ um,1.5669338677354708e+16,123.42229923347789,0
Si,medium Si: $t_s=5$ um,1.569939879759519e+16,123.24942216870454,0
Si,medium Si: $t_s=5$ um,1.572945891783567e+16,123.07710906303943,0
Si,medium Si: $t_s=5$ um,1.5759519038076152e+16,122.9053570308322,0
Si,medium Si: $t_s=5$ um,1.5789579158316632e+16,122.73416320652954,0
Si,medium Si: $t_s=5$ um,1.5819639278557114e+16,122.56352474449808,0
Si,medium Si: $t_s=5$ um,1.5849699398797594e+16,122.39343881884946,0
Si,medium Si: $t_s=5$ um,1.5879759519038076e+16,122.22390262326712,0
Si,medium Si: $t_s=5$ um,1.5909819639278556e+16,122.05491337083474,0
Si,medium Si: $t_s=5$ um,1.5939879759519038e+16,121.88646829386683,0
Si,medium Si: $t_s=5$ um,1.5969939879759518e+16,121.71856464374095,0
Si,medium Si: $t_s=5$ um,1.6e+16,121.55119969073161,0
Si,thick Si: $t_s=7$ um,1000000000000000.0,301.1358728120204,1
Si,thick Si: $t_s=7$ um,1030060120240481.0,301.70401325319756,1
Si,thick Si: $t_s=7$ um,1060120240480961.9,302.27215334443537,1
Si,thick Si: $t_s=7$ um,1090180360721442.9,302.84029306847214,1
Si,thick Si: $t_s=7$ um,1120240480961923.9,303.22864296819716,1
Si,thick Si: $t_s=7$ um,1150300601202404.8,303.22864296819716,1
Si,thick Si: $t_s=7$ um,1180360721442885.8,303.22864296819716,1
Si,thick Si: $t_s=7$ um,1210420841683366.8,303.22864296819716,1
Si,thick Si: $t_s=7$ um,1240480961923847.8,303.22864296819716,1
Si,thick Si: $t_s=7$ um,1270541082164328.8,303.22864296819716,1
Si,thick Si: $t_s=7$ um,1300601202404809.5,303.22864296819716,1
Si,thick Si: $t_s=7$ um,1330661322645290.5,303.22864296819716,1
Si,thick Si: $t_s=7$ um,1360721442885771.5,303.22864296819716,1
Si,thick Si: $t_s=7$ um,1390781563126252.5,303.22864296819716,1
Si,thick Si: $t_s=7$ um,1420841683366733.5,303.22864296819716,1
Si,thick Si: $t_s=7$ um,1450901803607214.5,303.22864296819716,1
Si,thick Si: $t_s=7$ um,1480961923847695.5,303.22864296819716,1
Si,thick Si: $t_s=7$ um,1511022044088176.2,303.22864296819716,1
Si,thick Si: $t_s=7$ um,1541082164328657.2,303.22864296819716,1
Si,thick Si: $t_s=7$ um,1571142284569138.2,303.22864296819716,1
Si,thick Si: $t_s=7$ um,1601202404809619.2,303.22864296819716,1
Si,thick Si: $t_s=7$ um,1631262525050100.0,303.22864296819716,1
Si,thick Si: $t_s=7$ um,1661322645290581.0,303.22864296819716,1
Si,thick Si: $t_s=7$ um,1691382765531062.0,303.22864296819716,1
Si,thick Si: $t_s=7$ um,1721442885771543.0,303.22864296819716,1
Si,thick Si: $t_s=7$ um,1751503006012024.0,303.22864296819716,1
Si,thick Si: $t_s=7$ um,1781563126252505.0,303.22864296819716,1
Si,thick Si: $t_s=7$ um,1811623246492986.0,303.22864296819716,1
Si,thick Si: $t_s=7$ um,1841683366733467.0,303.22864296819716,1
Si,thick Si: $t_s=7$ um,1871743486973948.0,303.22864296819716,1
Si,thick Si: $t_s=7$ um,1901803607214429.0,303.22864296819716,1
Si,thick Si: $t_s=7$ um,1931863727454909.8,303.22864296819716,1
Si,thick Si: $t_s=7$ um,1961923847695390.8,303.22864296819716,1
Si,thick Si: $t_s=7$ um,1991983967935871.8,303.22864296819716,1
Si,thick Si: $t_s=7$ um,2022044088176352.5,303.22864296819716,1
Si,thick Si: $t_s=7$ um,2052104208416833.5,303.22864296819716,1
Si,thick Si: $t_s=7$ um,2082164328657314.5,303.22864296819716,1
Si,thick Si: $t_s=7$ um,2112224448897795.5,303.22864296819716,1
Si,thick Si: $t_s=7$ um,2142284569138276.5,303.22864296819716,1
Si,thick Si: $t_s=7$ um,2172344689378757.5,303.22864296819716,1
Si,thick Si: $t_s=7$ um,2202404809619238.5,303.22864296819716,1
Si,thick Si: $t_s=7$ um,2232464929859719.5,303.22864296819716,1
Si,thick Si: $t_s=7$ um,2262525050100200.0,303.22864296819716,1
Si,thick Si: $t_s=7$ um,2292585170340681.0,303.22864296819716,1
Si,thick Si: $t_s=7$ um,2322645290581162.0,303.22864296819716,1
Si,thick Si: $t_s=7$ um,2352705410821643.0,303.22864296819716,1
Si,thick Si: $t_s=7$ um,2382765531062124.0,303.22864296819716,1
Si,thick Si: $t_s=7$ um,2412825651302605.0,303.22864296819716,1
Si,thick Si: $t_s=7$ um,2442885771543086.0,303.22864296819716,1
Si,thick Si: $t_s=7$ um,2472945891783567.0,303.22864296819716,1
Si,thick Si: $t_s=7$ um,2503006012024048.0,303.22864296819716,1
Si,thick Si: $t_s=7$ um,2533066132264529.0,303.22864296819716,1
Si,thick Si: $t_s=7$ um,2563126252505010.0,303.22864296819716,1
Si,thick Si: $t_s=7$ um,2593186372745491.0,303.22864296819716,1
Si,thick Si: $t_s=7$ um,2623246492985972.0,303.22864296819716,1
Si,thick Si: $t_s=7$ um,2653306613226453.0,303.22864296819716,1
Si,thick Si: $t_s=7$ um,2683366733466934.0,303.22864296819716,1
Si,thick Si: $t_s=7$ um,2713426853707415.0,303.22864296819716,1
Si,thick Si: $t_s=7$ um,2743486973947896.0,303.22864296819716,1
Si,thick Si: $t_s=7$ um,2773547094188377.0,303.22864296819716,1
Si,thick Si: $t_s=7$ um,2803607214428858.0,303.22864296819716,1
Si,thick Si: $t_s=7$ um,2833667334669338.5,303.22864296819716,1
Si,thick Si: $t_s=7$ um,2863727454909819.5,303.22864296819716,1
Si,thick Si: $t_s=7$ um,2893787575150300.5,303.22864296819716,1
Si,thick Si: $t_s=7$ um,2923847695390781.5,303.22864296819716,1
Si,thick Si: $t_s=7$ um,2953907815631262.5,303.22864296819716,1
Si,thick Si: $t_s=7$ um,2983967935871743.5,303.22864296819716,1
Si,thick Si: $t_s=7$ um,3014028056112224.5,303.22864296819716,1
Si,thick Si: $t_s=7$ um,3044088176352705.0,303.22864296819716,1
Si,thick Si: $t_s=7$ um,3074148296593186.0,303.22864296819716,1
Si,thick Si: $t_s=7$ um,3104208416833667.0,303.22864296819716,1
Si,thick Si: $t_s=7$ um,3134268537074148.0,303.22864296819716,1
Si,thick Si: $t_s=7$ um,3164328657314629.0,303.22864296819716,1
Si,thick Si: $t_s=7$ um,3194388777555110.0,303.22864296819716,1
Si,thick Si: $t_s=7$ um,3224448897795591.0,303.22864296819716,1
Si,thick Si: $t_s=7$ um,3254509018036072.0,303.22864296819716,1
Si,thick Si: $t_s=7$ um,3284569138276553.0,303.22864296819716,1
Si,thick Si: $t_s=7$ um,3314629258517034.0,303.22864296819716,1
Si,thick Si: $t_s=7$ um,3344689378757515.0,303.22864296819716,1
Si,thick Si: $t_s=7$ um,3374749498997996.0,303.22864296819716,1
Si,thick Si: $t_s=7$ um,3404809619238477.0,303.22864296819716,1
Si,thick Si: $t_s=7$ um,3434869739478958.0,303.22864296819716,1
Si,thick Si: $t_s=7$ um,3464929859719439.0,303.22864296819716,1
Si,thick Si: $t_s=7$ um,3494989979959920.0,303.22864296819716,1
Si,thick Si: $t_s=7$ um,3525050100200400.5,303.22864296819716,1
Si,thick Si: $t_s=7$ um,3555110220440881.5,303.22864296819716,1
Si,thick Si: $t_s=7$ um,3585170340681362.5,303.22864296819716,1
Si,thick Si: $t_s=7$ um,3615230460921843.5,303.22864296819716,1
Si,thick Si: $t_s=7$ um,3645290581162324.5,303.22864296819716,1
Si,thick Si: $t_s=7$ um,3675350701402805.5,303.22864296819716,1
Si,thick Si: $t_s=7$ um,3705410821643286.5,303.22864296819716,1
Si,thick Si: $t_s=7$ um,3735470941883767.5,303.22864296819716,1
Si,thick Si: $t_s=7$ um,3765531062124248.5,303.22864296819716,1
Si,thick Si: $t_s=7$ um,3795591182364729.5,303.22864296819716,1
Si,thick Si: $t_s=7$ um,3825651302605210.5,303.22864296819716,1
Si,thick Si: $t_s=7$ um,3855711422845691.5,303.22864296819716,1
Si,thick Si: $t_s=7$ um,3885771543086172.0,303.22864296819716,1
Si,thick Si: $t_s=7$ um,3915831663326653.0,303.22864296819716,1
Si,thick Si: $t_s=7$ um,3945891783567134.0,303.22864296819716,1
Si,thick Si: $t_s=7$ um,3975951903807615.0,303.22864296819716,1
Si,thick Si: $t_s=7$ um,4006012024048096.0,303.22864296819716,1
Si,thick Si: $t_s=7$ um,4036072144288577.0,303.22864296819716,1
Si,thick Si: $t_s=7$ um,4066132264529058.0,303.22864296819716,1
Si,thick Si: $t_s=7$ um,4096192384769539.0,303.22864296819716,1
Si,thick Si: $t_s=7$ um,4126252505010020.0,303.22864296819716,1
Si,thick Si: $t_s=7$ um,4156312625250501.0,303.22864296819716,1
Si,thick Si: $t_s=7$ um,4186372745490982.0,303.22864296819716,1
Si,thick Si: $t_s=7$ um,4216432865731463.0,303.22864296819716,1
Si,thick Si: $t_s=7$ um,4246492985971944.0,303.22864296819716,1
Si,thick Si: $t_s=7$ um,4276553106212424.5,303.22864296819716,1
Si,thick Si: $t_s=7$ um,4306613226452905.5,303.22864296819716,1
Si,thick Si: $t_s=7$ um,4336673346693386.5,303.22864296819716,1
Si,thick Si: $t_s=7$ um,4366733466933867.5,303.22864296819716,1
Si,thick Si: $t_s=7$ um,4396793587174348.5,303.22864296819716,1
Si,thick Si: $t_s=7$ um,4426853707414829.5,303.22864296819716,1
Si,thick Si: $t_s=7$ um,4456913827655310.5,303.22864296819716,1
Si,thick Si: $t_s=7$ um,4486973947895791.5,303.22864296819716,1
Si,thick Si: $t_s=7$ um,4517034068136272.0,303.22864296819716,1
Si,thick Si: $t_s=7$ um,4547094188376754.0,303.22864296819716,1
Si,thick Si: $t_s=7$ um,4577154308617234.0,303.22864296819716,1
Si,thick Si: $t_s=7$ um,4607214428857716.0,303.22864296819716,1
Si,thick Si: $t_s=7$ um,4637274549098196.0,303.22864296819716,1
Si,thick Si: $t_s=7$ um,4667334669338677.0,303.22864296819716,1
Si,thick Si: $t_s=7$ um,4697394789579158.0,303.22864296819716,1
Si,thick Si: $t_s=7$ um,4727454909819639.0,303.22864296819716,1
Si,thick Si: $t_s=7$ um,4757515030060120.0,303.22864296819716,1
Si,thick Si: $t_s=7$ um,4787575150300601.0,303.22864296819716,1
Si,thick Si: $t_s=7$ um,4817635270541082.0,303.22864296819716,1
Si,thick Si: $t_s=7$ um,4847695390781563.0,303.22864296819716,1
Si,thick Si: $t_s=7$ um,4877755511022044.0,303.22864296819716,1
Si,thick Si: $t_s=7$ um,4907815631262525.0,303.22864296819716,1
Si,thick Si: $t_s=7$ um,4937875751503006.0,303.22864296819716,1
Si,thick Si: $t_s=7$ um,4967935871743487.0,303.22864296819716,1
Si,thick Si: $t_s=7$ um,4997995991983968.0,303.22864296819716,1
Si,thick Si: $t_s=7$ um,5028056112224449.0,303.22864296819716,1
Si,thick Si: $t_s=7$ um,5058116232464930.0,303.22864296819716,1
Si,thick Si: $t_s=7$ um,5088176352705410.0,303.22864296819716,1
Si,thick Si: $t_s=7$ um,5118236472945892.0,303.22864296819716,1
Si,thick Si: $t_s=7$ um,5148296593186372.0,303.22864296819716,1
Si,thick Si: $t_s=7$ um,5178356713426854.0,303.22864296819716,1
Si,thick Si: $t_s=7$ um,5208416833667334.0,303.22864296819716,1
Si,thick Si: $t_s=7$ um,5238476953907816.0,303.22864296819716,1
Si,thick Si: $t_s=7$ um,5268537074148296.0,303.22864296819716,1
Si,thick Si: $t_s=7$ um,5298597194388778.0,303.22864296819716,1
Si,thick Si: $t_s=7$ um,5328657314629258.0,303.22864296819716,1
Si,thick Si: $t_s=7$ um,5358717434869740.0,303.22864296819716,1
Si,thick Si: $t_s=7$ um,5388777555110220.0,303.22864296819716,1
Si,thick Si: $t_s=7$ um,5418837675350702.0,303.22864296819716,1
Si,thick Si: $t_s=7$ um,5448897795591182.0,303.22864296819716,1
Si,thick Si: $t_s=7$ um,5478957915831663.0,303.22864296819716,1
Si,thick Si: $t_s=7$ um,5509018036072144.0,303.22864296819716,1
Si,thick Si: $t_s=7$ um,5539078156312625.0,303.22864296819716,1
Si,thick Si: $t_s=7$ um,5569138276553106.0,303.22864296819716,1
Si,thick Si: $t_s=7$ um,5599198396793587.0,303.22864296819716,1
Si,thick Si: $t_s=7$ um,5629258517034068.0,303.22864296819716,1
Si,thick Si: $t_s=7$ um,5659318637274549.0,303.22864296819716,1
Si,thick Si: $t_s=7$ um,5689378757515030.0,303.22864296819716,1
Si,thick Si: $t_s=7$ um,5719438877755511.0,303.22864296819716,1
Si,thick Si: $t_s=7$ um,5749498997995992.0,303.22864296819716,1
Si,thick Si: $t_s=7$ um,5779559118236473.0,303.22864296819716,1
Si,thick Si: $t_s=7$ um,5809619238476954.0,303.22864296819716,1
Si,thick Si: $t_s=7$ um,5839679358717435.0,303.22864296819716,1
Si,thick Si: $t_s=7$ um,5869739478957916.0,303.22864296819716,1
Si,thick Si: $t_s=7$ um,5899799599198397.0,303.22864296819716,1
Si,thick Si: $t_s=7$ um,5929859719438878.0,303.22864296819716,1
Si,thick Si: $t_s=7$ um,5959919839679359.0,303.22864296819716,1
Si,thick Si: $t_s=7$ um,5989979959919840.0,303.22864296819716,1
Si,thick Si: $t_s=7$ um,6020040080160320.0,303.22864296819716,1
Si,thick Si: $t_s=7$ um,6050100200400801.0,303.22864296819716,1
Si,thick Si: $t_s=7$ um,6080160320641282.0,303.22864296819716,1
Si,thick Si: $t_s=7$ um,6110220440881763.0,303.22864296819716,1
Si,thick Si: $t_s=7$ um,6140280561122244.0,303.22864296819716,1
Si,thick Si: $t_s=7$ um,6170340681362725.0,303.22864296819716,1
Si,thick Si: $t_s=7$ um,6200400801603206.0,303.22864296819716,1
Si,thick Si: $t_s=7$ um,6230460921843687.0,303.22864296819716,1
Si,thick Si: $t_s=7$ um,6260521042084168.0,303.22864296819716,1
Si,thick Si: $t_s=7$ um,6290581162324649.0,303.22864296819716,1
Si,thick Si: $t_s=7$ um,6320641282565130.0,303.22864296819716,1
Si,thick Si: $t_s=7$ um,6350701402805611.0,303.22864296819716,1
Si,thick Si: $t_s=7$ um,6380761523046092.0,303.22864296819716,1
Si,thick Si: $t_s=7$ um,6410821643286573.0,303.22864296819716,1
Si,thick Si: $t_s=7$ um,6440881763527054.0,303.22864296819716,1
Si,thick Si: $t_s=7$ um,6470941883767535.0,303.22864296819716,1
Si,thick Si: $t_s=7$ um,6501002004008016.0,303.22864296819716,1
Si,thick Si: $t_s=7$ um,6531062124248497.0,303.22864296819716,1
Si,thick Si: $t_s=7$ um,6561122244488978.0,303.22864296819716,1
Si,thick Si: $t_s=7$ um,6591182364729459.0,303.22864296819716,1
Si,thick Si: $t_s=7$ um,6621242484969940.0,303.22864296819716,1
Si,thick Si: $t_s=7$ um,6651302605210421.0,303.22864296819716,1
Si,thick Si: $t_s=7$ um,6681362725450902.0,303.22864296819716,1
Si,thick Si: $t_s=7$ um,6711422845691383.0,303.22864296819716,1
Si,thick Si: $t_s=7$ um,6741482965931864.0,303.22864296819716,1
Si,thick Si: $t_s=7$ um,6771543086172344.0,303.22864296819716,1
Si,thick Si: $t_s=7$ um,6801603206412825.0,303.22864296819716,1
Si,thick Si: $t_s=7$ um,6831663326653306.0,303.22864296819716,1
Si,thick Si: $t_s=7$ um,6861723446893787.0,303.22864296819716,1
Si,thick Si: $t_s=7$ um,6891783567134268.0,303.22864296819716,1
Si,thick Si: $t_s=7$ um,6921843687374749.0,303.22864296819716,1
Si,thick Si: $t_s=7$ um,6951903807615230.0,303.22864296819716,1
Si,thick Si: $t_s=7$ um,6981963927855711.0,303.22864296819716,1
Si,thick Si: $t_s=7$ um,7012024048096192.0,303.22864296819716,1
Si,thick Si: $t_s=7$ um,7042084168336673.0,303.22864296819716,1
Si,thick Si: $t_s=7$ um,7072144288577154.0,303.22864296819716,1
Si,thick Si: $t_s=7$ um,7102204408817635.0,303.22864296819716,1
Si,thick Si: $t_s=7$ um,7132264529058116.0,303.22864296819716,1
Si,thick Si: $t_s=7$ um,7162324649298597.0,303.22864296819716,1
Si,thick Si: $t_s=7$ um,7192384769539078.0,303.22864296819716,1
Si,thick Si: $t_s=7$ um,7222444889779559.0,303.22864296819716,1
Si,thick Si: $t_s=7$ um,7252505010020040.0,303.22864296819716,1
Si,thick Si: $t_s=7$ um,7282565130260521.0,303.22864296819716,1
Si,thick Si: $t_s=7$ um,7312625250501002.0,303.22864296819716,1
Si,thick Si: $t_s=7$ um,7342685370741483.0,303.22864296819716,1
Si,thick Si: $t_s=7$ um,7372745490981964.0,303.22864296819716,1
Si,thick Si: $t_s=7$ um,7402805611222445.0,303.22864296819716,1
Si,thick Si: $t_s=7$ um,7432865731462926.0,303.22864296819716,1
Si,thick Si: $t_s=7$ um,7462925851703407.0,303.22864296819716,1
Si,thick Si: $t_s=7$ um,7492985971943888.0,303.22864296819716,1
Si,thick Si: $t_s=7$ um,7523046092184369.0,303.22864296819716,1
Si,thick Si: $t_s=7$ um,7553106212424849.0,303.22864296819716,1
Si,thick Si: $t_s=7$ um,7583166332665330.0,303.22864296819716,1
Si,thick Si: $t_s=7$ um,7613226452905811.0,303.22864296819716,1
Si,thick Si: $t_s=7$ um,7643286573146292.0,303.22864296819716,1
Si,thick Si: $t_s=7$ um,7673346693386773.0,303.22864296819716,1
Si,thick Si: $t_s=7$ um,7703406813627254.0,303.22864296819716,1
Si,thick Si: $t_s=7$ um,7733466933867735.0,303.22864296819716,1
Si,thick Si: $t_s=7$ um,7763527054108216.0,303.22864296819716,1
Si,thick Si: $t_s=7$ um,7793587174348697.0,303.22864296819716,1
Si,thick Si: $t_s=7$ um,7823647294589178.0,303.22864296819716,1
Si,thick Si: $t_s=7$ um,7853707414829659.0,303.22864296819716,1
Si,thick Si: $t_s=7$ um,7883767535070140.0,303.22864296819716,1
Si,thick Si: $t_s=7$ um,7913827655310621.0,303.22864296819716,1
Si,thick Si: $t_s=7$ um,7943887775551102.0,303.22864296819716,1
Si,thick Si: $t_s=7$ um,7973947895791583.0,303.22864296819716,1
Si,thick Si: $t_s=7$ um,8004008016032064.0,303.22864296819716,1
Si,thick Si: $t_s=7$ um,8034068136272545.0,303.22864296819716,1
Si,thick Si: $t_s=7$ um,8064128256513026.0,303.22864296819716,1
Si,thick Si: $t_s=7$ um,8094188376753507.0,303.22864296819716,1
Si,thick Si: $t_s=7$ um,8124248496993988.0,303.22864296819716,1
Si,thick Si: $t_s=7$ um,8154308617234469.0,303.22864296819716,1
Si,thick Si: $t_s=7$ um,8184368737474950.0,303.22864296819716,1
Si,thick Si: $t_s=7$ um,8214428857715431.0,303.22864296819716,1
Si,thick Si: $t_s=7$ um,8244488977955912.0,303.22864296819716,1
Si,thick Si: $t_s=7$ um,8274549098196393.0,303.22864296819716,1
Si,thick Si: $t_s=7$ um,8304609218436874.0,303.22864296819716,1
Si,thick Si: $t_s=7$ um,8334669338677354.0,303.22864296819716,1
Si,thick Si: $t_s=7$ um,8364729458917835.0,303.22864296819716,1
Si,thick Si: $t_s=7$ um,8394789579158316.0,303.22864296819716,1
Si,thick Si: $t_s=7$ um,8424849699398797.0,303.22864296819716,1
Si,thick Si: $t_s=7$ um,8454909819639278.0,303.22864296819716,1
Si,thick Si: $t_s=7$ um,8484969939879759.0,303.22864296819716,1
Si,thick Si: $t_s=7$ um,8515030060120240.0,303.22864296819716,1
Si,thick Si: $t_s=7$ um,8545090180360721.0,303.22864296819716,1
Si,thick Si: $t_s=7$ um,8575150300601202.0,303.22864296819716,1
Si,thick Si: $t_s=7$ um,8605210420841683.0,303.22864296819716,1
Si,thick Si: $t_s=7$ um,8635270541082164.0,303.22864296819716,1
Si,thick Si: $t_s=7$ um,8665330661322645.0,303.22864296819716,1
Si,thick Si: $t_s=7$ um,8695390781563126.0,303.22864296819716,1
Si,thick Si: $t_s=7$ um,8725450901803607.0,303.22864296819716,1
Si,thick Si: $t_s=7$ um,8755511022044088.0,303.22864296819716,1
Si,thick Si: $t_s=7$ um,8785571142284569.0,303.22864296819716,1
Si,thick Si: $t_s=7$ um,8815631262525050.0,303.22864296819716,1
Si,thick Si: $t_s=7$ um,8845691382765531.0,303.22864296819716,1
Si,thick Si: $t_s=7$ um,8875751503006012.0,303.22864296819716,1
Si,thick Si: $t_s=7$ um,8905811623246493.0,303.22864296819716,1
Si,thick Si: $t_s=7$ um,8935871743486974.0,303.22864296819716,1
Si,thick Si: $t_s=7$ um,8965931863727455.0,303.22864296819716,1
Si,thick Si: $t_s=7$ um,8995991983967936.0,303.22864296819716,1
Si,thick Si: $t_s=7$ um,9026052104208416.0,303.22864296819716,1
Si,thick Si: $t_s=7$ um,9056112224448898.0,303.22864296819716,1
Si,thick Si: $t_s=7$ um,9086172344689378.0,303.22864296819716,1
Si,thick Si: $t_s=7$ um,9116232464929860.0,303.22864296819716,1
Si,thick Si: $t_s=7$ um,9146292585170340.0,303.22864296819716,1
Si,thick Si: $t_s=7$ um,9176352705410820.0,303.22864296819716,1
Si,thick Si: $t_s=7$ um,9206412825651302.0,303.22864296819716,1
Si,thick Si: $t_s=7$ um,9236472945891784.0,303.22864296819716,1
Si,thick Si: $t_s=7$ um,9266533066132264.0,303.22864296819716,1
Si,thick Si: $t_s=7$ um,9296593186372744.0,303.22864296819716,1
Si,thick Si: $t_s=7$ um,9326653306613226.0,303.22864296819716,1
Si,thick Si: $t_s=7$ um,9356713426853708.0,303.22864296819716,1
Si,thick Si: $t_s=7$ um,9386773547094188.0,303.22864296819716,1
Si,thick Si: $t_s=7$ um,9416833667334668.0,303.22864296819716,1
Si,thick Si: $t_s=7$ um,9446893787575150.0,303.22864296819716,1
Si,thick Si: $t_s=7$ um,9476953907815632.0,303.22864296819716,1
Si,thick Si: $t_s=7$ um,9507014028056112.0,303.22864296819716,1
Si,thick Si: $t_s=7$ um,9537074148296592.0,303.22864296819716,1
Si,thick Si: $t_s=7$ um,9567134268537074.0,303.22864296819716,1
Si,thick Si: $t_s=7$ um,9597194388777556.0,303.22864296819716,1
Si,thick Si: $t_s=7$ um,9627254509018036.0,303.22864296819716,1
Si,thick Si: $t_s=7$ um,9657314629258516.0,303.22864296819716,1
Si,thick Si: $t_s=7$ um,9687374749498998.0,303.22864296819716,1
Si,thick Si: $t_s=7$ um,9717434869739480.0,303.22864296819716,1
Si,thick Si: $t_s=7$ um,9747494989979960.0,303.22864296819716,1
Si,thick Si: $t_s=7$ um,9777555110220440.0,303.22864296819716,1
Si,thick Si: $t_s=7$ um,9807615230460922.0,303.22864296819716,1
Si,thick Si: $t_s=7$ um,9837675350701404.0,303.22864296819716,1
Si,thick Si: $t_s=7$ um,9867735470941884.0,303.22864296819716,1
Si,thick Si: $t_s=7$ um,9897795591182364.0,303.22864296819716,1
Si,thick Si: $t_s=7$ um,9927855711422844.0,303.22864296819716,1
Si,thick Si: $t_s=7$ um,9957915831663326.0,303.22864296819716,1
Si,thick Si: $t_s=7$ um,9987975951903808.0,303.22864296819716,1
Si,thick Si: $t_s=7$ um,1.0018036072144288e+16,303.22864296819716,1
Si,thick Si: $t_s=7$ um,1.004809619238477e+16,303.22864296819716,1
Si,thick Si: $t_s=7$ um,1.007815631262525e+16,303.22864296819716,1
Si,thick Si: $t_s=7$ um,1.0108216432865732e+16,303.22864296819716,1
Si,thick Si: $t_s=7$ um,1.0138276553106212e+16,303.22864296819716,1
Si,thick Si: $t_s=7$ um,1.0168336673346694e+16,303.22864296819716,1
Si,thick Si: $t_s=7$ um,1.0198396793587174e+16,303.22864296819716,1
Si,thick Si: $t_s=7$ um,1.0228456913827656e+16,303.22864296819716,1
Si,thick Si: $t_s=7$ um,1.0258517034068136e+16,303.22864296819716,1
Si,thick Si: $t_s=7$ um,1.0288577154308616e+16,303.22864296819716,1
Si,thick Si: $t_s=7$ um,1.0318637274549098e+16,303.22864296819716,1
Si,thick Si: $t_s=7$ um,1.0348697394789578e+16,303.22864296819716,1
Si,thick Si: $t_s=7$ um,1.037875751503006e+16,303.22864296819716,1
Si,thick Si: $t_s=7$ um,1.040881763527054e+16,303.22864296819716,1
Si,thick Si: $t_s=7$ um,1.0438877755511022e+16,303.22864296819716,1
Si,thick Si: $t_s=7$ um,1.0468937875751502e+16,303.22864296819716,1
Si,thick Si: $t_s=7$ um,1.0498997995991984e+16,303.22864296819716,1
Si,thick Si: $t_s=7$ um,1.0529058116232464e+16,303.22864296819716,1
Si,thick Si: $t_s=7$ um,1.0559118236472946e+16,303.22864296819716,1
Si,thick Si: $t_s=7$ um,1.0589178356713426e+16,303.22864296819716,1
Si,thick Si: $t_s=7$ um,1.0619238476953908e+16,303.22864296819716,1
Si,thick Si: $t_s=7$ um,1.0649298597194388e+16,303.22864296819716,1
Si,thick Si: $t_s=7$ um,1.067935871743487e+16,303.22864296819716,1
Si,thick Si: $t_s=7$ um,1.070941883767535e+16,303.22864296819716,1
Si,thick Si: $t_s=7$ um,1.0739478957915832e+16,303.22864296819716,1
Si,thick Si: $t_s=7$ um,1.0769539078156312e+16,303.22864296819716,1
Si,thick Si: $t_s=7$ um,1.0799599198396794e+16,303.22864296819716,1
Si,thick Si: $t_s=7$ um,1.0829659318637274e+16,303.22864296819716,1
Si,thick Si: $t_s=7$ um,1.0859719438877756e+16,303.22864296819716,1
Si,thick Si: $t_s=7$ um,1.0889779559118236e+16,303.22864296819716,1
Si,thick Si: $t_s=7$ um,1.0919839679358718e+16,303.22864296819716,1
Si,thick Si: $t_s=7$ um,1.0949899799599198e+16,303.22864296819716,1
Si,thick Si: $t_s=7$ um,1.097995991983968e+16,303.22864296819716,1
Si,thick Si: $t_s=7$ um,1.101002004008016e+16,303.22864296819716,1
Si,thick Si: $t_s=7$ um,1.104008016032064e+16,303.22864296819716,1
Si,thick Si: $t_s=7$ um,1.1070140280561122e+16,303.22864296819716,1
Si,thick Si: $t_s=7$ um,1.1100200400801602e+16,303.22864296819716,1
Si,thick Si: $t_s=7$ um,1.1130260521042084e+16,303.22864296819716,1
Si,thick Si: $t_s=7$ um,1.1160320641282564e+16,303.22864296819716,1
Si,thick Si: $t_s=7$ um,1.1190380761523046e+16,303.22864296819716,1
Si,thick Si: $t_s=7$ um,1.1220440881763526e+16,303.22864296819716,1
Si,thick Si: $t_s=7$ um,1.1250501002004008e+16,303.22864296819716,1
Si,thick Si: $t_s=7$ um,1.1280561122244488e+16,303.22864296819716,1
Si,thick Si: $t_s=7$ um,1.131062124248497e+16,303.22864296819716,1
Si,thick Si: $t_s=7$ um,1.134068136272545e+16,303.22864296819716,1
Si,thick Si: $t_s=7$ um,1.1370741482965932e+16,303.22864296819716,1
Si,thick Si: $t_s=7$ um,1.1400801603206412e+16,303.22864296819716,1
Si,thick Si: $t_s=7$ um,1.1430861723446894e+16,303.22864296819716,1
Si,thick Si: $t_s=7$ um,1.1460921843687374e+16,303.22864296819716,1
Si,thick Si: $t_s=7$ um,1.1490981963927856e+16,303.22864296819716,1
Si,thick Si: $t_s=7$ um,1.1521042084168336e+16,303.22864296819716,1
Si,thick Si: $t_s=7$ um,1.1551102204408818e+16,303.22864296819716,1
Si,thick Si: $t_s=7$ um,1.1581162324649298e+16,303.22864296819716,1
Si,thick Si: $t_s=7$ um,1.161122244488978e+16,303.22864296819716,1
Si,thick Si: $t_s=7$ um,1.164128256513026e+16,303.22864296819716,1
Si,thick Si: $t_s=7$ um,1.1671342685370742e+16,303.22864296819716,1
Si,thick Si: $t_s=7$ um,1.1701402805611222e+16,303.22864296819716,1
Si,thick Si: $t_s=7$ um,1.1731462925851704e+16,303.22864296819716,1
Si,thick Si: $t_s=7$ um,1.1761523046092184e+16,303.22864296819716,1
Si,thick Si: $t_s=7$ um,1.1791583166332664e+16,303.22864296819716,1
Si,thick Si: $t_s=7$ um,1.1821643286573146e+16,303.22864296819716,1
Si,thick Si: $t_s=7$ um,1.1851703406813626e+16,303.22864296819716,1
Si,thick Si: $t_s=7$ um,1.1881763527054108e+16,303.22864296819716,1
Si,thick Si: $t_s=7$ um,1.1911823647294588e+16,303.22864296819716,1
Si,thick Si: $t_s=7$ um,1.194188376753507e+16,303.22864296819716,1
Si,thick Si: $t_s=7$ um,1.197194388777555e+16,303.22864296819716,1
Si,thick Si: $t_s=7$ um,1.2002004008016032e+16,303.22864296819716,1
Si,thick Si: $t_s=7$ um,1.2032064128256512e+16,303.22864296819716,1
Si,thick Si: $t_s=7$ um,1.2062124248496994e+16,303.22864296819716,1
Si,thick Si: $t_s=7$ um,1.2092184368737474e+16,303.22864296819716,1
Si,thick Si: $t_s=7$ um,1.2122244488977956e+16,303.22864296819716,1
Si,thick Si: $t_s=7$ um,1.2152304609218436e+16,303.22864296819716,1
Si,thick Si: $t_s=7$ um,1.2182364729458918e+16,303.22864296819716,1
Si,thick Si: $t_s=7$ um,1.2212424849699398e+16,303.22864296819716,1
Si,thick Si: $t_s=7$ um,1.224248496993988e+16,303.22864296819716,1
Si,thick Si: $t_s=7$ um,1.227254509018036e+16,303.22864296819716,1
Si,thick Si: $t_s=7$ um,1.2302605210420842e+16,303.22864296819716,1
Si,thick Si: $t_s=7$ um,1.2332665330661322e+16,303.22864296819716,1
Si,thick Si: $t_s=7$ um,1.2362725450901804e+16,303.22864296819716,1
Si,thick Si: $t_s=7$ um,1.2392785571142284e+16,303.22864296819716,1
Si,thick Si: $t_s=7$ um,1.2422845691382766e+16,303.22864296819716,1
Si,thick Si: $t_s=7$ um,1.2452905811623246e+16,303.22864296819716,1
Si,thick Si: $t_s=7$ um,1.2482965931863728e+16,303.22864296819716,1
Si,thick Si: $t_s=7$ um,1.2513026052104208e+16,303.22864296819716,1
Si,thick Si: $t_s=7$ um,1.2543086172344688e+16,303.22864296819716,1
Si,thick Si: $t_s=7$ um,1.257314629258517e+16,303.22864296819716,1
Si,thick Si: $t_s=7$ um,1.260320641282565e+16,303.22864296819716,1
Si,thick Si: $t_s=7$ um,1.2633266533066132e+16,303.22864296819716,1
Si,thick Si: $t_s=7$ um,1.2663326653306612e+16,303.22864296819716,1
Si,thick Si: $t_s=7$ um,1.2693386773547094e+16,303.22864296819716,1
Si,thick Si: $t_s=7$ um,1.2723446893787574e+16,303.22864296819716,1
Si,thick Si: $t_s=7$ um,1.2753507014028056e+16,303.22864296819716,1
Si,thick Si: $t_s=7$ um,1.2783567134268536e+16,303.22864296819716,1
Si,thick Si: $t_s=7$ um,1.2813627254509018e+16,303.22864296819716,1
Si,thick Si: $t_s=7$ um,1.2843687374749498e+16,303.22864296819716,1
Si,thick Si: $t_s=7$ um,1.287374749498998e+16,303.22864296819716,1
Si,thick Si: $t_s=7$ um,1.290380761523046e+16,303.22864296819716,1
Si,thick Si: $t_s=7$ um,1.2933867735470942e+16,303.22864296819716,1
Si,thick Si: $t_s=7$ um,1.2963927855711422e+16,303.22864296819716,1
Si,thick Si: $t_s=7$ um,1.2993987975951904e+16,303.22864296819716,1
Si,thick Si: $t_s=7$ um,1.3024048096192384e+16,303.22864296819716,1
Si,thick Si: $t_s=7$ um,1.3054108216432866e+16,303.22864296819716,1
Si,thick Si: $t_s=7$ um,1.3084168336673346e+16,303.22864296819716,1
Si,thick Si: $t_s=7$ um,1.3114228456913828e+16,303.22864296819716,1
Si,thick Si: $t_s=7$ um,1.3144288577154308e+16,303.22864296819716,1
Si,thick Si: $t_s=7$ um,1.317434869739479e+16,303.22864296819716,1
Si,thick Si: $t_s=7$ um,1.320440881763527e+16,303.22864296819716,1
Si,thick Si: $t_s=7$ um,1.3234468937875752e+16,303.22864296819716,1
Si,thick Si: $t_s=7$ um,1.3264529058116232e+16,303.22864296819716,1
Si,thick Si: $t_s=7$ um,1.3294589178356714e+16,303.22864296819716,1
Si,thick Si: $t_s=7$ um,1.3324649298597194e+16,303.22864296819716,1
Si,thick Si: $t_s=7$ um,1.3354709418837674e+16,303.22864296819716,1
Si,thick Si: $t_s=7$ um,1.3384769539078156e+16,303.22864296819716,1
Si,thick Si: $t_s=7$ um,1.3414829659318636e+16,303.22864296819716,1
Si,thick Si: $t_s=7$ um,1.3444889779559118e+16,303.22864296819716,1
Si,thick Si: $t_s=7$ um,1.3474949899799598e+16,303.22864296819716,1
Si,thick Si: $t_s=7$ um,1.350501002004008e+16,303.22864296819716,1
Si,thick Si: $t_s=7$ um,1.353507014028056e+16,303.22864296819716,1
Si,thick Si: $t_s=7$ um,1.3565130260521042e+16,303.22864296819716,1
Si,thick Si: $t_s=7$ um,1.3595190380761522e+16,303.22864296819716,1
Si,thick Si: $t_s=7$ um,1.3625250501002004e+16,303.22864296819716,1
Si,thick Si: $t_s=7$ um,1.3655310621242484e+16,303.22864296819716,1
Si,thick Si: $t_s=7$ um,1.3685370741482966e+16,303.22864296819716,1
Si,thick Si: $t_s=7$ um,1.3715430861723446e+16,303.22864296819716,1
Si,thick Si: $t_s=7$ um,1.3745490981963928e+16,303.22864296819716,1
Si,thick Si: $t_s=7$ um,1.3775551102204408e+16,303.22864296819716,1
Si,thick Si: $t_s=7$ um,1.380561122244489e+16,274.61190179789975,1
Si,thick Si: $t_s=7$ um,1.383567134268537e+16,172.1513461225022,0
Si,thick Si: $t_s=7$ um,1.3865731462925852e+16,171.8829755495219,0
Si,thick Si: $t_s=7$ um,1.3895791583166332e+16,171.61557914579083,0
Si,thick Si: $t_s=7$ um,1.3925851703406814e+16,171.34915136596217,0
Si,thick Si: $t_s=7$ um,1.3955911823647294e+16,171.08368670764494,0
Si,thick Si: $t_s=7$ um,1.3985971943887776e+16,170.81917971098355,0
Si,thick Si: $t_s=7$ um,1.4016032064128256e+16,170.55562495824222,0
Si,thick Si: $t_s=7$ um,1.4046092184368738e+16,170.293017073394,0
Si,thick Si: $t_s=7$ um,1.4076152304609218e+16,170.0313507217152,0
Si,thick Si: $t_s=7$ um,1.4106212424849698e+16,169.77062060938394,0
Si,thick Si: $t_s=7$ um,1.413627254509018e+16,169.51082148308404,0
Si,thick Si: $t_s=7$ um,1.416633266533066e+16,169.25194812961303,0
Si,thick Si: $t_s=7$ um,1.4196392785571142e+16,168.99399537549502,0
Si,thick Si: $t_s=7$ um,1.4226452905811622e+16,168.736958086598,0
Si,thick Si: $t_s=7$ um,1.4256513026052104e+16,168.48083116775572,0
Si,thick Si: $t_s=7$ um,1.4286573146292584e+16,168.2256095623937,0
Si,thick Si: $t_s=7$ um,1.4316633266533066e+16,167.97128825215972,0
Si,thick Si: $t_s=7$ um,1.4346693386773546e+16,167.7178622565588,0
Si,thick Si: $t_s=7$ um,1.4376753507014028e+16,167.46532663259197,0
Si,thick Si: $t_s=7$ um,1.4406813627254508e+16,167.2136764743995,0
Si,thick Si: $t_s=7$ um,1.443687374749499e+16,166.96290691290815,0
Si,thick Si: $t_s=7$ um,1.446693386773547e+16,166.71301311548248,0
Si,thick Si: $t_s=7$ um,1.4496993987975952e+16,166.4639902855801,0
Si,thick Si: $t_s=7$ um,1.4527054108216432e+16,166.21583366241092,0
Si,thick Si: $t_s=7$ um,1.4557114228456914e+16,165.96853852060022,0
Si,thick Si: $t_s=7$ um,1.4587174348697394e+16,165.72210016985568,0
Si,thick Si: $t_s=7$ um,1.4617234468937876e+16,165.4765139546382,0
Si,thick Si: $t_s=7$ um,1.4647294589178356e+16,165.231775253836,0
Si,thick Si: $t_s=7$ um,1.4677354709418838e+16,164.98787948044324,0
Si,thick Si: $t_s=7$ um,1.4707414829659318e+16,164.74482208124155,0
Si,thick Si: $t_s=7$ um,1.47374749498998e+16,164.50259853648535,0
Si,thick Si: $t_s=7$ um,1.476753507014028e+16,164.26120435959098,0
Si,thick Si: $t_s=7$ um,1.4797595190380762e+16,164.0206350968289,0
Si,thick Si: $t_s=7$ um,1.4827655310621242e+16,163.78088632701972,0
Si,thick Si: $t_s=7$ um,1.4857715430861722e+16,163.54195366123326,0
Si,thick Si: $t_s=7$ um,1.4887775551102204e+16,163.30383274249138,0
Si,thick Si: $t_s=7$ um,1.4917835671342684e+16,163.0665192454737,0
Si,thick Si: $t_s=7$ um,1.4947895791583166e+16,162.83000887622703,0
Si,thick Si: $t_s=7$ um,1.4977955911823646e+16,162.5942973718775,0
Si,thick Si: $t_s=7$ um,1.5008016032064128e+16,162.35938050034648,0
Si,thick Si: $t_s=7$ um,1.5038076152304608e+16,162.1252540600691,0
Si,thick Si: $t_s=7$ um,1.506813627254509e+16,161.89191387971616,0
Si,thick Si: $t_s=7$ um,1.509819639278557e+16,161.65935581791916,0
Si,thick Si: $t_s=7$ um,1.5128256513026052e+16,161.42757576299812,0
Si,thick Si: $t_s=7$ um,1.5158316633266532e+16,161.1965696326926,0
Si,thick Si: $t_s=7$ um,1.5188376753507014e+16,160.96633337389545,0
Si,thick Si: $t_s=7$ um,1.5218436873747494e+16,160.73686296238975,0
Si,thick Si: $t_s=7$ um,1.5248496993987976e+16,160.50815440258827,0
Si,thick Si: $t_s=7$ um,1.5278557114228456e+16,160.2802037272763,0
Si,thick Si: $t_s=7$ um,1.5308617234468938e+16,160.05300699735648,0
Si,thick Si: $t_s=7$ um,1.5338677354709418e+16,159.8265603015971,0
Si,thick Si: $t_s=7$ um,1.53687374749499e+16,159.60085975638316,0
Si,thick Si: $t_s=7$ um,1.539879759519038e+16,159.37590150546913,0
Si,thick Si: $t_s=7$ um,1.5428857715430862e+16,159.1516817197358,0
Si,thick Si: $t_s=7$ um,1.5458917835671342e+16,158.9281965969486,0
Si,thick Si: $t_s=7$ um,1.5488977955911824e+16,158.70544236151912,0
Si,thick Si: $t_s=7$ um,1.5519038076152304e+16,158.48341526426896,0
Si,thick Si: $t_s=7$ um,1.5549098196392786e+16,158.2621115821962,0
Si,thick Si: $t_s=7$ um,1.5579158316633266e+16,158.04152761824434,0
Si,thick Si: $t_s=7$ um,1.5609218436873748e+16,157.82165970107366,0
Si,thick Si: $t_s=7$ um,1.5639278557114228e+16,157.60250418483503,0
Si,thick Si: $t_s=7$ um,1.5669338677354708e+16,157.3840574489462,0
Si,thick Si: $t_s=7$ um,1.569939879759519e+16,157.16631589787042,0
Si,thick Si: $t_s=7$ um,1.572945891783567e+16,156.9492759608973,0
Si,thick Si: $t_s=7$ um,1.5759519038076152e+16,156.73293409192615,0
Si,thick Si: $t_s=7$ um,1.5789579158316632e+16,156.5172867692515,0
Si,thick Si: $t_s=7$ um,1.5819639278557114e+16,156.30233049535104,0
Si,thick Si: $t_s=7$ um,1.5849699398797594e+16,156.08806179667536,0
Si,thick Si: $t_s=7$ um,1.5879759519038076e+16,155.87447722344044,0
Si,thick Si: $t_s=7$ um,1.5909819639278556e+16,155.66157334942204,0
Si,thick Si: $t_s=7$ um,1.5939879759519038e+16,155.4493467717523,0
Si,thick Si: $t_s=7$ um,1.5969939879759518e+16,155.23779411071814,0
Si,thick Si: $t_s=7$ um,1.6e+16,155.02691200956244,0
